Id,MSSubClass,MSZoning,LotFrontage,LotArea,Street,Alley,LotShape,LandContour,Utilities,LotConfig,LandSlope,Neighborhood,Condition1,Condition2,BldgType,HouseStyle,OverallQual,OverallCond,YearBuilt,YearRemodAdd,RoofStyle,RoofMatl,Exterior1st,Exterior2nd,MasVnrType,MasVnrArea,ExterQual,ExterCond,Foundation,BsmtQual,BsmtCond,BsmtExposure,BsmtFinType1,BsmtFinSF1,BsmtFinType2,BsmtFinSF2,BsmtUnfSF,TotalBsmtSF,Heating,HeatingQC,CentralAir,Electrical,1stFlrSF,2ndFlrSF,LowQualFinSF,GrLivArea,BsmtFullBath,BsmtHalfBath,FullBath,HalfBath,BedroomAbvGr,KitchenAbvGr,KitchenQual,TotRmsAbvGrd,Functional,Fireplaces,FireplaceQu,GarageType,GarageYrBlt,GarageFinish,GarageCars,GarageArea,GarageQual,GarageCond,PavedDrive,WoodDeckSF,OpenPorchSF,EnclosedPorch,3SsnPorch,ScreenPorch,PoolArea,PoolQC,Fence,MiscFeature,MiscVal,MoSold,YrSold,SaleType,SaleCondition,SalePrice
1,60,RL,65.0,8450,PAVE,,REG,LVL,ALLPUB,INSIDE,GTL,COLLGCR,NORM,NORM,1FAM,2STORY,7,5,2003-01-01,2003-01-01,GABLE,COMPSHG,VINYLSD,VINYLSD,BRKFACE,196.0,GD,TA,PCONC,GD,TA,NO,GLQ,706,UNF,0,150,856,GASA,EX,Y,SBRKR,856,854,0,1710,1,0,2,1,3,1,GD,8,TYP,0,,ATTCHD,2003.0,RFN,2,548,TA,TA,Y,0,61,0,0,0,0,,,,0,2,2008-01-01,WD,NORMAL,208500
2,20,RL,80.0,9600,PAVE,,REG,LVL,ALLPUB,FR2,GTL,VEENKER,FEEDR,NORM,1FAM,1STORY,6,8,1976-01-01,1976-01-01,GABLE,COMPSHG,METALSD,METALSD,,0.0,TA,TA,CBLOCK,GD,TA,GD,ALQ,978,UNF,0,284,1262,GASA,EX,Y,SBRKR,1262,0,0,1262,0,1,2,0,3,1,TA,6,TYP,1,TA,ATTCHD,1976.0,RFN,2,460,TA,TA,Y,298,0,0,0,0,0,,,,0,5,2007-01-01,WD,NORMAL,181500
3,60,RL,68.0,11250,PAVE,,IR1,LVL,ALLPUB,INSIDE,GTL,COLLGCR,NORM,NORM,1FAM,2STORY,7,5,2001-01-01,2002-01-01,GABLE,COMPSHG,VINYLSD,VINYLSD,BRKFACE,162.0,GD,TA,PCONC,GD,TA,MN,GLQ,486,UNF,0,434,920,GASA,EX,Y,SBRKR,920,866,0,1786,1,0,2,1,3,1,GD,6,TYP,1,TA,ATTCHD,2001.0,RFN,2,608,TA,TA,Y,0,42,0,0,0,0,,,,0,9,2008-01-01,WD,NORMAL,223500
4,70,RL,60.0,9550,PAVE,,IR1,LVL,ALLPUB,CORNER,GTL,CRAWFOR,NORM,NORM,1FAM,2STORY,7,5,1915-01-01,1970-01-01,GABLE,COMPSHG,WD SDNG,WD SHNG,,0.0,TA,TA,BRKTIL,TA,GD,NO,ALQ,216,UNF,0,540,756,GASA,GD,Y,SBRKR,961,756,0,1717,1,0,1,0,3,1,GD,7,TYP,1,GD,DETCHD,1998.0,UNF,3,642,TA,TA,Y,0,35,272,0,0,0,,,,0,2,2006-01-01,WD,ABNORML,140000
5,60,RL,84.0,14260,PAVE,,IR1,LVL,ALLPUB,FR2,GTL,NORIDGE,NORM,NORM,1FAM,2STORY,8,5,2000-01-01,2000-01-01,GABLE,COMPSHG,VINYLSD,VINYLSD,BRKFACE,350.0,GD,TA,PCONC,GD,TA,AV,GLQ,655,UNF,0,490,1145,GASA,EX,Y,SBRKR,1145,1053,0,2198,1,0,2,1,4,1,GD,9,TYP,1,TA,ATTCHD,2000.0,RFN,3,836,TA,TA,Y,192,84,0,0,0,0,,,,0,12,2008-01-01,WD,NORMAL,250000
6,50,RL,85.0,14115,PAVE,,IR1,LVL,ALLPUB,INSIDE,GTL,MITCHEL,NORM,NORM,1FAM,1.5FIN,5,5,1993-01-01,1995-01-01,GABLE,COMPSHG,VINYLSD,VINYLSD,,0.0,TA,TA,WOOD,GD,TA,NO,GLQ,732,UNF,0,64,796,GASA,EX,Y,SBRKR,796,566,0,1362,1,0,1,1,1,1,TA,5,TYP,0,,ATTCHD,1993.0,UNF,2,480,TA,TA,Y,40,30,0,320,0,0,,MNPRV,SHED,700,10,2009-01-01,WD,NORMAL,143000
7,20,RL,75.0,10084,PAVE,,REG,LVL,ALLPUB,INSIDE,GTL,SOMERST,NORM,NORM,1FAM,1STORY,8,5,2004-01-01,2005-01-01,GABLE,COMPSHG,VINYLSD,VINYLSD,STONE,186.0,GD,TA,PCONC,EX,TA,AV,GLQ,1369,UNF,0,317,1686,GASA,EX,Y,SBRKR,1694,0,0,1694,1,0,2,0,3,1,GD,7,TYP,1,GD,ATTCHD,2004.0,RFN,2,636,TA,TA,Y,255,57,0,0,0,0,,,,0,8,2007-01-01,WD,NORMAL,307000
8,60,RL,,10382,PAVE,,IR1,LVL,ALLPUB,CORNER,GTL,NWAMES,POSN,NORM,1FAM,2STORY,7,6,1973-01-01,1973-01-01,GABLE,COMPSHG,HDBOARD,HDBOARD,STONE,240.0,TA,TA,CBLOCK,GD,TA,MN,ALQ,859,BLQ,32,216,1107,GASA,EX,Y,SBRKR,1107,983,0,2090,1,0,2,1,3,1,TA,7,TYP,2,TA,ATTCHD,1973.0,RFN,2,484,TA,TA,Y,235,204,228,0,0,0,,,SHED,350,11,2009-01-01,WD,NORMAL,200000
9,50,RM,51.0,6120,PAVE,,REG,LVL,ALLPUB,INSIDE,GTL,OLDTOWN,ARTERY,NORM,1FAM,1.5FIN,7,5,1931-01-01,1950-01-01,GABLE,COMPSHG,BRKFACE,WD SHNG,,0.0,TA,TA,BRKTIL,TA,TA,NO,UNF,0,UNF,0,952,952,GASA,GD,Y,FUSEF,1022,752,0,1774,0,0,2,0,2,2,TA,8,MIN1,2,TA,DETCHD,1931.0,UNF,2,468,FA,TA,Y,90,0,205,0,0,0,,,,0,4,2008-01-01,WD,ABNORML,129900
10,190,RL,50.0,7420,PAVE,,REG,LVL,ALLPUB,CORNER,GTL,BRKSIDE,ARTERY,ARTERY,2FMCON,1.5UNF,5,6,1939-01-01,1950-01-01,GABLE,COMPSHG,METALSD,METALSD,,0.0,TA,TA,BRKTIL,TA,TA,NO,GLQ,851,UNF,0,140,991,GASA,EX,Y,SBRKR,1077,0,0,1077,1,0,1,0,2,2,TA,5,TYP,2,TA,ATTCHD,1939.0,RFN,1,205,GD,TA,Y,0,4,0,0,0,0,,,,0,1,2008-01-01,WD,NORMAL,118000
11,20,RL,70.0,11200,PAVE,,REG,LVL,ALLPUB,INSIDE,GTL,SAWYER,NORM,NORM,1FAM,1STORY,5,5,1965-01-01,1965-01-01,HIP,COMPSHG,HDBOARD,HDBOARD,,0.0,TA,TA,CBLOCK,TA,TA,NO,REC,906,UNF,0,134,1040,GASA,EX,Y,SBRKR,1040,0,0,1040,1,0,1,0,3,1,TA,5,TYP,0,,DETCHD,1965.0,UNF,1,384,TA,TA,Y,0,0,0,0,0,0,,,,0,2,2008-01-01,WD,NORMAL,129500
12,60,RL,85.0,11924,PAVE,,IR1,LVL,ALLPUB,INSIDE,GTL,NRIDGHT,NORM,NORM,1FAM,2STORY,9,5,2005-01-01,2006-01-01,HIP,COMPSHG,WDSHING,WD SHNG,STONE,286.0,EX,TA,PCONC,EX,TA,NO,GLQ,998,UNF,0,177,1175,GASA,EX,Y,SBRKR,1182,1142,0,2324,1,0,3,0,4,1,EX,11,TYP,2,GD,BUILTIN,2005.0,FIN,3,736,TA,TA,Y,147,21,0,0,0,0,,,,0,7,2006-01-01,NEW,PARTIAL,345000
13,20,RL,,12968,PAVE,,IR2,LVL,ALLPUB,INSIDE,GTL,SAWYER,NORM,NORM,1FAM,1STORY,5,6,1962-01-01,1962-01-01,HIP,COMPSHG,HDBOARD,PLYWOOD,,0.0,TA,TA,CBLOCK,TA,TA,NO,ALQ,737,UNF,0,175,912,GASA,TA,Y,SBRKR,912,0,0,912,1,0,1,0,2,1,TA,4,TYP,0,,DETCHD,1962.0,UNF,1,352,TA,TA,Y,140,0,0,0,176,0,,,,0,9,2008-01-01,WD,NORMAL,144000
14,20,RL,91.0,10652,PAVE,,IR1,LVL,ALLPUB,INSIDE,GTL,COLLGCR,NORM,NORM,1FAM,1STORY,7,5,2006-01-01,2007-01-01,GABLE,COMPSHG,VINYLSD,VINYLSD,STONE,306.0,GD,TA,PCONC,GD,TA,AV,UNF,0,UNF,0,1494,1494,GASA,EX,Y,SBRKR,1494,0,0,1494,0,0,2,0,3,1,GD,7,TYP,1,GD,ATTCHD,2006.0,RFN,3,840,TA,TA,Y,160,33,0,0,0,0,,,,0,8,2007-01-01,NEW,PARTIAL,279500
15,20,RL,,10920,PAVE,,IR1,LVL,ALLPUB,CORNER,GTL,NAMES,NORM,NORM,1FAM,1STORY,6,5,1960-01-01,1960-01-01,HIP,COMPSHG,METALSD,METALSD,BRKFACE,212.0,TA,TA,CBLOCK,TA,TA,NO,BLQ,733,UNF,0,520,1253,GASA,TA,Y,SBRKR,1253,0,0,1253,1,0,1,1,2,1,TA,5,TYP,1,FA,ATTCHD,1960.0,RFN,1,352,TA,TA,Y,0,213,176,0,0,0,,GDWO,,0,5,2008-01-01,WD,NORMAL,157000
16,45,RM,51.0,6120,PAVE,,REG,LVL,ALLPUB,CORNER,GTL,BRKSIDE,NORM,NORM,1FAM,1.5UNF,7,8,1929-01-01,2001-01-01,GABLE,COMPSHG,WD SDNG,WD SDNG,,0.0,TA,TA,BRKTIL,TA,TA,NO,UNF,0,UNF,0,832,832,GASA,EX,Y,FUSEA,854,0,0,854,0,0,1,0,2,1,TA,5,TYP,0,,DETCHD,1991.0,UNF,2,576,TA,TA,Y,48,112,0,0,0,0,,GDPRV,,0,7,2007-01-01,WD,NORMAL,132000
17,20,RL,,11241,PAVE,,IR1,LVL,ALLPUB,CULDSAC,GTL,NAMES,NORM,NORM,1FAM,1STORY,6,7,1970-01-01,1970-01-01,GABLE,COMPSHG,WD SDNG,WD SDNG,BRKFACE,180.0,TA,TA,CBLOCK,TA,TA,NO,ALQ,578,UNF,0,426,1004,GASA,EX,Y,SBRKR,1004,0,0,1004,1,0,1,0,2,1,TA,5,TYP,1,TA,ATTCHD,1970.0,FIN,2,480,TA,TA,Y,0,0,0,0,0,0,,,SHED,700,3,2010-01-01,WD,NORMAL,149000
18,90,RL,72.0,10791,PAVE,,REG,LVL,ALLPUB,INSIDE,GTL,SAWYER,NORM,NORM,DUPLEX,1STORY,4,5,1967-01-01,1967-01-01,GABLE,COMPSHG,METALSD,METALSD,,0.0,TA,TA,SLAB,,,,,0,,0,0,0,GASA,TA,Y,SBRKR,1296,0,0,1296,0,0,2,0,2,2,TA,6,TYP,0,,CARPORT,1967.0,UNF,2,516,TA,TA,Y,0,0,0,0,0,0,,,SHED,500,10,2006-01-01,WD,NORMAL,90000
19,20,RL,66.0,13695,PAVE,,REG,LVL,ALLPUB,INSIDE,GTL,SAWYERW,RRAE,NORM,1FAM,1STORY,5,5,2004-01-01,2004-01-01,GABLE,COMPSHG,VINYLSD,VINYLSD,,0.0,TA,TA,PCONC,TA,TA,NO,GLQ,646,UNF,0,468,1114,GASA,EX,Y,SBRKR,1114,0,0,1114,1,0,1,1,3,1,GD,6,TYP,0,,DETCHD,2004.0,UNF,2,576,TA,TA,Y,0,102,0,0,0,0,,,,0,6,2008-01-01,WD,NORMAL,159000
20,20,RL,70.0,7560,PAVE,,REG,LVL,ALLPUB,INSIDE,GTL,NAMES,NORM,NORM,1FAM,1STORY,5,6,1958-01-01,1965-01-01,HIP,COMPSHG,BRKFACE,PLYWOOD,,0.0,TA,TA,CBLOCK,TA,TA,NO,LWQ,504,UNF,0,525,1029,GASA,TA,Y,SBRKR,1339,0,0,1339,0,0,1,0,3,1,TA,6,MIN1,0,,ATTCHD,1958.0,UNF,1,294,TA,TA,Y,0,0,0,0,0,0,,MNPRV,,0,5,2009-01-01,COD,ABNORML,139000
21,60,RL,101.0,14215,PAVE,,IR1,LVL,ALLPUB,CORNER,GTL,NRIDGHT,NORM,NORM,1FAM,2STORY,8,5,2005-01-01,2006-01-01,GABLE,COMPSHG,VINYLSD,VINYLSD,BRKFACE,380.0,GD,TA,PCONC,EX,TA,AV,UNF,0,UNF,0,1158,1158,GASA,EX,Y,SBRKR,1158,1218,0,2376,0,0,3,1,4,1,GD,9,TYP,1,GD,BUILTIN,2005.0,RFN,3,853,TA,TA,Y,240,154,0,0,0,0,,,,0,11,2006-01-01,NEW,PARTIAL,325300
22,45,RM,57.0,7449,PAVE,GRVL,REG,BNK,ALLPUB,INSIDE,GTL,IDOTRR,NORM,NORM,1FAM,1.5UNF,7,7,1930-01-01,1950-01-01,GABLE,COMPSHG,WD SDNG,WD SDNG,,0.0,TA,TA,PCONC,TA,TA,NO,UNF,0,UNF,0,637,637,GASA,EX,Y,FUSEF,1108,0,0,1108,0,0,1,0,3,1,GD,6,TYP,1,GD,ATTCHD,1930.0,UNF,1,280,TA,TA,N,0,0,205,0,0,0,,GDPRV,,0,6,2007-01-01,WD,NORMAL,139400
23,20,RL,75.0,9742,PAVE,,REG,LVL,ALLPUB,INSIDE,GTL,COLLGCR,NORM,NORM,1FAM,1STORY,8,5,2002-01-01,2002-01-01,HIP,COMPSHG,VINYLSD,VINYLSD,BRKFACE,281.0,GD,TA,PCONC,GD,TA,NO,UNF,0,UNF,0,1777,1777,GASA,EX,Y,SBRKR,1795,0,0,1795,0,0,2,0,3,1,GD,7,TYP,1,GD,ATTCHD,2002.0,RFN,2,534,TA,TA,Y,171,159,0,0,0,0,,,,0,9,2008-01-01,WD,NORMAL,230000
24,120,RM,44.0,4224,PAVE,,REG,LVL,ALLPUB,INSIDE,GTL,MEADOWV,NORM,NORM,TWNHSE,1STORY,5,7,1976-01-01,1976-01-01,GABLE,COMPSHG,CEMNTBD,CMENTBD,,0.0,TA,TA,PCONC,GD,TA,NO,GLQ,840,UNF,0,200,1040,GASA,TA,Y,SBRKR,1060,0,0,1060,1,0,1,0,3,1,TA,6,TYP,1,TA,ATTCHD,1976.0,UNF,2,572,TA,TA,Y,100,110,0,0,0,0,,,,0,6,2007-01-01,WD,NORMAL,129900
25,20,RL,,8246,PAVE,,IR1,LVL,ALLPUB,INSIDE,GTL,SAWYER,NORM,NORM,1FAM,1STORY,5,8,1968-01-01,2001-01-01,GABLE,COMPSHG,PLYWOOD,PLYWOOD,,0.0,TA,GD,CBLOCK,TA,TA,MN,REC,188,ALQ,668,204,1060,GASA,EX,Y,SBRKR,1060,0,0,1060,1,0,1,0,3,1,GD,6,TYP,1,TA,ATTCHD,1968.0,UNF,1,270,TA,TA,Y,406,90,0,0,0,0,,MNPRV,,0,5,2010-01-01,WD,NORMAL,154000
26,20,RL,110.0,14230,PAVE,,REG,LVL,ALLPUB,CORNER,GTL,NRIDGHT,NORM,NORM,1FAM,1STORY,8,5,2007-01-01,2007-01-01,GABLE,COMPSHG,VINYLSD,VINYLSD,STONE,640.0,GD,TA,PCONC,GD,TA,NO,UNF,0,UNF,0,1566,1566,GASA,EX,Y,SBRKR,1600,0,0,1600,0,0,2,0,3,1,GD,7,TYP,1,GD,ATTCHD,2007.0,RFN,3,890,TA,TA,Y,0,56,0,0,0,0,,,,0,7,2009-01-01,WD,NORMAL,256300
27,20,RL,60.0,7200,PAVE,,REG,LVL,ALLPUB,CORNER,GTL,NAMES,NORM,NORM,1FAM,1STORY,5,7,1951-01-01,2000-01-01,GABLE,COMPSHG,WD SDNG,WD SDNG,,0.0,TA,TA,CBLOCK,TA,TA,MN,BLQ,234,REC,486,180,900,GASA,TA,Y,SBRKR,900,0,0,900,0,1,1,0,3,1,GD,5,TYP,0,,DETCHD,2005.0,UNF,2,576,TA,TA,Y,222,32,0,0,0,0,,,,0,5,2010-01-01,WD,NORMAL,134800
28,20,RL,98.0,11478,PAVE,,REG,LVL,ALLPUB,INSIDE,GTL,NRIDGHT,NORM,NORM,1FAM,1STORY,8,5,2007-01-01,2008-01-01,GABLE,COMPSHG,VINYLSD,VINYLSD,STONE,200.0,GD,TA,PCONC,EX,TA,NO,GLQ,1218,UNF,0,486,1704,GASA,EX,Y,SBRKR,1704,0,0,1704,1,0,2,0,3,1,GD,7,TYP,1,GD,ATTCHD,2008.0,RFN,3,772,TA,TA,Y,0,50,0,0,0,0,,,,0,5,2010-01-01,WD,NORMAL,306000
29,20,RL,47.0,16321,PAVE,,IR1,LVL,ALLPUB,CULDSAC,GTL,NAMES,NORM,NORM,1FAM,1STORY,5,6,1957-01-01,1997-01-01,GABLE,COMPSHG,METALSD,METALSD,,0.0,TA,TA,CBLOCK,TA,TA,GD,BLQ,1277,UNF,0,207,1484,GASA,TA,Y,SBRKR,1600,0,0,1600,1,0,1,0,2,1,TA,6,TYP,2,GD,ATTCHD,1957.0,RFN,1,319,TA,TA,Y,288,258,0,0,0,0,,,,0,12,2006-01-01,WD,NORMAL,207500
30,30,RM,60.0,6324,PAVE,,IR1,LVL,ALLPUB,INSIDE,GTL,BRKSIDE,FEEDR,RRNN,1FAM,1STORY,4,6,1927-01-01,1950-01-01,GABLE,COMPSHG,METALSD,METALSD,,0.0,TA,TA,BRKTIL,TA,TA,NO,UNF,0,UNF,0,520,520,GASA,FA,N,SBRKR,520,0,0,520,0,0,1,0,1,1,FA,4,TYP,0,,DETCHD,1920.0,UNF,1,240,FA,TA,Y,49,0,87,0,0,0,,,,0,5,2008-01-01,WD,NORMAL,68500
31,70,C (ALL),50.0,8500,PAVE,PAVE,REG,LVL,ALLPUB,INSIDE,GTL,IDOTRR,FEEDR,NORM,1FAM,2STORY,4,4,1920-01-01,1950-01-01,GAMBREL,COMPSHG,BRKFACE,BRKFACE,,0.0,TA,FA,BRKTIL,TA,TA,NO,UNF,0,UNF,0,649,649,GASA,TA,N,SBRKR,649,668,0,1317,0,0,1,0,3,1,TA,6,TYP,0,,DETCHD,1920.0,UNF,1,250,TA,FA,N,0,54,172,0,0,0,,MNPRV,,0,7,2008-01-01,WD,NORMAL,40000
32,20,RL,,8544,PAVE,,IR1,LVL,ALLPUB,CULDSAC,GTL,SAWYER,NORM,NORM,1FAM,1STORY,5,6,1966-01-01,2006-01-01,GABLE,COMPSHG,HDBOARD,HDBOARD,,0.0,TA,TA,CBLOCK,TA,TA,NO,UNF,0,UNF,0,1228,1228,GASA,GD,Y,SBRKR,1228,0,0,1228,0,0,1,1,3,1,GD,6,TYP,0,,ATTCHD,1966.0,UNF,1,271,TA,TA,Y,0,65,0,0,0,0,,MNPRV,,0,6,2008-01-01,WD,NORMAL,149350
33,20,RL,85.0,11049,PAVE,,REG,LVL,ALLPUB,CORNER,GTL,COLLGCR,NORM,NORM,1FAM,1STORY,8,5,2007-01-01,2007-01-01,GABLE,COMPSHG,VINYLSD,VINYLSD,,0.0,GD,TA,PCONC,EX,TA,AV,UNF,0,UNF,0,1234,1234,GASA,EX,Y,SBRKR,1234,0,0,1234,0,0,2,0,3,1,GD,7,TYP,0,,ATTCHD,2007.0,RFN,2,484,TA,TA,Y,0,30,0,0,0,0,,,,0,1,2008-01-01,WD,NORMAL,179900
34,20,RL,70.0,10552,PAVE,,IR1,LVL,ALLPUB,INSIDE,GTL,NAMES,NORM,NORM,1FAM,1STORY,5,5,1959-01-01,1959-01-01,HIP,COMPSHG,BRKFACE,BRKFACE,,0.0,TA,TA,CBLOCK,TA,TA,NO,REC,1018,UNF,0,380,1398,GASA,GD,Y,SBRKR,1700,0,0,1700,0,1,1,1,4,1,GD,6,TYP,1,GD,ATTCHD,1959.0,RFN,2,447,TA,TA,Y,0,38,0,0,0,0,,,,0,4,2010-01-01,WD,NORMAL,165500
35,120,RL,60.0,7313,PAVE,,REG,LVL,ALLPUB,INSIDE,GTL,NRIDGHT,NORM,NORM,TWNHSE,1STORY,9,5,2005-01-01,2005-01-01,HIP,COMPSHG,METALSD,METALSD,BRKFACE,246.0,EX,TA,PCONC,EX,TA,NO,GLQ,1153,UNF,0,408,1561,GASA,EX,Y,SBRKR,1561,0,0,1561,1,0,2,0,2,1,EX,6,TYP,1,GD,ATTCHD,2005.0,FIN,2,556,TA,TA,Y,203,47,0,0,0,0,,,,0,8,2007-01-01,WD,NORMAL,277500
36,60,RL,108.0,13418,PAVE,,REG,LVL,ALLPUB,INSIDE,GTL,NRIDGHT,NORM,NORM,1FAM,2STORY,8,5,2004-01-01,2005-01-01,GABLE,COMPSHG,VINYLSD,VINYLSD,STONE,132.0,GD,TA,PCONC,EX,TA,AV,UNF,0,UNF,0,1117,1117,GASA,EX,Y,SBRKR,1132,1320,0,2452,0,0,3,1,4,1,GD,9,TYP,1,GD,BUILTIN,2004.0,FIN,3,691,TA,TA,Y,113,32,0,0,0,0,,,,0,9,2006-01-01,WD,NORMAL,309000
37,20,RL,112.0,10859,PAVE,,REG,LVL,ALLPUB,CORNER,GTL,COLLGCR,NORM,NORM,1FAM,1STORY,5,5,1994-01-01,1995-01-01,GABLE,COMPSHG,VINYLSD,VINYLSD,,0.0,TA,TA,PCONC,GD,TA,NO,UNF,0,UNF,0,1097,1097,GASA,EX,Y,SBRKR,1097,0,0,1097,0,0,1,1,3,1,TA,6,TYP,0,,ATTCHD,1995.0,UNF,2,672,TA,TA,Y,392,64,0,0,0,0,,,,0,6,2009-01-01,WD,NORMAL,145000
38,20,RL,74.0,8532,PAVE,,REG,LVL,ALLPUB,INSIDE,GTL,NAMES,NORM,NORM,1FAM,1STORY,5,6,1954-01-01,1990-01-01,HIP,COMPSHG,WD SDNG,WD SDNG,BRKFACE,650.0,TA,TA,CBLOCK,TA,TA,NO,REC,1213,UNF,0,84,1297,GASA,GD,Y,SBRKR,1297,0,0,1297,0,1,1,0,3,1,TA,5,TYP,1,TA,ATTCHD,1954.0,FIN,2,498,TA,TA,Y,0,0,0,0,0,0,,,,0,10,2009-01-01,WD,NORMAL,153000
39,20,RL,68.0,7922,PAVE,,REG,LVL,ALLPUB,INSIDE,GTL,NAMES,NORM,NORM,1FAM,1STORY,5,7,1953-01-01,2007-01-01,GABLE,COMPSHG,VINYLSD,VINYLSD,,0.0,TA,GD,CBLOCK,TA,TA,NO,GLQ,731,UNF,0,326,1057,GASA,TA,Y,SBRKR,1057,0,0,1057,1,0,1,0,3,1,GD,5,TYP,0,,DETCHD,1953.0,UNF,1,246,TA,TA,Y,0,52,0,0,0,0,,,,0,1,2010-01-01,WD,ABNORML,109000
40,90,RL,65.0,6040,PAVE,,REG,LVL,ALLPUB,INSIDE,GTL,EDWARDS,NORM,NORM,DUPLEX,1STORY,4,5,1955-01-01,1955-01-01,GABLE,COMPSHG,ASBSHNG,PLYWOOD,,0.0,TA,TA,PCONC,,,,,0,,0,0,0,GASA,TA,N,FUSEP,1152,0,0,1152,0,0,2,0,2,2,FA,6,TYP,0,,,,,0,0,,,N,0,0,0,0,0,0,,,,0,6,2008-01-01,WD,ADJLAND,82000
41,20,RL,84.0,8658,PAVE,,REG,LVL,ALLPUB,INSIDE,GTL,NAMES,NORM,NORM,1FAM,1STORY,6,5,1965-01-01,1965-01-01,GABLE,COMPSHG,WD SDNG,WD SDNG,BRKFACE,101.0,TA,TA,CBLOCK,TA,TA,NO,REC,643,UNF,0,445,1088,GASA,EX,Y,SBRKR,1324,0,0,1324,0,0,2,0,3,1,TA,6,TYP,1,TA,ATTCHD,1965.0,RFN,2,440,TA,TA,Y,0,138,0,0,0,0,,GDWO,,0,12,2006-01-01,WD,ABNORML,160000
42,20,RL,115.0,16905,PAVE,,REG,LVL,ALLPUB,INSIDE,GTL,TIMBER,NORM,NORM,1FAM,1STORY,5,6,1959-01-01,1959-01-01,GABLE,COMPSHG,VINYLSD,VINYLSD,,0.0,TA,GD,CBLOCK,TA,TA,GD,BLQ,967,UNF,0,383,1350,GASA,GD,Y,SBRKR,1328,0,0,1328,0,1,1,1,2,1,TA,5,TYP,2,GD,ATTCHD,1959.0,RFN,1,308,TA,TA,P,0,104,0,0,0,0,,,,0,7,2007-01-01,WD,NORMAL,170000
43,85,RL,,9180,PAVE,,IR1,LVL,ALLPUB,CULDSAC,GTL,SAWYERW,NORM,NORM,1FAM,SFOYER,5,7,1983-01-01,1983-01-01,GABLE,COMPSHG,HDBOARD,HDBOARD,,0.0,TA,TA,CBLOCK,GD,TA,AV,ALQ,747,LWQ,93,0,840,GASA,GD,Y,SBRKR,884,0,0,884,1,0,1,0,2,1,GD,5,TYP,0,,ATTCHD,1983.0,RFN,2,504,TA,GD,Y,240,0,0,0,0,0,,MNPRV,,0,12,2007-01-01,WD,NORMAL,144000
44,20,RL,,9200,PAVE,,IR1,LVL,ALLPUB,CULDSAC,GTL,COLLGCR,NORM,NORM,1FAM,1STORY,5,6,1975-01-01,1980-01-01,HIP,COMPSHG,VINYLSD,VINYLSD,,0.0,TA,TA,CBLOCK,GD,TA,AV,LWQ,280,BLQ,491,167,938,GASA,TA,Y,SBRKR,938,0,0,938,1,0,1,0,3,1,TA,5,TYP,0,,DETCHD,1977.0,UNF,1,308,TA,TA,Y,145,0,0,0,0,0,,MNPRV,,0,7,2008-01-01,WD,NORMAL,130250
45,20,RL,70.0,7945,PAVE,,REG,LVL,ALLPUB,INSIDE,GTL,NAMES,NORM,NORM,1FAM,1STORY,5,6,1959-01-01,1959-01-01,GABLE,COMPSHG,BRKFACE,WD SDNG,,0.0,TA,TA,CBLOCK,TA,TA,NO,ALQ,179,BLQ,506,465,1150,GASA,EX,Y,FUSEA,1150,0,0,1150,1,0,1,0,3,1,TA,6,TYP,0,,ATTCHD,1959.0,RFN,1,300,TA,TA,Y,0,0,0,0,0,0,,,,0,5,2006-01-01,WD,NORMAL,141000
46,120,RL,61.0,7658,PAVE,,REG,LVL,ALLPUB,INSIDE,GTL,NRIDGHT,NORM,NORM,TWNHSE,1STORY,9,5,2005-01-01,2005-01-01,HIP,COMPSHG,METALSD,METALSD,BRKFACE,412.0,EX,TA,PCONC,EX,TA,NO,GLQ,456,UNF,0,1296,1752,GASA,EX,Y,SBRKR,1752,0,0,1752,1,0,2,0,2,1,EX,6,TYP,1,GD,ATTCHD,2005.0,RFN,2,576,TA,TA,Y,196,82,0,0,0,0,,,,0,2,2010-01-01,WD,NORMAL,319900
47,50,RL,48.0,12822,PAVE,,IR1,LVL,ALLPUB,CULDSAC,GTL,MITCHEL,NORM,NORM,1FAM,1.5FIN,7,5,2003-01-01,2003-01-01,GABLE,COMPSHG,VINYLSD,VINYLSD,,0.0,GD,TA,PCONC,EX,TA,NO,GLQ,1351,UNF,0,83,1434,GASA,EX,Y,SBRKR,1518,631,0,2149,1,0,1,1,1,1,GD,6,TYP,1,EX,ATTCHD,2003.0,RFN,2,670,TA,TA,Y,168,43,0,0,198,0,,,,0,8,2009-01-01,WD,ABNORML,239686
48,20,FV,84.0,11096,PAVE,,REG,LVL,ALLPUB,INSIDE,GTL,SOMERST,NORM,NORM,1FAM,1STORY,8,5,2006-01-01,2006-01-01,GABLE,COMPSHG,VINYLSD,VINYLSD,,0.0,GD,TA,PCONC,GD,TA,AV,GLQ,24,UNF,0,1632,1656,GASA,EX,Y,SBRKR,1656,0,0,1656,0,0,2,0,3,1,GD,7,TYP,0,,ATTCHD,2006.0,RFN,3,826,TA,TA,Y,0,146,0,0,0,0,,,,0,7,2007-01-01,WD,NORMAL,249700
49,190,RM,33.0,4456,PAVE,,REG,LVL,ALLPUB,INSIDE,GTL,OLDTOWN,NORM,NORM,2FMCON,2STORY,4,5,1920-01-01,2008-01-01,GABLE,COMPSHG,METALSD,METALSD,,0.0,TA,TA,BRKTIL,TA,TA,NO,UNF,0,UNF,0,736,736,GASA,GD,Y,SBRKR,736,716,0,1452,0,0,2,0,2,3,TA,8,TYP,0,,,,,0,0,,,N,0,0,102,0,0,0,,,,0,6,2009-01-01,NEW,PARTIAL,113000
50,20,RL,66.0,7742,PAVE,,REG,LVL,ALLPUB,INSIDE,GTL,SAWYER,NORM,NORM,1FAM,1STORY,5,7,1966-01-01,1966-01-01,GABLE,COMPSHG,HDBOARD,HDBOARD,,0.0,TA,TA,CBLOCK,TA,TA,NO,BLQ,763,UNF,0,192,955,GASA,EX,Y,SBRKR,955,0,0,955,1,0,1,0,3,1,TA,6,TYP,0,,ATTCHD,1966.0,UNF,1,386,TA,TA,Y,0,0,0,0,0,0,,MNPRV,,0,1,2007-01-01,WD,NORMAL,127000
51,60,RL,,13869,PAVE,,IR2,LVL,ALLPUB,CORNER,GTL,GILBERT,NORM,NORM,1FAM,2STORY,6,6,1997-01-01,1997-01-01,GABLE,COMPSHG,VINYLSD,VINYLSD,,0.0,TA,TA,PCONC,GD,TA,AV,GLQ,182,UNF,0,612,794,GASA,GD,Y,SBRKR,794,676,0,1470,0,1,2,0,3,1,TA,6,TYP,0,,ATTCHD,1997.0,FIN,2,388,TA,TA,Y,0,75,0,0,0,0,,,,0,7,2007-01-01,WD,NORMAL,177000
52,50,RM,52.0,6240,PAVE,,REG,LVL,ALLPUB,INSIDE,GTL,BRKSIDE,NORM,NORM,1FAM,1.5FIN,6,6,1934-01-01,1950-01-01,GABLE,COMPSHG,WD SDNG,WD SDNG,,0.0,TA,TA,PCONC,TA,TA,NO,UNF,0,UNF,0,816,816,GASA,TA,Y,SBRKR,816,0,360,1176,0,0,1,0,3,1,TA,6,TYP,1,GD,DETCHD,1985.0,UNF,2,528,TA,TA,Y,112,0,0,0,0,0,,MNPRV,SHED,400,9,2006-01-01,WD,NORMAL,114500
53,90,RM,110.0,8472,GRVL,,IR2,BNK,ALLPUB,CORNER,MOD,IDOTRR,RRNN,NORM,DUPLEX,1STORY,5,5,1963-01-01,1963-01-01,GABLE,COMPSHG,WD SDNG,WD SDNG,,0.0,FA,TA,CBLOCK,GD,TA,GD,LWQ,104,GLQ,712,0,816,GASA,TA,N,SBRKR,816,0,0,816,1,0,1,0,2,1,TA,5,TYP,0,,CARPORT,1963.0,UNF,2,516,TA,TA,Y,106,0,0,0,0,0,,,,0,5,2010-01-01,WD,NORMAL,110000
54,20,RL,68.0,50271,PAVE,,IR1,LOW,ALLPUB,INSIDE,GTL,VEENKER,NORM,NORM,1FAM,1STORY,9,5,1981-01-01,1987-01-01,GABLE,WDSHNGL,WDSHING,WD SHNG,,0.0,GD,TA,CBLOCK,EX,TA,GD,GLQ,1810,UNF,0,32,1842,GASA,GD,Y,SBRKR,1842,0,0,1842,2,0,0,1,0,1,GD,5,TYP,1,GD,ATTCHD,1981.0,FIN,3,894,TA,TA,Y,857,72,0,0,0,0,,,,0,11,2006-01-01,WD,NORMAL,385000
55,80,RL,60.0,7134,PAVE,,REG,BNK,ALLPUB,INSIDE,MOD,NAMES,NORM,NORM,1FAM,SLVL,5,5,1955-01-01,1955-01-01,GABLE,COMPSHG,METALSD,METALSD,,0.0,TA,TA,CBLOCK,TA,TA,NO,ALQ,384,UNF,0,0,384,GASA,TA,Y,SBRKR,1360,0,0,1360,0,0,1,0,3,1,TA,6,MIN1,1,TA,DETCHD,1962.0,UNF,2,572,TA,TA,Y,0,50,0,0,0,0,,MNPRV,,0,2,2007-01-01,WD,NORMAL,130000
56,20,RL,100.0,10175,PAVE,,IR1,LVL,ALLPUB,INSIDE,GTL,NAMES,NORM,NORM,1FAM,1STORY,6,5,1964-01-01,1964-01-01,GABLE,COMPSHG,HDBOARD,PLYWOOD,BRKFACE,272.0,TA,TA,CBLOCK,TA,TA,NO,BLQ,490,UNF,0,935,1425,GASA,GD,Y,SBRKR,1425,0,0,1425,0,0,2,0,3,1,TA,7,TYP,1,GD,ATTCHD,1964.0,RFN,2,576,TA,TA,Y,0,0,0,407,0,0,,,,0,7,2008-01-01,WD,NORMAL,180500
57,160,FV,24.0,2645,PAVE,PAVE,REG,LVL,ALLPUB,INSIDE,GTL,SOMERST,NORM,NORM,TWNHS,2STORY,8,5,1999-01-01,2000-01-01,GABLE,COMPSHG,METALSD,METALSD,BRKFACE,456.0,GD,TA,PCONC,GD,TA,NO,GLQ,649,UNF,0,321,970,GASA,EX,Y,SBRKR,983,756,0,1739,1,0,2,1,3,1,GD,7,TYP,0,,ATTCHD,1999.0,FIN,2,480,TA,TA,Y,115,0,0,0,0,0,,,,0,8,2009-01-01,WD,ABNORML,172500
58,60,RL,89.0,11645,PAVE,,IR1,LVL,ALLPUB,CORNER,GTL,COLLGCR,NORM,NORM,1FAM,2STORY,7,5,2004-01-01,2004-01-01,GABLE,COMPSHG,VINYLSD,VINYLSD,,0.0,GD,TA,PCONC,GD,TA,NO,UNF,0,UNF,0,860,860,GASA,EX,Y,SBRKR,860,860,0,1720,0,0,2,1,3,1,GD,7,TYP,0,,ATTCHD,2004.0,RFN,2,565,TA,TA,Y,0,70,0,0,0,0,,,,0,8,2006-01-01,WD,NORMAL,196500
59,60,RL,66.0,13682,PAVE,,IR2,HLS,ALLPUB,CULDSAC,GTL,STONEBR,NORM,NORM,1FAM,2STORY,10,5,2006-01-01,2006-01-01,HIP,COMPSHG,VINYLSD,VINYLSD,BRKFACE,1031.0,EX,TA,PCONC,EX,TA,GD,UNF,0,UNF,0,1410,1410,GASA,EX,Y,SBRKR,1426,1519,0,2945,0,0,3,1,3,1,GD,10,TYP,1,GD,BUILTIN,2006.0,FIN,3,641,TA,TA,Y,192,0,37,0,0,0,,,,0,10,2006-01-01,NEW,PARTIAL,438780
60,20,RL,60.0,7200,PAVE,,REG,BNK,ALLPUB,INSIDE,GTL,COLLGCR,NORM,NORM,1FAM,1STORY,5,7,1972-01-01,1972-01-01,GABLE,COMPSHG,HDBOARD,HDBOARD,,0.0,TA,TA,CBLOCK,TA,TA,AV,ALQ,632,UNF,0,148,780,GASA,EX,Y,SBRKR,780,0,0,780,0,0,1,0,2,1,TA,4,TYP,0,,DETCHD,1973.0,UNF,1,352,TA,TA,Y,196,0,0,0,0,0,,MNPRV,,0,1,2008-01-01,WD,NORMAL,124900
61,20,RL,63.0,13072,PAVE,,REG,LVL,ALLPUB,INSIDE,GTL,SAWYERW,RRAE,NORM,1FAM,1STORY,6,5,2004-01-01,2004-01-01,GABLE,COMPSHG,VINYLSD,VINYLSD,,0.0,TA,TA,PCONC,GD,TA,NO,ALQ,941,UNF,0,217,1158,GASA,EX,Y,SBRKR,1158,0,0,1158,1,0,1,1,3,1,GD,5,TYP,0,,DETCHD,2006.0,UNF,2,576,TA,TA,Y,0,50,0,0,0,0,,,,0,5,2006-01-01,NEW,PARTIAL,158000
62,75,RM,60.0,7200,PAVE,,REG,LVL,ALLPUB,INSIDE,GTL,IDOTRR,NORM,NORM,1FAM,2.5UNF,5,7,1920-01-01,1996-01-01,GABLE,COMPSHG,METALSD,METALSD,,0.0,TA,TA,BRKTIL,TA,FA,NO,UNF,0,UNF,0,530,530,GASA,TA,N,SBRKR,581,530,0,1111,0,0,1,0,3,1,FA,6,TYP,0,,DETCHD,1935.0,UNF,1,288,TA,TA,N,0,0,144,0,0,0,,,,0,3,2007-01-01,WD,NORMAL,101000
63,120,RL,44.0,6442,PAVE,,IR1,LVL,ALLPUB,INSIDE,GTL,NRIDGHT,NORM,NORM,TWNHSE,1STORY,8,5,2006-01-01,2006-01-01,GABLE,COMPSHG,VINYLSD,VINYLSD,STONE,178.0,GD,TA,PCONC,GD,GD,MN,GLQ,24,UNF,0,1346,1370,GASA,EX,Y,SBRKR,1370,0,0,1370,0,0,2,0,2,1,GD,6,TYP,1,GD,ATTCHD,2006.0,RFN,2,484,TA,TA,Y,120,49,0,0,0,0,,,,0,10,2007-01-01,WD,NORMAL,202500
64,70,RM,50.0,10300,PAVE,,IR1,BNK,ALLPUB,INSIDE,GTL,OLDTOWN,RRAN,FEEDR,1FAM,2STORY,7,6,1921-01-01,1950-01-01,GABLE,COMPSHG,STUCCO,STUCCO,,0.0,TA,TA,BRKTIL,TA,TA,NO,UNF,0,UNF,0,576,576,GASA,GD,Y,SBRKR,902,808,0,1710,0,0,2,0,3,1,TA,9,TYP,0,,DETCHD,1990.0,UNF,2,480,TA,TA,Y,12,11,64,0,0,0,,GDPRV,,0,4,2010-01-01,WD,NORMAL,140000
65,60,RL,,9375,PAVE,,REG,LVL,ALLPUB,INSIDE,GTL,COLLGCR,NORM,NORM,1FAM,2STORY,7,5,1997-01-01,1998-01-01,GABLE,COMPSHG,VINYLSD,VINYLSD,BRKFACE,573.0,TA,TA,PCONC,GD,TA,NO,GLQ,739,UNF,0,318,1057,GASA,EX,Y,SBRKR,1057,977,0,2034,1,0,2,1,3,1,GD,8,TYP,0,,ATTCHD,1998.0,RFN,2,645,TA,TA,Y,576,36,0,0,0,0,,GDPRV,,0,2,2009-01-01,WD,NORMAL,219500
66,60,RL,76.0,9591,PAVE,,REG,LVL,ALLPUB,INSIDE,GTL,NRIDGHT,NORM,NORM,1FAM,2STORY,8,5,2004-01-01,2005-01-01,GABLE,COMPSHG,VINYLSD,VINYLSD,BRKFACE,344.0,GD,TA,PCONC,EX,TA,AV,UNF,0,UNF,0,1143,1143,GASA,EX,Y,SBRKR,1143,1330,0,2473,0,0,2,1,4,1,GD,9,TYP,1,GD,BUILTIN,2004.0,RFN,3,852,TA,TA,Y,192,151,0,0,0,0,,,,0,10,2007-01-01,WD,NORMAL,317000
67,20,RL,,19900,PAVE,,REG,LVL,ALLPUB,INSIDE,GTL,NAMES,POSA,NORM,1FAM,1STORY,7,5,1970-01-01,1989-01-01,GABLE,COMPSHG,PLYWOOD,PLYWOOD,BRKFACE,287.0,TA,TA,CBLOCK,GD,TA,GD,GLQ,912,UNF,0,1035,1947,GASA,TA,Y,SBRKR,2207,0,0,2207,1,0,2,0,3,1,TA,7,MIN1,1,GD,ATTCHD,1970.0,RFN,2,576,TA,TA,Y,301,0,0,0,0,0,,,,0,7,2010-01-01,WD,NORMAL,180000
68,20,RL,72.0,10665,PAVE,,IR1,LVL,ALLPUB,INSIDE,GTL,COLLGCR,NORM,NORM,1FAM,1STORY,7,5,2003-01-01,2003-01-01,GABLE,COMPSHG,VINYLSD,VINYLSD,BRKFACE,167.0,GD,TA,PCONC,GD,TA,AV,GLQ,1013,UNF,0,440,1453,GASA,EX,Y,SBRKR,1479,0,0,1479,1,0,2,0,3,1,GD,7,TYP,0,,ATTCHD,2003.0,RFN,2,558,TA,TA,Y,144,29,0,0,0,0,,,,0,6,2007-01-01,WD,NORMAL,226000
69,30,RM,47.0,4608,PAVE,,REG,LVL,ALLPUB,CORNER,GTL,OLDTOWN,ARTERY,NORM,1FAM,1STORY,4,6,1945-01-01,1950-01-01,GABLE,COMPSHG,METALSD,METALSD,,0.0,TA,GD,CBLOCK,TA,TA,NO,UNF,0,UNF,0,747,747,GASA,TA,Y,SBRKR,747,0,0,747,0,0,1,0,2,1,TA,4,TYP,0,,ATTCHD,1945.0,UNF,1,220,TA,TA,Y,0,0,0,0,0,0,,,,0,6,2010-01-01,WD,NORMAL,80000
70,50,RL,81.0,15593,PAVE,,REG,LVL,ALLPUB,CORNER,GTL,CLEARCR,NORM,NORM,1FAM,1.5FIN,7,4,1953-01-01,1953-01-01,GABLE,COMPSHG,BRKFACE,ASBSHNG,,0.0,GD,TA,CBLOCK,TA,TA,NO,BLQ,603,UNF,0,701,1304,GASW,TA,Y,SBRKR,1304,983,0,2287,0,0,2,0,3,1,TA,7,TYP,1,TA,ATTCHD,1953.0,FIN,2,667,TA,TA,Y,0,21,114,0,0,0,,,,0,7,2006-01-01,WD,NORMAL,225000
71,20,RL,95.0,13651,PAVE,,IR1,LVL,ALLPUB,INSIDE,GTL,NAMES,NORM,NORM,1FAM,1STORY,7,6,1973-01-01,1973-01-01,GABLE,COMPSHG,PLYWOOD,PLYWOOD,BRKFACE,1115.0,TA,GD,CBLOCK,GD,TA,GD,ALQ,1880,UNF,0,343,2223,GASA,EX,Y,SBRKR,2223,0,0,2223,1,0,2,0,3,1,TA,8,TYP,2,GD,ATTCHD,1973.0,FIN,2,516,TA,TA,Y,300,0,0,0,0,0,,,,0,2,2007-01-01,WD,NORMAL,244000
72,20,RL,69.0,7599,PAVE,,REG,LVL,ALLPUB,CORNER,GTL,MITCHEL,NORM,NORM,1FAM,1STORY,4,6,1982-01-01,2006-01-01,GABLE,COMPSHG,HDBOARD,PLYWOOD,,0.0,TA,TA,CBLOCK,TA,TA,NO,ALQ,565,UNF,0,280,845,GASA,TA,Y,SBRKR,845,0,0,845,1,0,1,0,2,1,TA,4,TYP,0,,DETCHD,1987.0,UNF,2,360,TA,TA,Y,0,0,0,0,0,0,,,,0,6,2007-01-01,WD,NORMAL,129500
73,60,RL,74.0,10141,PAVE,,IR1,LVL,ALLPUB,CORNER,GTL,GILBERT,NORM,NORM,1FAM,2STORY,7,5,1998-01-01,1998-01-01,GABLE,COMPSHG,VINYLSD,VINYLSD,BRKFACE,40.0,TA,TA,PCONC,GD,TA,NO,UNF,0,UNF,0,832,832,GASA,GD,Y,SBRKR,885,833,0,1718,0,0,2,1,3,1,TA,7,TYP,1,TA,ATTCHD,1998.0,FIN,2,427,TA,TA,Y,0,94,0,0,291,0,,,,0,12,2009-01-01,WD,NORMAL,185000
74,20,RL,85.0,10200,PAVE,,REG,LVL,ALLPUB,INSIDE,GTL,NAMES,NORM,NORM,1FAM,1STORY,5,7,1954-01-01,2003-01-01,GABLE,COMPSHG,WD SDNG,WD SDNG,BRKFACE,104.0,TA,TA,CBLOCK,TA,TA,NO,ALQ,320,BLQ,362,404,1086,GASA,GD,Y,SBRKR,1086,0,0,1086,1,0,1,0,3,1,TA,6,TYP,0,,ATTCHD,1989.0,UNF,2,490,TA,TA,Y,0,0,0,0,0,0,,GDWO,,0,5,2010-01-01,WD,NORMAL,144900
75,50,RM,60.0,5790,PAVE,,REG,LVL,ALLPUB,CORNER,GTL,OLDTOWN,NORM,NORM,1FAM,2STORY,3,6,1915-01-01,1950-01-01,GAMBREL,COMPSHG,VINYLSD,VINYLSD,,0.0,GD,GD,CBLOCK,FA,TA,NO,UNF,0,UNF,0,840,840,GASA,GD,N,SBRKR,840,765,0,1605,0,0,2,0,3,2,TA,8,TYP,0,,DETCHD,1915.0,UNF,1,379,TA,TA,Y,0,0,202,0,0,0,,,,0,5,2010-01-01,WD,NORMAL,107400
76,180,RM,21.0,1596,PAVE,,REG,LVL,ALLPUB,INSIDE,GTL,MEADOWV,NORM,NORM,TWNHS,SLVL,4,5,1973-01-01,1973-01-01,GABLE,COMPSHG,CEMNTBD,CMENTBD,,0.0,TA,TA,CBLOCK,GD,TA,GD,GLQ,462,UNF,0,0,462,GASA,TA,Y,SBRKR,526,462,0,988,1,0,1,0,2,1,TA,5,TYP,0,,BUILTIN,1973.0,UNF,1,297,TA,TA,Y,120,101,0,0,0,0,,GDWO,,0,11,2009-01-01,WD,NORMAL,91000
77,20,RL,,8475,PAVE,,IR1,LVL,ALLPUB,INSIDE,GTL,NAMES,NORM,NORM,1FAM,1STORY,4,7,1956-01-01,1956-01-01,GABLE,COMPSHG,VINYLSD,VINYLSD,,0.0,TA,TA,CBLOCK,TA,TA,NO,ALQ,228,UNF,0,724,952,GASA,EX,Y,FUSEA,952,0,0,952,0,0,1,0,2,1,TA,4,TYP,0,,DETCHD,1956.0,UNF,1,283,TA,TA,Y,0,0,0,0,0,0,,,,0,4,2008-01-01,WD,NORMAL,135750
78,50,RM,50.0,8635,PAVE,,REG,LVL,ALLPUB,INSIDE,GTL,BRKSIDE,NORM,NORM,1FAM,1.5FIN,5,5,1948-01-01,2001-01-01,GABLE,COMPSHG,WD SDNG,WD SDNG,,0.0,TA,TA,CBLOCK,TA,TA,NO,BLQ,336,GLQ,41,295,672,GASA,TA,Y,SBRKR,1072,213,0,1285,1,0,1,0,2,1,TA,6,MIN1,0,,DETCHD,1948.0,UNF,1,240,TA,TA,Y,0,0,0,0,0,0,,MNPRV,,0,1,2008-01-01,WD,NORMAL,127000
79,90,RL,72.0,10778,PAVE,,REG,LVL,ALLPUB,INSIDE,GTL,SAWYER,NORM,NORM,DUPLEX,1STORY,4,5,1968-01-01,1968-01-01,HIP,COMPSHG,HDBOARD,HDBOARD,,0.0,TA,TA,CBLOCK,TA,TA,NO,UNF,0,UNF,0,1768,1768,GASA,TA,N,SBRKR,1768,0,0,1768,0,0,2,0,4,2,TA,8,TYP,0,,,,,0,0,,,Y,0,0,0,0,0,0,,,,0,4,2010-01-01,WD,NORMAL,136500
80,50,RM,60.0,10440,PAVE,GRVL,REG,LVL,ALLPUB,CORNER,GTL,OLDTOWN,NORM,NORM,1FAM,2STORY,5,6,1910-01-01,1981-01-01,GABLE,COMPSHG,WD SDNG,WD SDNG,,0.0,TA,TA,PCONC,TA,TA,NO,UNF,0,UNF,0,440,440,GASA,GD,Y,SBRKR,682,548,0,1230,0,0,1,1,2,1,TA,5,TYP,0,,DETCHD,1966.0,UNF,2,440,TA,TA,Y,74,0,128,0,0,0,,MNPRV,,0,5,2009-01-01,WD,NORMAL,110000
81,60,RL,100.0,13000,PAVE,,REG,LVL,ALLPUB,CORNER,GTL,NAMES,NORM,NORM,1FAM,2STORY,6,6,1968-01-01,1968-01-01,GABLE,COMPSHG,VINYLSD,VINYLSD,BRKFACE,576.0,TA,GD,CBLOCK,GD,TA,NO,REC,448,UNF,0,448,896,GASA,TA,Y,SBRKR,1182,960,0,2142,0,0,2,1,4,1,GD,8,TYP,1,GD,ATTCHD,1968.0,FIN,1,509,TA,TA,Y,0,72,0,0,252,0,,,,0,6,2009-01-01,WD,NORMAL,193500
82,120,RM,32.0,4500,PAVE,,REG,LVL,ALLPUB,FR2,GTL,MITCHEL,NORM,NORM,TWNHSE,1STORY,6,5,1998-01-01,1998-01-01,HIP,COMPSHG,VINYLSD,VINYLSD,BRKFACE,443.0,TA,GD,PCONC,EX,GD,NO,GLQ,1201,UNF,0,36,1237,GASA,EX,Y,SBRKR,1337,0,0,1337,1,0,2,0,2,1,TA,5,TYP,0,,ATTCHD,1998.0,FIN,2,405,TA,TA,Y,0,199,0,0,0,0,,,,0,3,2006-01-01,WD,NORMAL,153500
83,20,RL,78.0,10206,PAVE,,REG,LVL,ALLPUB,INSIDE,GTL,SOMERST,NORM,NORM,1FAM,1STORY,8,5,2007-01-01,2007-01-01,GABLE,COMPSHG,VINYLSD,VINYLSD,STONE,468.0,TA,TA,PCONC,GD,TA,NO,GLQ,33,UNF,0,1530,1563,GASA,EX,Y,SBRKR,1563,0,0,1563,0,0,2,0,3,1,GD,6,TYP,1,GD,ATTCHD,2007.0,RFN,3,758,TA,TA,Y,144,99,0,0,0,0,,,,0,10,2008-01-01,WD,NORMAL,245000
84,20,RL,80.0,8892,PAVE,,IR1,LVL,ALLPUB,INSIDE,GTL,NAMES,NORM,NORM,1FAM,1STORY,5,5,1960-01-01,1960-01-01,GABLE,COMPSHG,METALSD,METALSD,BRKCMN,66.0,TA,TA,CBLOCK,TA,TA,NO,UNF,0,UNF,0,1065,1065,GASA,GD,Y,SBRKR,1065,0,0,1065,0,0,1,1,3,1,TA,6,TYP,0,,DETCHD,1974.0,UNF,2,461,TA,TA,Y,74,0,0,0,0,0,,,,0,7,2007-01-01,COD,NORMAL,126500
85,80,RL,,8530,PAVE,,IR1,LVL,ALLPUB,INSIDE,GTL,GILBERT,NORM,NORM,1FAM,SLVL,7,5,1995-01-01,1996-01-01,GABLE,COMPSHG,HDBOARD,HDBOARD,BRKFACE,22.0,TA,TA,PCONC,GD,TA,NO,UNF,0,UNF,0,384,384,GASA,GD,Y,SBRKR,804,670,0,1474,0,0,2,1,3,1,TA,7,TYP,1,TA,BUILTIN,1995.0,FIN,2,400,TA,TA,Y,120,72,0,0,0,0,,,SHED,700,5,2009-01-01,WD,NORMAL,168500
86,60,RL,121.0,16059,PAVE,,REG,LVL,ALLPUB,CORNER,GTL,NORIDGE,NORM,NORM,1FAM,2STORY,8,5,1991-01-01,1992-01-01,HIP,COMPSHG,HDBOARD,HDBOARD,BRKFACE,284.0,GD,TA,CBLOCK,GD,TA,NO,UNF,0,UNF,0,1288,1288,GASA,EX,Y,SBRKR,1301,1116,0,2417,0,0,2,1,4,1,GD,9,TYP,1,TA,ATTCHD,1991.0,UNF,2,462,TA,TA,Y,127,82,0,0,0,0,,,,0,4,2006-01-01,WD,NORMAL,260000
87,60,RL,122.0,11911,PAVE,,IR2,LVL,ALLPUB,INSIDE,GTL,GILBERT,NORM,NORM,1FAM,2STORY,6,5,2005-01-01,2005-01-01,GABLE,COMPSHG,VINYLSD,VINYLSD,,0.0,GD,TA,PCONC,GD,TA,AV,UNF,0,UNF,0,684,684,GASA,EX,Y,SBRKR,684,876,0,1560,0,0,2,1,3,1,GD,6,TYP,1,GD,BUILTIN,2005.0,FIN,2,400,TA,TA,Y,100,38,0,0,0,0,,,,0,3,2009-01-01,WD,NORMAL,174000
88,160,FV,40.0,3951,PAVE,PAVE,REG,LVL,ALLPUB,CORNER,GTL,SOMERST,NORM,NORM,TWNHSE,2STORY,6,5,2009-01-01,2009-01-01,GABLE,COMPSHG,VINYLSD,VINYLSD,STONE,76.0,GD,TA,PCONC,GD,TA,AV,UNF,0,UNF,0,612,612,GASA,EX,Y,SBRKR,612,612,0,1224,0,0,2,1,2,1,GD,4,TYP,0,,DETCHD,2009.0,RFN,2,528,TA,TA,Y,0,234,0,0,0,0,,,,0,6,2009-01-01,NEW,PARTIAL,164500
89,50,C (ALL),105.0,8470,PAVE,,IR1,LVL,ALLPUB,CORNER,GTL,IDOTRR,FEEDR,FEEDR,1FAM,1.5FIN,3,2,1915-01-01,1982-01-01,HIP,COMPSHG,PLYWOOD,PLYWOOD,,0.0,FA,FA,CBLOCK,TA,FA,NO,UNF,0,UNF,0,1013,1013,GASA,TA,N,SBRKR,1013,0,513,1526,0,0,1,0,2,1,FA,6,TYP,0,,,,,0,0,,,N,0,0,156,0,0,0,,MNPRV,,0,10,2009-01-01,CONLD,ABNORML,85000
90,20,RL,60.0,8070,PAVE,,REG,LVL,ALLPUB,INSIDE,GTL,COLLGCR,NORM,NORM,1FAM,1STORY,4,5,1994-01-01,1995-01-01,GABLE,COMPSHG,VINYLSD,VINYLSD,,0.0,TA,TA,PCONC,GD,TA,NO,GLQ,588,UNF,0,402,990,GASA,EX,Y,SBRKR,990,0,0,990,1,0,1,0,3,1,TA,5,TYP,0,,,,,0,0,,,Y,0,0,0,0,0,0,,,,0,8,2007-01-01,WD,NORMAL,123600
91,20,RL,60.0,7200,PAVE,,REG,LVL,ALLPUB,INSIDE,GTL,NAMES,NORM,NORM,1FAM,1STORY,4,5,1950-01-01,1950-01-01,GABLE,COMPSHG,BRKFACE,WD SDNG,,0.0,TA,TA,SLAB,,,,,0,,0,0,0,GASA,TA,Y,FUSEA,1040,0,0,1040,0,0,1,0,2,1,TA,4,TYP,0,,DETCHD,1950.0,UNF,2,420,TA,TA,Y,0,29,0,0,0,0,,,,0,7,2006-01-01,WD,NORMAL,109900
92,20,RL,85.0,8500,PAVE,,REG,LVL,ALLPUB,INSIDE,GTL,NAMES,NORM,NORM,1FAM,1STORY,5,3,1961-01-01,1961-01-01,HIP,COMPSHG,HDBOARD,HDBOARD,BRKCMN,203.0,TA,TA,CBLOCK,TA,TA,NO,REC,600,UNF,0,635,1235,GASA,TA,Y,SBRKR,1235,0,0,1235,0,0,1,0,2,1,TA,6,TYP,0,,ATTCHD,1961.0,UNF,2,480,TA,TA,Y,0,0,0,0,0,0,,GDWO,,0,12,2006-01-01,WD,ABNORML,98600
93,30,RL,80.0,13360,PAVE,GRVL,IR1,HLS,ALLPUB,INSIDE,GTL,CRAWFOR,NORM,NORM,1FAM,1STORY,5,7,1921-01-01,2006-01-01,GABLE,COMPSHG,WD SDNG,WD SDNG,,0.0,TA,GD,BRKTIL,GD,TA,NO,ALQ,713,UNF,0,163,876,GASA,EX,Y,SBRKR,964,0,0,964,1,0,1,0,2,1,TA,5,TYP,0,,DETCHD,1921.0,UNF,2,432,TA,TA,Y,0,0,44,0,0,0,,,,0,8,2009-01-01,WD,NORMAL,163500
94,190,C (ALL),60.0,7200,PAVE,,REG,LVL,ALLPUB,CORNER,GTL,OLDTOWN,NORM,NORM,2FMCON,2.5UNF,6,6,1910-01-01,1998-01-01,HIP,COMPSHG,METALSD,METALSD,,0.0,TA,TA,BRKTIL,TA,FA,MN,REC,1046,UNF,0,168,1214,GASW,EX,N,SBRKR,1260,1031,0,2291,0,1,2,0,4,2,TA,9,TYP,1,GD,DETCHD,1900.0,UNF,2,506,TA,TA,Y,0,0,0,0,99,0,,,,0,11,2007-01-01,WD,NORMAL,133900
95,60,RL,69.0,9337,PAVE,,IR1,LVL,ALLPUB,INSIDE,GTL,COLLGCR,NORM,NORM,1FAM,2STORY,6,5,1997-01-01,1997-01-01,GABLE,COMPSHG,VINYLSD,VINYLSD,,0.0,TA,GD,PCONC,GD,TA,NO,GLQ,648,UNF,0,176,824,GASA,EX,Y,SBRKR,905,881,0,1786,1,0,2,1,3,1,GD,7,TYP,0,,ATTCHD,1997.0,RFN,2,684,TA,TA,Y,0,162,0,0,0,0,,,,0,5,2007-01-01,WD,NORMAL,204750
96,60,RL,,9765,PAVE,,IR2,LVL,ALLPUB,CORNER,GTL,GILBERT,NORM,NORM,1FAM,2STORY,6,8,1993-01-01,1993-01-01,GABLE,COMPSHG,VINYLSD,VINYLSD,BRKFACE,68.0,EX,GD,PCONC,GD,GD,NO,ALQ,310,UNF,0,370,680,GASA,GD,Y,SBRKR,680,790,0,1470,0,0,2,1,3,1,TA,6,TYP,1,TA,BUILTIN,1993.0,FIN,2,420,TA,TA,Y,232,63,0,0,0,0,,,SHED,480,4,2009-01-01,WD,NORMAL,185000
97,20,RL,78.0,10264,PAVE,,IR1,LVL,ALLPUB,INSIDE,GTL,COLLGCR,NORM,NORM,1FAM,1STORY,7,5,1999-01-01,1999-01-01,GABLE,COMPSHG,VINYLSD,VINYLSD,BRKFACE,183.0,GD,TA,PCONC,GD,TA,AV,ALQ,1162,UNF,0,426,1588,GASA,EX,Y,SBRKR,1588,0,0,1588,0,0,2,0,3,1,GD,6,TYP,0,,ATTCHD,1999.0,RFN,2,472,TA,TA,Y,158,29,0,0,0,0,,,,0,8,2006-01-01,WD,NORMAL,214000
98,20,RL,73.0,10921,PAVE,,REG,HLS,ALLPUB,INSIDE,GTL,EDWARDS,NORM,NORM,1FAM,1STORY,4,5,1965-01-01,1965-01-01,HIP,COMPSHG,HDBOARD,HDBOARD,BRKFACE,48.0,TA,TA,CBLOCK,TA,TA,NO,REC,520,UNF,0,440,960,GASA,TA,Y,FUSEF,960,0,0,960,1,0,1,0,3,1,TA,6,TYP,0,,ATTCHD,1965.0,FIN,1,432,TA,TA,P,120,0,0,0,0,0,,,,0,5,2007-01-01,WD,NORMAL,94750
99,30,RL,85.0,10625,PAVE,,REG,LVL,ALLPUB,CORNER,GTL,EDWARDS,NORM,NORM,1FAM,1STORY,5,5,1920-01-01,1950-01-01,GABLE,COMPSHG,WD SDNG,WD SDNG,,0.0,TA,TA,BRKTIL,TA,TA,NO,ALQ,108,UNF,0,350,458,GASA,FA,N,SBRKR,835,0,0,835,0,0,1,0,2,1,TA,5,TYP,0,,BASMENT,1920.0,UNF,1,366,FA,TA,Y,0,0,77,0,0,0,,,SHED,400,5,2010-01-01,COD,ABNORML,83000
100,20,RL,77.0,9320,PAVE,,IR1,LVL,ALLPUB,INSIDE,GTL,NAMES,NORM,NORM,1FAM,1STORY,4,5,1959-01-01,1959-01-01,GABLE,COMPSHG,PLYWOOD,PLYWOOD,,0.0,TA,TA,CBLOCK,TA,TA,NO,ALQ,569,UNF,0,381,950,GASA,FA,Y,SBRKR,1225,0,0,1225,1,0,1,1,3,1,TA,6,TYP,0,,,,,0,0,,,Y,352,0,0,0,0,0,,,SHED,400,1,2010-01-01,WD,NORMAL,128950
101,20,RL,,10603,PAVE,,IR1,LVL,ALLPUB,INSIDE,GTL,NWAMES,NORM,NORM,1FAM,1STORY,6,7,1977-01-01,2001-01-01,GABLE,COMPSHG,PLYWOOD,PLYWOOD,BRKFACE,28.0,TA,TA,PCONC,TA,TA,MN,ALQ,1200,UNF,0,410,1610,GASA,GD,Y,SBRKR,1610,0,0,1610,1,0,2,0,3,1,GD,6,TYP,2,TA,ATTCHD,1977.0,RFN,2,480,TA,TA,Y,168,68,0,0,0,0,,,,0,2,2010-01-01,WD,NORMAL,205000
102,60,RL,77.0,9206,PAVE,,REG,LVL,ALLPUB,INSIDE,GTL,SAWYERW,NORM,NORM,1FAM,2STORY,6,5,1985-01-01,1985-01-01,GABLE,COMPSHG,HDBOARD,HDBOARD,BRKFACE,336.0,GD,TA,CBLOCK,GD,TA,NO,UNF,0,UNF,0,741,741,GASA,TA,Y,SBRKR,977,755,0,1732,0,0,2,1,3,1,GD,7,TYP,1,TA,ATTCHD,1985.0,FIN,2,476,TA,TA,Y,192,46,0,0,0,0,,,,0,6,2010-01-01,WD,NORMAL,178000
103,90,RL,64.0,7018,PAVE,,REG,BNK,ALLPUB,INSIDE,GTL,SAWYERW,NORM,NORM,DUPLEX,1STORY,5,5,1979-01-01,1979-01-01,GABLE,COMPSHG,HDBOARD,HDBOARD,,0.0,TA,FA,SLAB,,,,,0,,0,0,0,GASA,TA,Y,SBRKR,1535,0,0,1535,0,0,2,0,4,2,TA,8,TYP,0,,ATTCHD,1979.0,UNF,2,410,TA,TA,Y,0,0,0,0,0,0,,,,0,6,2009-01-01,WD,ALLOCA,118964
104,20,RL,94.0,10402,PAVE,,IR1,LVL,ALLPUB,CORNER,GTL,COLLGCR,NORM,NORM,1FAM,1STORY,7,5,2009-01-01,2009-01-01,GABLE,COMPSHG,VINYLSD,VINYLSD,,0.0,TA,TA,PCONC,GD,TA,NO,UNF,0,UNF,0,1226,1226,GASA,EX,Y,SBRKR,1226,0,0,1226,0,0,2,0,3,1,GD,6,TYP,0,,ATTCHD,2009.0,RFN,3,740,TA,TA,Y,0,36,0,0,0,0,,,,0,5,2010-01-01,WD,NORMAL,198900
105,50,RM,,7758,PAVE,,REG,LVL,ALLPUB,CORNER,GTL,IDOTRR,NORM,NORM,1FAM,1.5FIN,7,4,1931-01-01,1950-01-01,GABLE,COMPSHG,STUCCO,STUCCO,BRKFACE,600.0,TA,FA,PCONC,TA,TA,NO,LWQ,224,UNF,0,816,1040,GASA,EX,Y,FUSEF,1226,592,0,1818,0,0,1,1,4,1,TA,7,TYP,2,TA,DETCHD,1951.0,UNF,1,240,TA,TA,Y,0,0,0,0,184,0,,,,0,6,2007-01-01,WD,NORMAL,169500
106,60,FV,75.0,9375,PAVE,,REG,LVL,ALLPUB,INSIDE,GTL,SOMERST,NORM,NORM,1FAM,2STORY,8,5,2003-01-01,2004-01-01,HIP,COMPSHG,VINYLSD,VINYLSD,BRKFACE,768.0,GD,TA,PCONC,EX,TA,NO,UNF,0,UNF,0,1053,1053,GASA,EX,Y,SBRKR,1053,939,0,1992,0,0,2,1,3,1,GD,9,TYP,1,GD,ATTCHD,2003.0,RFN,2,648,TA,TA,Y,140,45,0,0,0,0,,,,0,8,2008-01-01,WD,NORMAL,250000
107,30,RM,60.0,10800,PAVE,GRVL,REG,LVL,ALLPUB,INSIDE,GTL,OLDTOWN,NORM,NORM,1FAM,1STORY,4,7,1885-01-01,1995-01-01,MANSARD,COMPSHG,VINYLSD,VINYLSD,,0.0,TA,TA,BRKTIL,FA,TA,NO,UNF,0,UNF,0,641,641,GASA,GD,Y,SBRKR,1047,0,0,1047,0,0,1,0,2,1,TA,6,TYP,0,,DETCHD,1954.0,UNF,1,273,FA,FA,N,0,0,0,0,0,0,,,SHED,450,8,2007-01-01,WD,NORMAL,100000
108,20,RM,50.0,6000,PAVE,,REG,LVL,ALLPUB,INSIDE,GTL,OLDTOWN,NORM,NORM,1FAM,1STORY,5,5,1948-01-01,1950-01-01,GABLE,COMPSHG,VINYLSD,VINYLSD,,0.0,TA,TA,CBLOCK,TA,TA,NO,ALQ,104,BLQ,169,516,789,GASA,EX,Y,SBRKR,789,0,0,789,0,0,1,0,2,1,TA,5,TYP,0,,DETCHD,1948.0,UNF,1,250,TA,TA,Y,0,0,0,0,0,0,,,,0,4,2008-01-01,WD,PARTIAL,115000
109,50,RM,85.0,8500,PAVE,,REG,LVL,ALLPUB,CORNER,GTL,IDOTRR,ARTERY,NORM,1FAM,1.5FIN,5,7,1919-01-01,2005-01-01,GABLE,COMPSHG,CEMNTBD,CMENTBD,,0.0,TA,TA,CBLOCK,TA,TA,NO,UNF,0,UNF,0,793,793,GASW,TA,N,FUSEF,997,520,0,1517,0,0,2,0,3,1,FA,7,TYP,0,,,,,0,0,,,N,0,0,144,0,0,0,,,,0,8,2007-01-01,WD,NORMAL,115000
110,20,RL,105.0,11751,PAVE,,IR1,LVL,ALLPUB,INSIDE,GTL,NWAMES,NORM,NORM,1FAM,1STORY,6,6,1977-01-01,1977-01-01,HIP,COMPSHG,PLYWOOD,PLYWOOD,BRKFACE,480.0,TA,TA,CBLOCK,GD,TA,NO,BLQ,705,UNF,0,1139,1844,GASA,EX,Y,SBRKR,1844,0,0,1844,0,0,2,0,3,1,TA,7,TYP,1,TA,ATTCHD,1977.0,RFN,2,546,TA,TA,Y,0,122,0,0,0,0,,MNPRV,,0,1,2010-01-01,COD,NORMAL,190000
111,50,RL,75.0,9525,PAVE,,REG,LVL,ALLPUB,INSIDE,GTL,EDWARDS,NORM,NORM,1FAM,1.5FIN,6,4,1954-01-01,1972-01-01,GABLE,COMPSHG,WD SDNG,WD SDNG,,0.0,TA,TA,CBLOCK,TA,FA,NO,REC,444,UNF,0,550,994,GASA,GD,Y,SBRKR,1216,639,0,1855,0,0,2,0,4,1,TA,7,TYP,0,,ATTCHD,1954.0,UNF,1,325,TA,TA,Y,182,0,0,0,0,0,,,,0,10,2006-01-01,WD,NORMAL,136900
112,80,RL,,7750,PAVE,,IR1,LVL,ALLPUB,INSIDE,GTL,GILBERT,NORM,NORM,1FAM,SLVL,7,5,2000-01-01,2000-01-01,GABLE,COMPSHG,VINYLSD,VINYLSD,,0.0,TA,TA,PCONC,GD,TA,NO,GLQ,250,UNF,0,134,384,GASA,EX,Y,SBRKR,774,656,0,1430,0,0,2,1,3,1,TA,7,TYP,1,TA,BUILTIN,2000.0,FIN,2,400,TA,TA,Y,180,0,0,0,0,0,,,,0,4,2010-01-01,WD,NORMAL,180000
113,60,RL,77.0,9965,PAVE,,REG,LVL,ALLPUB,INSIDE,GTL,COLLGCR,NORM,NORM,1FAM,2STORY,7,5,2007-01-01,2007-01-01,GABLE,COMPSHG,VINYLSD,VINYLSD,STONE,220.0,GD,TA,PCONC,EX,TA,AV,GLQ,984,UNF,0,280,1264,GASA,EX,Y,SBRKR,1282,1414,0,2696,1,0,2,1,4,1,EX,10,TYP,1,GD,BUILTIN,2007.0,FIN,3,792,TA,TA,Y,120,184,0,0,168,0,,,,0,10,2007-01-01,NEW,PARTIAL,383970
114,20,RL,,21000,PAVE,,REG,BNK,ALLPUB,CORNER,GTL,CRAWFOR,NORM,NORM,1FAM,1STORY,6,5,1953-01-01,1953-01-01,HIP,COMPSHG,WD SDNG,WD SDNG,BRKFACE,184.0,TA,GD,CBLOCK,GD,TA,MN,ALQ,35,REC,869,905,1809,GASA,TA,Y,SBRKR,2259,0,0,2259,1,0,2,0,3,1,GD,7,TYP,2,GD,BASMENT,1953.0,UNF,2,450,TA,TA,Y,166,120,192,0,0,0,,MNPRV,,0,10,2007-01-01,COD,ABNORML,217000
115,70,RL,61.0,7259,PAVE,,IR1,LVL,ALLPUB,INSIDE,MOD,CRAWFOR,NORM,NORM,1FAM,2STORY,6,8,1945-01-01,2002-01-01,GAMBREL,COMPSHG,WD SDNG,WD SDNG,,0.0,TA,TA,CBLOCK,TA,TA,NO,ALQ,774,LWQ,150,104,1028,GASA,EX,Y,SBRKR,1436,884,0,2320,1,0,2,1,3,1,GD,9,TYP,1,TA,DETCHD,1945.0,UNF,1,180,TA,TA,Y,224,0,0,0,0,0,,MNPRV,,0,7,2007-01-01,WD,NORMAL,259500
116,160,FV,34.0,3230,PAVE,PAVE,REG,LVL,ALLPUB,CORNER,GTL,SOMERST,NORM,NORM,TWNHSE,2STORY,6,5,1999-01-01,1999-01-01,GABLE,COMPSHG,METALSD,METALSD,BRKFACE,1129.0,TA,TA,PCONC,GD,TA,NO,GLQ,419,UNF,0,310,729,GASA,GD,Y,SBRKR,729,729,0,1458,0,0,2,1,2,1,TA,5,TYP,1,FA,DETCHD,1999.0,UNF,2,440,TA,TA,Y,0,32,0,0,0,0,,,,0,6,2007-01-01,WD,NORMAL,176000
117,20,RL,,11616,PAVE,,REG,LVL,ALLPUB,INSIDE,GTL,SAWYER,NORM,NORM,1FAM,1STORY,5,5,1962-01-01,1962-01-01,GABLE,COMPSHG,WD SDNG,WD SDNG,BRKFACE,116.0,TA,TA,CBLOCK,TA,TA,NO,LWQ,170,BLQ,670,252,1092,GASA,TA,Y,SBRKR,1092,0,0,1092,0,1,1,0,3,1,TA,6,TYP,1,PO,ATTCHD,1962.0,UNF,1,288,TA,TA,Y,0,20,144,0,0,0,,,,0,9,2009-01-01,WD,NORMAL,139000
118,20,RL,74.0,8536,PAVE,,REG,LVL,ALLPUB,CORNER,GTL,EDWARDS,NORM,NORM,1FAM,1STORY,5,5,2006-01-01,2007-01-01,GABLE,COMPSHG,VINYLSD,VINYLSD,,0.0,TA,TA,PCONC,GD,TA,NO,UNF,0,UNF,0,1125,1125,GASA,GD,Y,SBRKR,1125,0,0,1125,0,0,1,1,2,1,TA,5,TYP,0,,ATTCHD,2007.0,UNF,2,430,TA,TA,Y,80,64,0,0,0,0,,,,0,4,2007-01-01,NEW,PARTIAL,155000
119,60,RL,90.0,12376,PAVE,,REG,LVL,ALLPUB,CORNER,GTL,SAWYERW,NORM,NORM,1FAM,2STORY,7,5,1990-01-01,1990-01-01,HIP,COMPSHG,PLYWOOD,PLYWOOD,,0.0,TA,TA,PCONC,GD,TA,MN,GLQ,1470,UNF,0,203,1673,GASA,GD,Y,SBRKR,1699,1523,0,3222,1,0,3,0,5,1,GD,11,TYP,2,TA,ATTCHD,1990.0,UNF,3,594,TA,TA,Y,367,0,0,0,0,0,,,,0,5,2010-01-01,WD,NORMAL,320000
120,60,RL,65.0,8461,PAVE,,REG,LVL,ALLPUB,INSIDE,GTL,COLLGCR,NORM,NORM,1FAM,2STORY,6,5,2005-01-01,2006-01-01,GABLE,COMPSHG,VINYLSD,VINYLSD,,0.0,GD,TA,PCONC,GD,TA,NO,UNF,0,UNF,0,728,728,GASA,EX,Y,SBRKR,728,728,0,1456,0,0,2,1,3,1,GD,8,TYP,1,GD,ATTCHD,2005.0,FIN,2,390,TA,TA,Y,0,24,0,0,0,0,,,,0,7,2006-01-01,NEW,PARTIAL,163990
121,80,RL,,21453,PAVE,,IR1,LOW,ALLPUB,CULDSAC,SEV,CLEARCR,NORM,NORM,1FAM,SLVL,6,5,1969-01-01,1969-01-01,FLAT,METAL,PLYWOOD,PLYWOOD,,0.0,TA,TA,CBLOCK,TA,TA,GD,ALQ,938,UNF,0,0,938,GASA,EX,Y,SBRKR,988,0,0,988,1,0,1,0,1,1,TA,4,TYP,2,TA,ATTCHD,1969.0,UNF,2,540,TA,TA,Y,0,130,0,130,0,0,,,,0,10,2006-01-01,WD,NORMAL,180000
122,50,RM,50.0,6060,PAVE,,REG,LVL,ALLPUB,INSIDE,GTL,IDOTRR,NORM,NORM,1FAM,1.5FIN,4,5,1939-01-01,1950-01-01,GABLE,COMPSHG,ASBSHNG,ASBSHNG,,0.0,TA,TA,PCONC,TA,TA,NO,UNF,0,UNF,0,732,732,GASA,GD,Y,SBRKR,772,351,0,1123,0,0,1,0,3,1,TA,4,TYP,0,,DETCHD,1979.0,UNF,1,264,TA,TA,P,0,0,140,0,0,0,,MNPRV,,0,6,2007-01-01,WD,NORMAL,100000
123,20,RL,75.0,9464,PAVE,,REG,LVL,ALLPUB,CORNER,GTL,NAMES,NORM,NORM,1FAM,1STORY,6,7,1958-01-01,1958-01-01,HIP,COMPSHG,METALSD,METALSD,BRKFACE,135.0,TA,GD,CBLOCK,TA,TA,NO,BLQ,570,UNF,0,510,1080,GASA,GD,Y,SBRKR,1080,0,0,1080,0,0,1,0,3,1,TA,5,TYP,0,,ATTCHD,1958.0,UNF,1,288,TA,TA,Y,0,0,0,0,130,0,,,,0,6,2008-01-01,WD,NORMAL,136000
124,120,RL,55.0,7892,PAVE,,REG,LVL,ALLPUB,INSIDE,GTL,SAWYERW,NORM,NORM,TWNHSE,1STORY,6,5,1993-01-01,1993-01-01,GABLE,COMPSHG,PLYWOOD,PLYWOOD,,0.0,GD,TA,PCONC,GD,TA,NO,GLQ,300,UNF,0,899,1199,GASA,EX,Y,SBRKR,1199,0,0,1199,0,0,2,0,2,1,GD,5,TYP,0,,ATTCHD,1993.0,RFN,2,530,TA,TA,Y,0,63,0,0,0,0,,,,0,3,2008-01-01,WD,NORMAL,153900
125,20,RL,48.0,17043,PAVE,,IR1,LVL,ALLPUB,CULDSAC,GTL,NWAMES,NORM,NORM,1FAM,1STORY,6,5,1979-01-01,1998-01-01,GABLE,COMPSHG,HDBOARD,HDBOARD,,0.0,TA,GD,CBLOCK,GD,FA,NO,UNF,0,UNF,0,1362,1362,GASA,TA,Y,SBRKR,1586,0,0,1586,0,0,2,0,3,1,TA,7,TYP,1,TA,ATTCHD,1979.0,UNF,2,435,TA,TA,Y,192,0,0,0,0,0,,,,0,1,2009-01-01,WD,NORMAL,181000
126,190,RM,60.0,6780,PAVE,,REG,LVL,ALLPUB,INSIDE,GTL,IDOTRR,NORM,NORM,2FMCON,1.5FIN,6,8,1935-01-01,1982-01-01,GABLE,COMPSHG,WD SDNG,WD SDNG,,0.0,TA,FA,CBLOCK,TA,TA,AV,GLQ,490,UNF,0,30,520,GASA,GD,N,SBRKR,520,0,234,754,1,0,1,0,2,1,TA,5,TYP,0,,,,,0,0,,,N,53,0,0,0,0,0,,,,0,6,2006-01-01,WD,NORMAL,84500
127,120,RL,,4928,PAVE,,IR1,LVL,ALLPUB,INSIDE,GTL,NPKVILL,NORM,NORM,TWNHSE,1STORY,6,5,1976-01-01,1976-01-01,GABLE,COMPSHG,PLYWOOD,PLYWOOD,,0.0,TA,TA,CBLOCK,GD,TA,NO,ALQ,120,UNF,0,958,1078,GASA,TA,Y,SBRKR,958,0,0,958,0,0,2,0,2,1,TA,5,TYP,1,TA,ATTCHD,1977.0,RFN,2,440,TA,TA,Y,0,205,0,0,0,0,,,,0,2,2007-01-01,WD,NORMAL,128000
128,45,RM,55.0,4388,PAVE,,IR1,BNK,ALLPUB,INSIDE,GTL,OLDTOWN,FEEDR,NORM,1FAM,1.5UNF,5,7,1930-01-01,1950-01-01,GABLE,COMPSHG,WDSHING,WD SDNG,,0.0,TA,GD,BRKTIL,TA,TA,NO,LWQ,116,UNF,0,556,672,GASA,EX,Y,SBRKR,840,0,0,840,0,0,1,0,3,1,TA,5,TYP,1,TA,,,,0,0,,,N,0,0,0,0,0,0,,,,0,6,2007-01-01,WD,NORMAL,87000
129,60,RL,69.0,7590,PAVE,,REG,LVL,ALLPUB,INSIDE,GTL,NAMES,POSN,NORM,1FAM,2STORY,6,5,1966-01-01,1966-01-01,GABLE,COMPSHG,VINYLSD,VINYLSD,BRKFACE,266.0,TA,TA,CBLOCK,TA,TA,NO,BLQ,512,UNF,0,148,660,GASA,TA,Y,SBRKR,660,688,0,1348,0,0,1,1,3,1,TA,6,TYP,1,FA,ATTCHD,1966.0,RFN,2,453,TA,TA,Y,188,108,0,0,0,0,,,,0,7,2006-01-01,WD,NORMAL,155000
130,20,RL,69.0,8973,PAVE,,REG,LVL,ALLPUB,INSIDE,GTL,NAMES,NORM,NORM,1FAM,1STORY,5,7,1958-01-01,1991-01-01,GABLE,COMPSHG,PLYWOOD,PLYWOOD,BRKFACE,85.0,TA,TA,CBLOCK,TA,TA,NO,REC,567,BLQ,28,413,1008,GASA,TA,Y,FUSEA,1053,0,0,1053,0,1,1,1,3,1,EX,6,TYP,0,,2TYPES,1998.0,RFN,2,750,TA,TA,Y,0,80,0,180,0,0,,MNWW,,0,7,2006-01-01,WD,ABNORML,150000
131,60,RL,88.0,14200,PAVE,,REG,LVL,ALLPUB,CORNER,GTL,NAMES,NORM,NORM,1FAM,2STORY,7,6,1966-01-01,1966-01-01,GABLE,COMPSHG,METALSD,METALSD,BRKFACE,309.0,TA,TA,CBLOCK,TA,TA,NO,REC,445,UNF,0,479,924,GASA,EX,Y,SBRKR,1216,941,0,2157,0,0,2,1,4,1,GD,8,TYP,2,GD,ATTCHD,1966.0,FIN,2,487,TA,TA,Y,105,66,0,0,0,0,,GDPRV,,0,5,2006-01-01,WD,NORMAL,226000
132,60,RL,,12224,PAVE,,IR1,LVL,ALLPUB,CORNER,GTL,GILBERT,NORM,NORM,1FAM,2STORY,6,5,2000-01-01,2000-01-01,GABLE,COMPSHG,VINYLSD,VINYLSD,BRKFACE,40.0,GD,TA,PCONC,GD,TA,NO,GLQ,695,UNF,0,297,992,GASA,EX,Y,SBRKR,1022,1032,0,2054,1,0,2,1,3,1,GD,7,TYP,1,TA,BUILTIN,2000.0,RFN,2,390,TA,TA,Y,24,48,0,0,0,0,,,,0,7,2009-01-01,WD,NORMAL,244000
133,20,RL,75.0,7388,PAVE,,REG,LVL,ALLPUB,CORNER,GTL,NAMES,NORM,NORM,1FAM,1STORY,5,6,1959-01-01,2002-01-01,GABLE,COMPSHG,METALSD,METALSD,,0.0,TA,TA,CBLOCK,TA,TA,NO,REC,405,UNF,0,658,1063,GASA,GD,Y,SBRKR,1327,0,0,1327,1,0,1,0,3,1,GD,7,TYP,0,,DETCHD,1974.0,UNF,2,624,TA,TA,Y,0,0,0,0,0,0,,,,0,7,2007-01-01,WD,NORMAL,150750
134,20,RL,,6853,PAVE,,IR1,LVL,ALLPUB,INSIDE,GTL,TIMBER,NORM,NORM,1FAM,1STORY,8,5,2001-01-01,2002-01-01,GABLE,COMPSHG,VINYLSD,VINYLSD,BRKFACE,136.0,GD,TA,PCONC,EX,TA,NO,GLQ,1005,UNF,0,262,1267,GASA,EX,Y,SBRKR,1296,0,0,1296,1,0,2,0,2,1,GD,6,TYP,0,,ATTCHD,2001.0,FIN,2,471,TA,TA,Y,192,25,0,0,0,0,,,,0,6,2009-01-01,WD,NORMAL,220000
135,20,RL,78.0,10335,PAVE,,IR1,LVL,ALLPUB,INSIDE,GTL,SAWYER,NORM,NORM,1FAM,1STORY,5,6,1968-01-01,1993-01-01,GABLE,COMPSHG,PLYWOOD,PLYWOOD,,0.0,TA,TA,CBLOCK,TA,TA,NO,REC,570,UNF,0,891,1461,GASA,GD,Y,SBRKR,1721,0,0,1721,0,0,2,1,3,1,TA,7,MIN1,1,TA,ATTCHD,1968.0,RFN,2,440,TA,TA,Y,0,96,180,0,0,0,,MNPRV,,0,7,2006-01-01,WD,NORMAL,180000
136,20,RL,80.0,10400,PAVE,,REG,LVL,ALLPUB,INSIDE,GTL,NWAMES,NORM,NORM,1FAM,1STORY,7,6,1970-01-01,1970-01-01,HIP,COMPSHG,PLYWOOD,PLYWOOD,BRKFACE,288.0,TA,TA,PCONC,TA,TA,NO,UNF,0,UNF,0,1304,1304,GASA,GD,Y,SBRKR,1682,0,0,1682,0,0,2,0,3,1,TA,7,TYP,1,GD,ATTCHD,1970.0,UNF,2,530,TA,TA,Y,98,0,0,0,0,0,,MNPRV,,0,5,2008-01-01,WD,NORMAL,174000
137,20,RL,,10355,PAVE,,IR1,LVL,ALLPUB,CORNER,GTL,NAMES,NORM,NORM,1FAM,1STORY,5,5,1967-01-01,1967-01-01,GABLE,COMPSHG,METALSD,METALSD,BRKFACE,196.0,TA,TA,CBLOCK,TA,TA,NO,BLQ,695,UNF,0,519,1214,GASA,TA,Y,SBRKR,1214,0,0,1214,0,0,2,0,3,1,TA,5,TYP,1,FA,ATTCHD,1967.0,RFN,1,318,TA,TA,Y,0,111,0,0,0,0,,,,0,7,2007-01-01,WD,NORMAL,143000
138,90,RL,82.0,11070,PAVE,,REG,LVL,ALLPUB,INSIDE,GTL,MITCHEL,NORM,NORM,DUPLEX,1STORY,7,5,1988-01-01,1989-01-01,GABLE,COMPSHG,VINYLSD,VINYLSD,BRKFACE,70.0,TA,TA,CBLOCK,TA,TA,NO,UNF,0,UNF,0,1907,1907,GASA,GD,Y,SBRKR,1959,0,0,1959,0,0,3,0,5,2,TA,9,TYP,0,,2TYPES,1989.0,UNF,3,766,TA,TA,Y,0,0,0,0,0,0,,,,0,7,2006-01-01,WD,FAMILY,171000
139,60,RL,73.0,9066,PAVE,,IR1,LVL,ALLPUB,INSIDE,GTL,COLLGCR,NORM,NORM,1FAM,2STORY,8,5,1999-01-01,2000-01-01,GABLE,COMPSHG,VINYLSD,VINYLSD,BRKFACE,320.0,GD,TA,PCONC,GD,TA,MN,GLQ,668,UNF,0,336,1004,GASA,EX,Y,SBRKR,1004,848,0,1852,0,0,2,1,3,1,GD,7,TYP,2,TA,ATTCHD,1999.0,FIN,3,660,TA,TA,Y,224,106,0,0,0,0,,GDPRV,,0,12,2008-01-01,WD,NORMAL,230000
140,60,RL,65.0,15426,PAVE,,IR1,LVL,ALLPUB,INSIDE,GTL,COLLGCR,NORM,NORM,1FAM,2STORY,6,5,1997-01-01,1997-01-01,GABLE,COMPSHG,VINYLSD,VINYLSD,,0.0,TA,TA,PCONC,GD,TA,NO,GLQ,821,UNF,0,107,928,GASA,EX,Y,SBRKR,928,836,0,1764,1,0,2,1,3,1,GD,7,TYP,0,,ATTCHD,1997.0,RFN,2,470,TA,TA,Y,276,99,0,0,0,0,,MNPRV,,0,8,2009-01-01,WD,NORMAL,231500
141,20,RL,70.0,10500,PAVE,,REG,LVL,ALLPUB,FR2,GTL,NAMES,NORM,NORM,1FAM,1STORY,4,5,1971-01-01,1971-01-01,GABLE,COMPSHG,HDBOARD,HDBOARD,,0.0,TA,TA,CBLOCK,TA,TA,NO,ALQ,432,UNF,0,432,864,GASA,TA,Y,SBRKR,864,0,0,864,0,0,1,0,3,1,TA,5,TYP,1,PO,,,,0,0,,,Y,0,0,0,0,0,0,,,,0,4,2010-01-01,CONLI,NORMAL,115000
142,20,RL,78.0,11645,PAVE,,REG,LVL,ALLPUB,INSIDE,GTL,COLLGCR,NORM,NORM,1FAM,1STORY,7,5,2005-01-01,2005-01-01,GABLE,COMPSHG,VINYLSD,VINYLSD,,0.0,GD,TA,PCONC,GD,TA,AV,GLQ,1300,UNF,0,434,1734,GASA,EX,Y,SBRKR,1734,0,0,1734,1,0,2,0,3,1,GD,7,TYP,0,,ATTCHD,2005.0,FIN,2,660,TA,TA,Y,160,24,0,0,0,0,,,,0,1,2006-01-01,WD,NORMAL,260000
143,50,RL,71.0,8520,PAVE,,REG,LVL,ALLPUB,CORNER,GTL,NAMES,ARTERY,NORM,1FAM,1.5FIN,5,4,1952-01-01,1952-01-01,GABLE,COMPSHG,BRKFACE,WD SDNG,,0.0,TA,FA,CBLOCK,TA,TA,NO,REC,507,UNF,0,403,910,GASA,FA,Y,SBRKR,910,475,0,1385,0,0,2,0,4,1,TA,6,TYP,0,,DETCHD,2000.0,UNF,2,720,TA,TA,Y,0,0,0,0,0,0,,MNPRV,,0,6,2010-01-01,WD,NORMAL,166000
144,20,RL,78.0,10335,PAVE,,IR1,LVL,ALLPUB,INSIDE,GTL,COLLGCR,NORM,NORM,1FAM,1STORY,7,5,1999-01-01,1999-01-01,GABLE,COMPSHG,VINYLSD,VINYLSD,BRKFACE,183.0,GD,TA,PCONC,GD,TA,GD,GLQ,679,UNF,0,811,1490,GASA,EX,Y,SBRKR,1501,0,0,1501,1,0,2,0,3,1,GD,6,TYP,0,,ATTCHD,1999.0,RFN,2,577,TA,TA,Y,144,29,0,0,0,0,,,,0,6,2009-01-01,WD,NORMAL,204000
145,90,RM,70.0,9100,PAVE,,REG,LVL,ALLPUB,INSIDE,GTL,SAWYER,RRAE,NORM,DUPLEX,1STORY,5,5,1963-01-01,1963-01-01,GABLE,COMPSHG,HDBOARD,HDBOARD,BRKFACE,336.0,TA,TA,CBLOCK,TA,TA,NO,REC,1332,UNF,0,396,1728,GASA,TA,Y,SBRKR,1728,0,0,1728,1,0,2,0,6,2,TA,10,TYP,0,,DETCHD,1963.0,UNF,2,504,TA,TA,Y,0,0,0,0,0,0,,,,0,11,2006-01-01,CONLI,ABNORML,125000
146,160,RM,24.0,2522,PAVE,,REG,LVL,ALLPUB,INSIDE,GTL,EDWARDS,NORM,NORM,TWNHS,2STORY,6,5,2004-01-01,2006-01-01,GABLE,COMPSHG,VINYLSD,VINYLSD,STONE,50.0,GD,TA,PCONC,GD,TA,NO,UNF,0,UNF,0,970,970,GASA,EX,Y,SBRKR,970,739,0,1709,0,0,2,0,3,1,GD,7,MAJ1,0,,DETCHD,2004.0,UNF,2,380,TA,TA,Y,0,40,0,0,0,0,,,,0,4,2006-01-01,WD,NORMAL,130000
147,30,RM,51.0,6120,PAVE,,REG,LVL,ALLPUB,CORNER,GTL,BRKSIDE,NORM,NORM,1FAM,1STORY,5,7,1931-01-01,1993-01-01,GABLE,COMPSHG,WD SDNG,WD SDNG,,0.0,TA,TA,BRKTIL,TA,TA,NO,BLQ,209,UNF,0,506,715,GASA,TA,Y,FUSEA,875,0,0,875,1,0,1,0,2,1,TA,5,TYP,0,,DETCHD,1931.0,UNF,1,180,FA,TA,Y,48,0,0,0,0,0,,,,0,11,2009-01-01,WD,NORMAL,105000
148,60,RL,,9505,PAVE,,IR1,LVL,ALLPUB,CULDSAC,GTL,GILBERT,NORM,NORM,1FAM,2STORY,7,5,2001-01-01,2001-01-01,GABLE,COMPSHG,VINYLSD,VINYLSD,BRKFACE,180.0,GD,TA,PCONC,GD,TA,NO,UNF,0,UNF,0,884,884,GASA,EX,Y,SBRKR,884,1151,0,2035,0,0,2,1,3,1,GD,8,TYP,1,GD,BUILTIN,2001.0,FIN,2,434,TA,TA,Y,144,48,0,0,0,0,,,,0,5,2010-01-01,WD,NORMAL,222500
149,20,RL,63.0,7500,PAVE,,REG,LVL,ALLPUB,INSIDE,GTL,SAWYERW,NORM,NORM,1FAM,1STORY,7,5,2004-01-01,2005-01-01,GABLE,COMPSHG,VINYLSD,VINYLSD,BRKFACE,120.0,TA,TA,PCONC,GD,TA,NO,GLQ,680,UNF,0,400,1080,GASA,EX,Y,SBRKR,1080,0,0,1080,1,0,1,0,3,1,GD,6,TYP,0,,,,,0,0,,,Y,0,0,0,0,0,0,,,,0,4,2008-01-01,WD,NORMAL,141000
150,50,RM,,6240,PAVE,,REG,LVL,ALLPUB,INSIDE,GTL,BRKSIDE,NORM,NORM,1FAM,1.5FIN,5,4,1936-01-01,1950-01-01,GABLE,COMPSHG,METALSD,METALSD,,0.0,TA,TA,BRKTIL,GD,TA,NO,UNF,0,UNF,0,896,896,GASA,GD,Y,FUSEA,896,448,0,1344,0,0,1,0,3,1,TA,7,TYP,0,,DETCHD,1936.0,UNF,1,240,FA,TA,Y,200,114,0,0,0,0,,,,0,4,2006-01-01,WD,NORMAL,115000
151,20,RL,120.0,10356,PAVE,,REG,LVL,ALLPUB,CORNER,GTL,COLLGCR,NORM,NORM,1FAM,1STORY,5,6,1975-01-01,1975-01-01,GABLE,COMPSHG,HDBOARD,HDBOARD,,0.0,TA,TA,CBLOCK,TA,TA,AV,BLQ,716,UNF,0,253,969,GASA,TA,Y,SBRKR,969,0,0,969,0,0,1,1,3,1,TA,5,TYP,0,,ATTCHD,1975.0,UNF,2,440,TA,TA,Y,0,0,0,0,0,0,,MNPRV,,0,1,2007-01-01,WD,NORMAL,122000
152,20,RL,107.0,13891,PAVE,,REG,LVL,ALLPUB,INSIDE,GTL,NRIDGHT,NORM,NORM,1FAM,1STORY,8,5,2007-01-01,2008-01-01,HIP,COMPSHG,VINYLSD,VINYLSD,STONE,436.0,GD,TA,PCONC,EX,TA,GD,GLQ,1400,UNF,0,310,1710,GASA,EX,Y,SBRKR,1710,0,0,1710,1,0,2,0,2,1,GD,6,TYP,1,GD,ATTCHD,2007.0,RFN,3,866,TA,TA,Y,0,102,0,0,0,0,,,,0,1,2008-01-01,NEW,PARTIAL,372402
153,60,RL,,14803,PAVE,,IR1,LVL,ALLPUB,CULDSAC,GTL,NWAMES,NORM,NORM,1FAM,2STORY,6,5,1971-01-01,1971-01-01,GABLE,COMPSHG,HDBOARD,HDBOARD,BRKFACE,252.0,TA,TA,CBLOCK,TA,TA,NO,REC,416,UNF,0,409,825,GASA,GD,Y,SBRKR,1097,896,0,1993,0,0,2,1,4,1,TA,8,TYP,1,GD,ATTCHD,1971.0,RFN,2,495,TA,TA,Y,0,66,0,0,0,0,,GDWO,,0,6,2006-01-01,WD,NORMAL,190000
154,20,RL,,13500,PAVE,,REG,LVL,ALLPUB,INSIDE,GTL,CLEARCR,NORM,NORM,1FAM,1STORY,6,7,1960-01-01,1975-01-01,FLAT,COMPSHG,BRKFACE,PLYWOOD,,0.0,TA,TA,CBLOCK,GD,TA,GD,BLQ,429,ALQ,1080,93,1602,GASA,GD,Y,SBRKR,1252,0,0,1252,1,0,1,0,1,1,TA,4,TYP,1,GD,ATTCHD,1960.0,RFN,2,564,TA,TA,Y,409,0,0,0,0,0,,,,0,3,2008-01-01,WD,NORMAL,235000
155,30,RM,84.0,11340,PAVE,,REG,LVL,ALLPUB,CORNER,GTL,OLDTOWN,NORM,NORM,1FAM,1STORY,6,5,1923-01-01,1950-01-01,GABLE,COMPSHG,WD SDNG,WD SDNG,,0.0,TA,TA,BRKTIL,TA,TA,NO,UNF,0,UNF,0,1200,1200,GASA,TA,Y,FUSEA,1200,0,0,1200,0,0,1,0,4,1,TA,7,TYP,0,,DETCHD,1923.0,UNF,1,312,FA,FA,Y,0,0,228,0,0,0,,,,0,3,2006-01-01,WD,FAMILY,125000
156,50,RL,60.0,9600,PAVE,,REG,LVL,ALLPUB,CORNER,GTL,EDWARDS,ARTERY,NORM,1FAM,1.5FIN,6,5,1924-01-01,1950-01-01,GABLE,COMPSHG,WD SDNG,WD SDNG,,0.0,TA,TA,BRKTIL,TA,TA,NO,UNF,0,UNF,0,572,572,GRAV,FA,N,FUSEF,572,524,0,1096,0,0,1,0,2,1,TA,5,TYP,0,,,,,0,0,,,N,0,8,128,0,0,0,,,,0,4,2008-01-01,WD,NORMAL,79000
157,20,RL,60.0,7200,PAVE,,REG,LVL,ALLPUB,INSIDE,GTL,NAMES,NORM,NORM,1FAM,1STORY,5,7,1950-01-01,1950-01-01,HIP,COMPSHG,WD SDNG,WD SDNG,,0.0,TA,TA,CBLOCK,,,,,0,,0,0,0,GASA,TA,Y,FUSEF,1040,0,0,1040,0,0,1,0,2,1,TA,5,TYP,0,,DETCHD,1950.0,UNF,2,625,TA,TA,Y,0,0,0,0,0,0,,,,0,6,2006-01-01,WD,NORMAL,109500
158,60,RL,92.0,12003,PAVE,,REG,LVL,ALLPUB,CORNER,GTL,TIMBER,NORM,NORM,1FAM,2STORY,8,5,2009-01-01,2010-01-01,GABLE,COMPSHG,VINYLSD,VINYLSD,BRKFACE,84.0,GD,TA,PCONC,EX,TA,NO,UNF,0,UNF,0,774,774,GASA,EX,Y,SBRKR,774,1194,0,1968,0,0,2,1,4,1,EX,8,TYP,1,GD,BUILTIN,2009.0,FIN,3,680,TA,TA,Y,0,75,0,0,0,0,,,,0,5,2010-01-01,NEW,PARTIAL,269500
159,60,FV,100.0,12552,PAVE,,REG,LVL,ALLPUB,CORNER,GTL,SOMERST,NORM,NORM,1FAM,2STORY,7,5,2004-01-01,2005-01-01,GABLE,COMPSHG,VINYLSD,VINYLSD,,0.0,GD,TA,PCONC,GD,TA,NO,GLQ,222,UNF,0,769,991,GASA,EX,Y,SBRKR,991,956,0,1947,0,0,2,1,3,1,GD,8,TYP,1,GD,ATTCHD,2004.0,RFN,2,678,TA,TA,Y,0,136,0,0,0,0,,GDWO,,0,5,2010-01-01,WD,NORMAL,254900
160,60,RL,134.0,19378,PAVE,,IR1,HLS,ALLPUB,CORNER,GTL,GILBERT,NORM,NORM,1FAM,2STORY,7,5,2005-01-01,2006-01-01,GABLE,COMPSHG,VINYLSD,VINYLSD,BRKFACE,456.0,GD,TA,PCONC,GD,TA,MN,GLQ,57,UNF,0,1335,1392,GASA,EX,Y,SBRKR,1392,1070,0,2462,1,0,2,1,4,1,GD,9,TYP,1,GD,ATTCHD,2006.0,RFN,2,576,TA,TA,Y,239,132,0,168,0,0,,,,0,3,2006-01-01,NEW,PARTIAL,320000
161,20,RL,,11120,PAVE,,IR1,LVL,ALLPUB,CULDSAC,GTL,VEENKER,NORM,NORM,1FAM,1STORY,6,6,1984-01-01,1984-01-01,GABLE,COMPSHG,PLYWOOD,PLYWOOD,,0.0,TA,TA,PCONC,GD,TA,NO,BLQ,660,UNF,0,572,1232,GASA,TA,Y,SBRKR,1232,0,0,1232,0,0,2,0,3,1,TA,6,TYP,0,,ATTCHD,1984.0,UNF,2,516,TA,TA,Y,0,0,0,0,0,0,,,,0,6,2008-01-01,WD,NORMAL,162500
162,60,RL,110.0,13688,PAVE,,IR1,LVL,ALLPUB,INSIDE,GTL,NRIDGHT,NORM,NORM,1FAM,2STORY,9,5,2003-01-01,2004-01-01,GABLE,COMPSHG,VINYLSD,VINYLSD,BRKFACE,664.0,GD,TA,PCONC,EX,TA,AV,GLQ,1016,UNF,0,556,1572,GASA,EX,Y,SBRKR,1572,1096,0,2668,1,0,2,1,3,1,EX,10,TYP,2,GD,BUILTIN,2003.0,FIN,3,726,TA,TA,Y,400,0,0,0,0,0,,,,0,3,2008-01-01,WD,NORMAL,412500
163,20,RL,95.0,12182,PAVE,,REG,LVL,ALLPUB,CORNER,GTL,NRIDGHT,NORM,NORM,1FAM,1STORY,7,5,2005-01-01,2005-01-01,GABLE,COMPSHG,VINYLSD,VINYLSD,BRKFACE,226.0,GD,TA,PCONC,GD,TA,MN,BLQ,1201,UNF,0,340,1541,GASA,EX,Y,SBRKR,1541,0,0,1541,0,0,2,0,3,1,GD,7,TYP,1,GD,ATTCHD,2005.0,RFN,2,532,TA,TA,Y,0,70,0,0,0,0,,,,0,5,2010-01-01,NEW,PARTIAL,220000
164,45,RL,55.0,5500,PAVE,,REG,LVL,ALLPUB,INSIDE,GTL,OLDTOWN,NORM,NORM,1FAM,1.5UNF,4,6,1956-01-01,1956-01-01,GABLE,COMPSHG,METALSD,METALSD,,0.0,TA,TA,CBLOCK,TA,TA,NO,UNF,0,UNF,0,882,882,GASA,EX,Y,SBRKR,882,0,0,882,0,0,1,0,1,1,TA,4,TYP,0,,,,,0,0,,,Y,0,0,0,0,0,0,,MNPRV,,0,4,2007-01-01,WD,NORMAL,103200
165,40,RM,40.0,5400,PAVE,PAVE,REG,LVL,ALLPUB,CORNER,GTL,OLDTOWN,NORM,NORM,1FAM,1STORY,6,7,1926-01-01,2004-01-01,GABLE,COMPSHG,METALSD,METALSD,,0.0,TA,GD,BRKTIL,TA,TA,MN,LWQ,370,UNF,0,779,1149,GASA,GD,Y,FUSEA,1149,467,0,1616,0,0,2,0,3,1,GD,5,TYP,0,,DETCHD,1926.0,UNF,1,216,TA,TA,Y,0,0,183,0,0,0,,,,0,10,2007-01-01,WD,NORMAL,152000
166,190,RL,62.0,10106,PAVE,,REG,LVL,ALLPUB,INSIDE,GTL,EDWARDS,NORM,NORM,2FMCON,1.5FIN,5,7,1940-01-01,1999-01-01,GABLE,COMPSHG,WD SDNG,WD SDNG,,0.0,TA,GD,BRKTIL,TA,TA,NO,ALQ,351,REC,181,112,644,GASA,GD,Y,SBRKR,808,547,0,1355,1,0,2,0,4,2,TA,6,TYP,0,,,,,0,0,,,Y,140,0,0,0,0,0,,,,0,9,2008-01-01,WD,NORMAL,127500
167,20,RL,,10708,PAVE,,IR1,LVL,ALLPUB,INSIDE,GTL,CLEARCR,NORM,NORM,1FAM,1STORY,5,5,1955-01-01,1993-01-01,HIP,COMPSHG,WD SDNG,WD SDNG,,0.0,GD,TA,CBLOCK,TA,TA,NO,LWQ,379,BLQ,768,470,1617,GASA,EX,Y,FUSEA,1867,0,0,1867,1,0,1,0,2,1,TA,7,TYP,3,GD,ATTCHD,1955.0,FIN,1,303,TA,TA,Y,476,0,0,0,142,0,,GDWO,,0,11,2009-01-01,COD,NORMAL,190000
168,60,RL,86.0,10562,PAVE,,REG,LVL,ALLPUB,INSIDE,GTL,NRIDGHT,NORM,NORM,1FAM,2STORY,8,5,2007-01-01,2007-01-01,GABLE,COMPSHG,VINYLSD,VINYLSD,STONE,300.0,GD,TA,PCONC,EX,TA,NO,GLQ,1288,UNF,0,294,1582,GASA,EX,Y,SBRKR,1610,551,0,2161,1,0,1,1,3,1,EX,8,TYP,1,GD,ATTCHD,2007.0,FIN,3,789,TA,TA,Y,178,120,0,0,0,0,,,,0,11,2007-01-01,NEW,PARTIAL,325624
169,60,RL,62.0,8244,PAVE,,IR1,LVL,ALLPUB,INSIDE,GTL,GILBERT,NORM,NORM,1FAM,2STORY,7,5,2004-01-01,2004-01-01,GABLE,COMPSHG,VINYLSD,VINYLSD,,0.0,GD,TA,PCONC,GD,TA,NO,UNF,0,UNF,0,840,840,GASA,EX,Y,SBRKR,840,880,0,1720,0,0,2,1,3,1,GD,7,TYP,1,GD,ATTCHD,2004.0,FIN,2,440,TA,TA,Y,100,48,0,0,0,0,,,,0,5,2007-01-01,WD,NORMAL,183500
170,20,RL,,16669,PAVE,,IR1,LVL,ALLPUB,CORNER,GTL,TIMBER,NORM,NORM,1FAM,1STORY,8,6,1981-01-01,1981-01-01,HIP,WDSHAKE,PLYWOOD,PLYWOOD,BRKFACE,653.0,GD,TA,CBLOCK,GD,TA,NO,UNF,0,UNF,0,1686,1686,GASA,TA,Y,SBRKR,1707,0,0,1707,0,0,2,1,2,1,TA,6,TYP,1,TA,ATTCHD,1981.0,RFN,2,511,TA,TA,Y,574,64,0,0,0,0,,,,0,1,2006-01-01,WD,NORMAL,228000
171,50,RM,,12358,PAVE,,IR1,LVL,ALLPUB,INSIDE,GTL,OLDTOWN,FEEDR,NORM,1FAM,1.5FIN,5,6,1941-01-01,1950-01-01,GABLE,COMPSHG,METALSD,METALSD,,0.0,TA,TA,CBLOCK,TA,TA,NO,REC,360,UNF,0,360,720,GASA,TA,Y,SBRKR,854,0,528,1382,0,0,1,1,2,1,TA,7,TYP,0,,DETCHD,1991.0,UNF,2,660,TA,TA,Y,237,0,0,0,0,0,,,,0,5,2007-01-01,WD,NORMAL,128500
172,20,RL,141.0,31770,PAVE,,IR1,LVL,ALLPUB,CORNER,GTL,NAMES,NORM,NORM,1FAM,1STORY,6,5,1960-01-01,1960-01-01,HIP,COMPSHG,BRKFACE,PLYWOOD,STONE,112.0,TA,TA,CBLOCK,TA,GD,GD,BLQ,639,UNF,0,441,1080,GASA,FA,Y,SBRKR,1656,0,0,1656,1,0,1,0,3,1,TA,7,TYP,2,GD,ATTCHD,1960.0,FIN,2,528,TA,TA,P,210,62,0,0,0,0,,,,0,5,2010-01-01,WD,NORMAL,215000
173,160,RL,44.0,5306,PAVE,,IR1,LVL,ALLPUB,INSIDE,GTL,STONEBR,NORM,NORM,TWNHSE,2STORY,7,7,1987-01-01,1987-01-01,GABLE,COMPSHG,HDBOARD,HDBOARD,,0.0,GD,GD,PCONC,GD,GD,NO,GLQ,495,REC,215,354,1064,GASA,GD,Y,SBRKR,1064,703,0,1767,1,0,2,0,2,1,GD,5,TYP,1,TA,ATTCHD,1987.0,RFN,2,504,GD,TA,Y,441,35,0,0,0,0,,,,0,6,2006-01-01,WD,NORMAL,239000
174,20,RL,80.0,10197,PAVE,,IR1,LVL,ALLPUB,INSIDE,GTL,NAMES,NORM,NORM,1FAM,1STORY,6,5,1961-01-01,1961-01-01,GABLE,COMPSHG,WDSHING,WD SHNG,BRKCMN,491.0,TA,TA,CBLOCK,TA,TA,NO,ALQ,288,REC,374,700,1362,GASA,TA,Y,SBRKR,1362,0,0,1362,1,0,1,1,3,1,TA,6,TYP,1,TA,ATTCHD,1961.0,UNF,2,504,TA,TA,Y,0,20,0,0,0,0,,,,0,6,2008-01-01,COD,NORMAL,163000
175,20,RL,47.0,12416,PAVE,,IR1,LVL,ALLPUB,INSIDE,GTL,TIMBER,NORM,NORM,1FAM,1STORY,6,5,1986-01-01,1986-01-01,GABLE,COMPSHG,VINYLSD,PLYWOOD,STONE,132.0,TA,TA,CBLOCK,GD,FA,NO,ALQ,1398,LWQ,208,0,1606,GASA,TA,Y,SBRKR,1651,0,0,1651,1,0,2,0,3,1,TA,7,MIN2,1,TA,ATTCHD,1986.0,FIN,2,616,TA,TA,Y,192,0,0,0,0,0,,,,0,11,2008-01-01,WD,NORMAL,184000
176,20,RL,84.0,12615,PAVE,,REG,LVL,ALLPUB,CORNER,GTL,EDWARDS,NORM,NORM,1FAM,1STORY,6,7,1950-01-01,2001-01-01,GABLE,COMPSHG,WDSHING,WD SHNG,,0.0,TA,TA,CBLOCK,TA,GD,AV,ALQ,477,UNF,0,725,1202,GASA,TA,Y,SBRKR,2158,0,0,2158,1,0,2,0,4,1,GD,7,TYP,1,GD,ATTCHD,1950.0,UNF,2,576,TA,TA,Y,0,29,39,0,0,0,,MNPRV,,0,6,2007-01-01,WD,NORMAL,243000
177,60,RL,97.0,10029,PAVE,,IR1,LVL,ALLPUB,CORNER,GTL,CLEARCR,NORM,NORM,1FAM,2STORY,6,5,1988-01-01,1989-01-01,GABLE,COMPSHG,PLYWOOD,PLYWOOD,BRKFACE,268.0,GD,TA,PCONC,GD,TA,NO,GLQ,831,UNF,0,320,1151,GASA,TA,Y,SBRKR,1164,896,0,2060,0,1,2,1,4,1,TA,8,TYP,1,TA,ATTCHD,1988.0,UNF,2,521,TA,TA,Y,0,228,0,0,192,0,,,,0,9,2007-01-01,WD,NORMAL,211000
178,50,RL,,13650,PAVE,,REG,LVL,ALLPUB,INSIDE,GTL,SAWYER,NORM,NORM,1FAM,1.5FIN,5,5,1958-01-01,1958-01-01,GABLE,COMPSHG,METALSD,METALSD,,0.0,GD,GD,CBLOCK,TA,TA,NO,ALQ,57,BLQ,441,554,1052,GASA,EX,Y,SBRKR,1252,668,0,1920,1,0,2,0,4,1,GD,8,TYP,1,GD,ATTCHD,1958.0,UNF,2,451,TA,TA,Y,0,0,0,0,0,0,,,,0,7,2006-01-01,WD,NORMAL,172500
179,20,RL,63.0,17423,PAVE,,IR1,LVL,ALLPUB,CULDSAC,GTL,STONEBR,NORM,NORM,1FAM,1STORY,9,5,2008-01-01,2009-01-01,HIP,COMPSHG,VINYLSD,VINYLSD,STONE,748.0,EX,TA,PCONC,EX,TA,NO,GLQ,1904,UNF,0,312,2216,GASA,EX,Y,SBRKR,2234,0,0,2234,1,0,2,0,1,1,EX,9,TYP,1,GD,ATTCHD,2009.0,FIN,3,1166,TA,TA,Y,0,60,0,0,0,0,,,,0,7,2009-01-01,NEW,PARTIAL,501837
180,30,RM,60.0,8520,PAVE,,REG,LVL,ALLPUB,INSIDE,GTL,OLDTOWN,NORM,NORM,1FAM,1STORY,5,6,1923-01-01,2006-01-01,GABLE,COMPSHG,WD SDNG,WD SDNG,,0.0,GD,TA,CBLOCK,TA,TA,NO,UNF,0,UNF,0,968,968,GASA,TA,Y,SBRKR,968,0,0,968,0,0,1,0,2,1,TA,5,TYP,0,,DETCHD,1935.0,UNF,2,480,FA,TA,N,0,0,184,0,0,0,,,,0,7,2007-01-01,WD,NORMAL,100000
181,160,FV,,2117,PAVE,,REG,LVL,ALLPUB,INSIDE,GTL,SOMERST,NORM,NORM,TWNHS,2STORY,6,5,2000-01-01,2000-01-01,GABLE,COMPSHG,METALSD,METALSD,BRKFACE,456.0,GD,TA,PCONC,GD,TA,NO,GLQ,436,UNF,0,320,756,GASA,EX,Y,SBRKR,769,756,0,1525,0,0,2,1,3,1,GD,5,TYP,1,TA,DETCHD,2000.0,UNF,2,440,TA,TA,Y,0,0,0,0,0,0,,,,0,6,2007-01-01,WD,NORMAL,177000
182,70,RL,54.0,7588,PAVE,,REG,LVL,ALLPUB,INSIDE,GTL,CRAWFOR,NORM,NORM,1FAM,2STORY,7,6,1920-01-01,1950-01-01,GABLE,COMPSHG,STUCCO,STUCCO,,0.0,TA,TA,BRKTIL,FA,TA,NO,LWQ,352,UNF,0,441,793,GASA,GD,Y,SBRKR,901,901,0,1802,0,0,1,1,4,1,TA,9,TYP,1,GD,DETCHD,1920.0,UNF,1,216,FA,TA,Y,0,0,40,0,0,0,,,,0,7,2006-01-01,WD,NORMAL,200100
183,20,RL,60.0,9060,PAVE,,REG,LVL,ALLPUB,INSIDE,GTL,EDWARDS,ARTERY,NORM,1FAM,1STORY,5,6,1957-01-01,2006-01-01,HIP,COMPSHG,WD SDNG,WD SDNG,BRKFACE,98.0,TA,TA,PCONC,,,,,0,,0,0,0,GASA,EX,Y,SBRKR,1340,0,0,1340,0,0,1,0,3,1,TA,7,TYP,1,GD,ATTCHD,1957.0,RFN,1,252,TA,TA,Y,116,0,0,180,0,0,,MNPRV,,0,6,2007-01-01,WD,NORMAL,120000
184,50,RM,63.0,11426,PAVE,,REG,LVL,ALLPUB,INSIDE,GTL,OLDTOWN,NORM,NORM,1FAM,1.5FIN,7,5,2003-01-01,2003-01-01,GABLE,COMPSHG,VINYLSD,VINYLSD,,0.0,TA,TA,PCONC,GD,TA,NO,UNF,0,UNF,0,1362,1362,GASA,EX,Y,SBRKR,1362,720,0,2082,0,0,2,1,3,1,GD,6,MOD,0,,DETCHD,2003.0,UNF,2,484,TA,TA,N,280,238,0,0,0,0,,,,0,6,2008-01-01,WD,NORMAL,200000
185,50,RL,92.0,7438,PAVE,,IR1,LVL,ALLPUB,INSIDE,GTL,BRKSIDE,RRAN,FEEDR,1FAM,1.5FIN,5,8,1908-01-01,1991-01-01,GABLE,COMPSHG,ASBSHNG,PLYWOOD,,0.0,TA,TA,PCONC,FA,TA,NO,UNF,0,UNF,0,504,504,GASA,GD,Y,SBRKR,936,316,0,1252,0,0,1,0,3,1,TA,5,TYP,0,,ATTCHD,1986.0,UNF,2,576,TA,TA,Y,104,0,0,0,0,0,,MNPRV,,0,6,2006-01-01,WD,NORMAL,127000
186,75,RM,90.0,22950,PAVE,,IR2,LVL,ALLPUB,INSIDE,GTL,OLDTOWN,ARTERY,NORM,1FAM,2.5FIN,10,9,1892-01-01,1993-01-01,GABLE,WDSHNGL,WD SDNG,WD SDNG,,0.0,GD,GD,BRKTIL,TA,TA,MN,UNF,0,UNF,0,1107,1107,GASA,EX,Y,SBRKR,1518,1518,572,3608,0,0,2,1,4,1,EX,12,TYP,2,TA,DETCHD,1993.0,UNF,3,840,EX,TA,Y,0,260,0,0,410,0,,GDPRV,,0,6,2006-01-01,WD,NORMAL,475000
187,80,RL,,9947,PAVE,,IR1,LVL,ALLPUB,CULDSAC,GTL,MITCHEL,NORM,NORM,1FAM,SLVL,7,5,1990-01-01,1991-01-01,GABLE,COMPSHG,HDBOARD,HDBOARD,,0.0,TA,TA,PCONC,GD,TA,AV,GLQ,611,UNF,0,577,1188,GASA,EX,Y,SBRKR,1217,0,0,1217,1,0,2,0,3,1,GD,6,TYP,0,,ATTCHD,1990.0,UNF,2,497,TA,TA,Y,168,27,0,0,0,0,,GDPRV,,0,6,2009-01-01,WD,NORMAL,173000
188,50,RL,60.0,10410,PAVE,,REG,LVL,ALLPUB,INSIDE,GTL,OLDTOWN,NORM,NORM,1FAM,1.5FIN,5,7,1916-01-01,1987-01-01,GABLE,COMPSHG,HDBOARD,HDBOARD,,0.0,TA,TA,CBLOCK,FA,TA,NO,UNF,0,UNF,0,660,660,GASA,EX,Y,SBRKR,808,704,144,1656,0,0,2,1,3,1,TA,8,MIN2,0,,DETCHD,1916.0,UNF,1,180,FA,FA,N,0,0,0,140,0,0,,MNPRV,,0,8,2009-01-01,WD,NORMAL,135000
189,90,RL,64.0,7018,PAVE,,REG,BNK,ALLPUB,INSIDE,GTL,SAWYERW,FEEDR,NORM,DUPLEX,SFOYER,5,5,1979-01-01,1979-01-01,GABLE,COMPSHG,PLYWOOD,PLYWOOD,STONE,275.0,TA,TA,CBLOCK,GD,TA,AV,GLQ,1086,UNF,0,0,1086,GASA,TA,Y,SBRKR,1224,0,0,1224,2,0,0,2,2,2,TA,6,TYP,2,TA,DETCHD,1979.0,UNF,2,528,TA,TA,Y,120,0,0,0,0,0,,,,0,6,2009-01-01,WD,ALLOCA,153337
190,120,RL,41.0,4923,PAVE,,REG,LVL,ALLPUB,INSIDE,GTL,STONEBR,NORM,NORM,TWNHSE,1STORY,8,5,2001-01-01,2002-01-01,GABLE,COMPSHG,CEMNTBD,CMENTBD,,0.0,GD,TA,PCONC,EX,TA,AV,GLQ,1153,UNF,0,440,1593,GASA,EX,Y,SBRKR,1593,0,0,1593,1,0,1,1,0,1,EX,5,TYP,1,GD,ATTCHD,2001.0,FIN,2,682,TA,TA,Y,0,120,0,0,224,0,,,,0,8,2008-01-01,WD,NORMAL,286000
191,70,RL,70.0,10570,PAVE,,REG,BNK,ALLPUB,INSIDE,MOD,CRAWFOR,NORM,NORM,1FAM,2STORY,8,8,1932-01-01,1994-01-01,HIP,COMPSHG,BRKFACE,BRKFACE,,0.0,GD,TA,CBLOCK,GD,GD,NO,REC,297,UNF,0,556,853,GASA,TA,Y,SBRKR,1549,1178,0,2727,0,0,2,1,3,1,GD,10,MAJ1,2,TA,DETCHD,1932.0,UNF,2,440,TA,TA,Y,0,74,0,0,0,0,,,,0,12,2007-01-01,WD,NORMAL,315000
192,60,RL,,7472,PAVE,,IR1,LVL,ALLPUB,CULDSAC,GTL,NAMES,NORM,NORM,1FAM,2STORY,7,9,1972-01-01,2004-01-01,GABLE,COMPSHG,HDBOARD,HDBOARD,BRKFACE,138.0,TA,TA,CBLOCK,TA,TA,NO,ALQ,626,UNF,0,99,725,GASA,GD,Y,SBRKR,725,754,0,1479,1,0,1,1,4,1,GD,7,TYP,0,,ATTCHD,1972.0,FIN,2,484,TA,TA,Y,0,32,0,0,0,0,,,,0,6,2007-01-01,WD,NORMAL,184000
193,20,RL,68.0,9017,PAVE,,IR1,LVL,ALLPUB,INSIDE,GTL,COLLGCR,NORM,NORM,1FAM,1STORY,7,5,1999-01-01,1999-01-01,GABLE,COMPSHG,VINYLSD,VINYLSD,,0.0,GD,TA,PCONC,GD,TA,AV,GLQ,560,UNF,0,871,1431,GASA,EX,Y,SBRKR,1431,0,0,1431,1,0,2,0,3,1,GD,6,TYP,0,,ATTCHD,1999.0,FIN,2,666,TA,TA,Y,0,35,0,0,0,0,,,,0,9,2009-01-01,WD,NORMAL,192000
194,160,RM,24.0,2522,PAVE,,REG,LVL,ALLPUB,INSIDE,GTL,EDWARDS,NORM,NORM,TWNHS,2STORY,7,5,2004-01-01,2004-01-01,GABLE,COMPSHG,VINYLSD,VINYLSD,STONE,50.0,GD,TA,PCONC,GD,TA,NO,UNF,0,UNF,0,970,970,GASA,EX,Y,SBRKR,970,739,0,1709,0,0,2,0,3,1,GD,7,MAJ1,0,,DETCHD,2004.0,UNF,2,380,TA,TA,Y,0,40,0,0,0,0,,,,0,5,2006-01-01,WD,NORMAL,130000
195,20,RL,60.0,7180,PAVE,,IR1,LVL,ALLPUB,INSIDE,GTL,COLLGCR,NORM,NORM,1FAM,1STORY,5,7,1972-01-01,1972-01-01,HIP,COMPSHG,HDBOARD,HDBOARD,,0.0,TA,TA,CBLOCK,TA,TA,AV,ALQ,390,UNF,0,474,864,GASA,TA,Y,SBRKR,864,0,0,864,0,0,1,0,3,1,TA,5,TYP,0,,DETCHD,1989.0,UNF,1,352,TA,TA,Y,0,0,0,0,0,0,,,,0,5,2008-01-01,WD,NORMAL,127000
196,160,RL,24.0,2280,PAVE,,REG,LVL,ALLPUB,FR2,GTL,NPKVILL,NORM,NORM,TWNHS,2STORY,6,6,1976-01-01,1976-01-01,GABLE,COMPSHG,PLYWOOD,BRK CMN,,0.0,TA,TA,CBLOCK,GD,TA,NO,ALQ,566,UNF,0,289,855,GASA,TA,Y,SBRKR,855,601,0,1456,0,0,2,1,3,1,TA,7,TYP,1,TA,ATTCHD,1976.0,UNF,2,440,TA,TA,Y,87,0,0,0,0,0,,,,0,7,2009-01-01,WD,NORMAL,148500
197,20,RL,79.0,9416,PAVE,,REG,LVL,ALLPUB,INSIDE,GTL,SOMERST,NORM,NORM,1FAM,1STORY,7,5,2007-01-01,2007-01-01,HIP,COMPSHG,CEMNTBD,CMENTBD,STONE,205.0,EX,TA,PCONC,EX,TA,NO,GLQ,1126,UNF,0,600,1726,GASA,EX,Y,SBRKR,1726,0,0,1726,1,0,2,0,3,1,EX,8,TYP,1,GD,ATTCHD,2007.0,FIN,3,786,TA,TA,Y,171,138,0,0,266,0,,,,0,9,2007-01-01,NEW,PARTIAL,311872
198,75,RL,174.0,25419,PAVE,,REG,LVL,ALLPUB,CORNER,GTL,NAMES,ARTERY,NORM,1FAM,2STORY,8,4,1918-01-01,1990-01-01,GABLE,COMPSHG,STUCCO,STUCCO,,0.0,GD,GD,PCONC,TA,TA,NO,GLQ,1036,LWQ,184,140,1360,GASA,GD,Y,SBRKR,1360,1360,392,3112,1,1,2,0,4,1,GD,8,TYP,1,EX,DETCHD,1918.0,UNF,2,795,TA,TA,Y,0,16,552,0,0,512,EX,GDPRV,,0,3,2006-01-01,WD,ABNORML,235000
199,75,RM,92.0,5520,PAVE,,REG,LVL,ALLPUB,CORNER,GTL,OLDTOWN,NORM,NORM,1FAM,2.5FIN,6,6,1912-01-01,1950-01-01,GABLE,COMPSHG,WD SDNG,WD SDNG,,0.0,TA,TA,CBLOCK,TA,TA,NO,UNF,0,UNF,0,755,755,GASA,EX,Y,SBRKR,929,929,371,2229,0,0,1,0,5,1,TA,8,TYP,0,,,,,0,0,,,Y,0,198,30,0,0,0,,MNPRV,,0,7,2009-01-01,WD,ABNORML,104000
200,20,RL,76.0,9591,PAVE,,REG,LVL,ALLPUB,INSIDE,GTL,NRIDGHT,NORM,NORM,1FAM,1STORY,8,5,2004-01-01,2005-01-01,HIP,COMPSHG,VINYLSD,VINYLSD,BRKFACE,262.0,GD,TA,PCONC,EX,TA,AV,GLQ,1088,UNF,0,625,1713,GASA,EX,Y,SBRKR,1713,0,0,1713,1,0,2,0,3,1,EX,7,TYP,1,GD,ATTCHD,2004.0,FIN,3,856,TA,TA,Y,0,26,0,0,170,0,,,,0,1,2009-01-01,WD,NORMAL,274900
201,20,RM,80.0,8546,PAVE,,REG,LVL,ALLPUB,CORNER,GTL,EDWARDS,NORM,NORM,1FAM,1STORY,4,5,2003-01-01,2004-01-01,GABLE,COMPSHG,VINYLSD,VINYLSD,,0.0,TA,TA,PCONC,GD,TA,NO,UNF,0,UNF,0,1121,1121,GASA,EX,Y,SBRKR,1121,0,0,1121,0,0,2,0,2,1,TA,5,TYP,0,,ATTCHD,2003.0,RFN,2,440,TA,TA,Y,132,64,0,0,0,0,,,,0,3,2010-01-01,WD,NORMAL,140000
202,20,RL,75.0,10125,PAVE,,REG,LVL,ALLPUB,INSIDE,GTL,MITCHEL,NORM,NORM,1FAM,1STORY,6,6,1977-01-01,1977-01-01,GABLE,COMPSHG,PLYWOOD,PLYWOOD,,0.0,TA,TA,CBLOCK,TA,TA,NO,ALQ,641,LWQ,279,276,1196,GASA,TA,Y,SBRKR,1279,0,0,1279,0,1,2,0,3,1,TA,6,TYP,2,FA,DETCHD,1980.0,UNF,2,473,TA,TA,Y,238,83,0,0,0,0,,MNPRV,,0,2,2008-01-01,WD,NORMAL,171500
203,50,RL,50.0,7000,PAVE,,REG,LVL,ALLPUB,CORNER,GTL,OLDTOWN,ARTERY,NORM,1FAM,1.5FIN,6,6,1924-01-01,1950-01-01,GABLE,COMPSHG,METALSD,METALSD,,0.0,TA,GD,BRKTIL,FA,TA,NO,LWQ,617,UNF,0,0,617,GASA,GD,Y,SBRKR,865,445,0,1310,0,0,2,0,2,1,TA,6,MIN1,0,,ATTCHD,1924.0,UNF,1,398,TA,TA,Y,0,0,126,0,0,0,,,,0,5,2006-01-01,COD,NORMAL,112000
204,120,RM,,4438,PAVE,,REG,LVL,ALLPUB,INSIDE,GTL,COLLGCR,NORM,NORM,TWNHSE,1STORY,6,5,2004-01-01,2004-01-01,GABLE,COMPSHG,VINYLSD,VINYLSD,BRKFACE,205.0,GD,TA,PCONC,GD,TA,AV,GLQ,662,UNF,0,186,848,GASA,EX,Y,SBRKR,848,0,0,848,1,0,1,0,1,1,GD,3,TYP,1,GD,ATTCHD,2004.0,RFN,2,420,TA,TA,Y,149,0,0,0,0,0,,,,0,1,2008-01-01,WD,NORMAL,149000
205,50,RM,50.0,3500,PAVE,GRVL,REG,LVL,ALLPUB,INSIDE,GTL,OLDTOWN,NORM,NORM,1FAM,1.5FIN,5,7,1947-01-01,1950-01-01,GABLE,COMPSHG,ASBSHNG,ASBSHNG,,0.0,TA,TA,CBLOCK,TA,TA,NO,LWQ,312,UNF,0,408,720,GASA,TA,Y,SBRKR,720,564,0,1284,0,0,1,1,2,1,TA,5,TYP,0,,DETCHD,1948.0,UNF,1,240,TA,TA,Y,0,35,0,0,0,0,,MNWW,,0,4,2009-01-01,WD,NORMAL,110000
206,20,RL,99.0,11851,PAVE,,REG,LVL,ALLPUB,CORNER,GTL,GILBERT,NORM,NORM,1FAM,1STORY,7,5,1990-01-01,1990-01-01,GABLE,COMPSHG,HDBOARD,HDBOARD,,0.0,TA,TA,PCONC,GD,TA,NO,UNF,0,UNF,0,1424,1424,GASA,EX,Y,SBRKR,1442,0,0,1442,0,0,2,0,3,1,TA,5,TYP,0,,ATTCHD,1990.0,RFN,2,500,TA,TA,Y,0,34,0,508,0,0,,,,0,5,2009-01-01,WD,NORMAL,180500
207,20,RL,40.0,13673,PAVE,,IR1,LVL,ALLPUB,CULDSAC,GTL,SAWYER,RRAE,NORM,1FAM,1STORY,5,5,1962-01-01,1962-01-01,GABLE,COMPSHG,HDBOARD,HDBOARD,,0.0,TA,GD,CBLOCK,TA,TA,NO,UNF,0,UNF,0,1140,1140,GASA,TA,Y,SBRKR,1696,0,0,1696,0,0,1,1,3,1,TA,8,MIN2,1,TA,ATTCHD,1962.0,RFN,1,349,TA,TA,Y,0,30,0,0,0,0,,,,0,3,2007-01-01,WD,NORMAL,143900
208,20,RL,,12493,PAVE,,IR1,LVL,ALLPUB,INSIDE,GTL,NAMES,NORM,NORM,1FAM,1STORY,4,5,1960-01-01,1960-01-01,GABLE,COMPSHG,WD SDNG,WD SDNG,,0.0,TA,TA,PCONC,TA,TA,NO,ALQ,419,REC,306,375,1100,GASA,TA,Y,SBRKR,1100,0,0,1100,1,0,1,0,3,1,TA,6,TYP,1,PO,ATTCHD,1960.0,RFN,1,312,TA,TA,Y,355,0,0,0,0,0,,GDWO,,0,4,2008-01-01,WD,NORMAL,141000
209,60,RL,,14364,PAVE,,IR1,LOW,ALLPUB,INSIDE,MOD,SAWYERW,NORM,NORM,1FAM,2STORY,7,5,1988-01-01,1989-01-01,GABLE,COMPSHG,PLYWOOD,PLYWOOD,BRKFACE,128.0,GD,TA,CBLOCK,GD,TA,GD,GLQ,1065,UNF,0,92,1157,GASA,EX,Y,SBRKR,1180,882,0,2062,1,0,2,1,3,1,TA,7,TYP,1,GD,ATTCHD,1988.0,FIN,2,454,TA,TA,Y,60,55,0,0,154,0,,,,0,4,2007-01-01,WD,NORMAL,277000
210,20,RL,75.0,8250,PAVE,,REG,LVL,ALLPUB,INSIDE,GTL,NAMES,NORM,NORM,1FAM,1STORY,6,7,1964-01-01,1964-01-01,HIP,COMPSHG,HDBOARD,HDBOARD,STONE,260.0,TA,TA,CBLOCK,GD,TA,NO,REC,787,UNF,0,305,1092,GASA,EX,Y,SBRKR,1092,0,0,1092,1,0,1,0,3,1,TA,6,TYP,0,,ATTCHD,1964.0,RFN,2,504,TA,GD,Y,0,0,0,0,0,0,,MNPRV,,0,7,2008-01-01,WD,NORMAL,145000
211,30,RL,67.0,5604,PAVE,,REG,LVL,ALLPUB,INSIDE,GTL,EDWARDS,NORM,NORM,1FAM,1STORY,5,6,1925-01-01,1950-01-01,GABLE,COMPSHG,STUCCO,STUCCO,,0.0,TA,TA,CBLOCK,TA,TA,NO,REC,468,UNF,0,396,864,GASA,TA,N,FUSEA,864,0,0,864,1,0,1,0,2,1,TA,5,TYP,0,,,,,0,0,,,Y,0,0,96,0,0,0,,,,0,4,2008-01-01,WD,NORMAL,98000
212,20,RL,83.0,10420,PAVE,,REG,LVL,ALLPUB,CORNER,GTL,EDWARDS,NORM,NORM,1FAM,1STORY,6,5,2009-01-01,2009-01-01,GABLE,COMPSHG,VINYLSD,VINYLSD,,0.0,TA,TA,PCONC,GD,TA,MN,GLQ,36,UNF,0,1176,1212,GASA,EX,Y,SBRKR,1212,0,0,1212,0,0,2,0,3,1,GD,6,TYP,0,,ATTCHD,2009.0,RFN,2,460,TA,TA,Y,100,22,0,0,0,0,,,,0,3,2010-01-01,WD,NORMAL,186000
213,60,FV,72.0,8640,PAVE,,REG,LVL,ALLPUB,INSIDE,GTL,SOMERST,NORM,NORM,1FAM,2STORY,7,5,2009-01-01,2009-01-01,GABLE,COMPSHG,VINYLSD,VINYLSD,,0.0,TA,TA,PCONC,GD,TA,NO,GLQ,822,UNF,0,78,900,GASA,EX,Y,SBRKR,932,920,0,1852,1,0,2,1,3,1,GD,7,TYP,1,TA,ATTCHD,2009.0,RFN,2,644,TA,TA,Y,168,108,0,0,0,0,,,,0,7,2009-01-01,NEW,PARTIAL,252678
214,20,RL,43.0,13568,PAVE,,IR2,LVL,ALLPUB,CULDSAC,GTL,COLLGCR,NORM,NORM,1FAM,1STORY,5,5,1995-01-01,1995-01-01,GABLE,COMPSHG,VINYLSD,VINYLSD,,0.0,TA,TA,PCONC,GD,TA,NO,ALQ,716,UNF,0,274,990,GASA,EX,Y,SBRKR,990,0,0,990,0,1,1,0,3,1,TA,5,TYP,0,,ATTCHD,1996.0,UNF,2,576,TA,TA,Y,224,0,0,0,0,0,,,,0,7,2006-01-01,WD,NORMAL,156000
215,60,RL,,10900,PAVE,,IR1,LVL,ALLPUB,FR2,GTL,COLLGCR,NORM,NORM,1FAM,2STORY,6,7,1977-01-01,1977-01-01,GABLE,COMPSHG,HDBOARD,HDBOARD,BRKFACE,153.0,TA,TA,CBLOCK,GD,TA,NO,GLQ,378,UNF,0,311,689,GASA,EX,Y,SBRKR,689,703,0,1392,0,0,1,1,3,1,TA,6,TYP,0,,ATTCHD,1977.0,FIN,1,299,TA,TA,Y,0,36,0,0,0,0,,MNPRV,SHED,450,3,2010-01-01,WD,NORMAL,161750
216,20,RL,72.0,10011,PAVE,,IR1,LVL,ALLPUB,INSIDE,GTL,NAMES,NORM,NORM,1FAM,1STORY,5,6,1957-01-01,1996-01-01,GABLE,COMPSHG,HDBOARD,HDBOARD,BRKFACE,64.0,TA,TA,CBLOCK,TA,TA,NO,BLQ,360,UNF,0,710,1070,GASA,TA,Y,SBRKR,1236,0,0,1236,0,1,1,0,2,1,GD,6,MIN1,1,FA,ATTCHD,1957.0,UNF,1,447,TA,TA,Y,0,0,0,0,0,0,,MNPRV,,0,5,2006-01-01,WD,NORMAL,134450
217,20,RL,65.0,8450,PAVE,,REG,LVL,ALLPUB,INSIDE,GTL,COLLGCR,NORM,NORM,1FAM,1STORY,7,5,2004-01-01,2004-01-01,GABLE,COMPSHG,VINYLSD,VINYLSD,BRKFACE,266.0,GD,TA,PCONC,GD,TA,MN,GLQ,946,UNF,0,490,1436,GASA,EX,Y,SBRKR,1436,0,0,1436,1,0,2,0,3,1,GD,8,TYP,0,,ATTCHD,2004.0,UNF,2,484,TA,TA,Y,139,98,0,0,0,0,,,,0,4,2008-01-01,WD,NORMAL,210000
218,70,RM,57.0,9906,PAVE,GRVL,REG,LVL,ALLPUB,INSIDE,GTL,OLDTOWN,NORM,NORM,1FAM,2STORY,4,4,1925-01-01,1950-01-01,GABLE,COMPSHG,METALSD,METALSD,,0.0,TA,TA,CBLOCK,TA,TA,NO,UNF,0,UNF,0,686,686,GASA,FA,N,SBRKR,810,518,0,1328,0,0,1,0,3,1,TA,8,TYP,0,,DETCHD,1940.0,UNF,1,210,TA,TA,Y,0,172,60,0,0,0,,,,0,9,2006-01-01,WD,FAMILY,107000
219,50,RL,,15660,PAVE,,IR1,LVL,ALLPUB,CORNER,GTL,CRAWFOR,NORM,NORM,1FAM,1.5FIN,7,9,1939-01-01,2006-01-01,GABLE,COMPSHG,VINYLSD,VINYLSD,BRKFACE,312.0,GD,GD,CBLOCK,TA,TA,NO,BLQ,341,UNF,0,457,798,GASA,EX,Y,SBRKR,1137,817,0,1954,0,1,1,1,3,1,GD,8,TYP,2,TA,ATTCHD,1939.0,UNF,2,431,TA,TA,Y,0,119,150,0,0,0,,,,0,5,2008-01-01,WD,NORMAL,311500
220,120,RL,43.0,3010,PAVE,,REG,LVL,ALLPUB,INSIDE,GTL,BLMNGTN,NORM,NORM,TWNHSE,1STORY,7,5,2005-01-01,2006-01-01,GABLE,COMPSHG,VINYLSD,VINYLSD,BRKFACE,16.0,GD,TA,PCONC,GD,TA,AV,GLQ,16,UNF,0,1232,1248,GASA,EX,Y,SBRKR,1248,0,0,1248,0,0,2,0,2,1,GD,5,TYP,0,,ATTCHD,2005.0,FIN,2,438,TA,TA,Y,108,0,0,0,0,0,,,,0,3,2006-01-01,NEW,PARTIAL,167240
221,20,RL,73.0,8990,PAVE,,IR1,LVL,ALLPUB,INSIDE,GTL,COLLGCR,NORM,NORM,1FAM,1STORY,7,5,2006-01-01,2006-01-01,GABLE,COMPSHG,VINYLSD,VINYLSD,,0.0,GD,TA,PCONC,GD,TA,MN,UNF,0,UNF,0,1498,1498,GASA,EX,Y,SBRKR,1498,0,0,1498,0,0,2,0,2,1,GD,5,TYP,0,,ATTCHD,2006.0,RFN,2,675,TA,TA,Y,351,33,0,0,0,0,,,,0,4,2006-01-01,NEW,PARTIAL,204900
222,60,RL,,8068,PAVE,,IR1,LVL,ALLPUB,INSIDE,GTL,GILBERT,NORM,NORM,1FAM,2STORY,6,5,2002-01-01,2002-01-01,GABLE,COMPSHG,VINYLSD,VINYLSD,,0.0,GD,TA,PCONC,GD,TA,NO,UNF,0,UNF,0,1010,1010,GASA,EX,Y,SBRKR,1010,1257,0,2267,0,0,2,1,4,1,GD,8,TYP,1,TA,BUILTIN,2002.0,RFN,2,390,TA,TA,Y,120,46,0,0,0,0,,,,0,12,2009-01-01,CONLI,NORMAL,200000
223,60,RL,85.0,11475,PAVE,,REG,LVL,ALLPUB,INSIDE,GTL,NWAMES,RRAN,NORM,1FAM,2STORY,6,6,1975-01-01,1975-01-01,GABLE,COMPSHG,VINYLSD,VINYLSD,,0.0,TA,TA,CBLOCK,GD,TA,NO,ALQ,550,UNF,0,163,713,GASA,TA,Y,SBRKR,811,741,0,1552,1,0,2,1,3,1,TA,6,TYP,1,TA,ATTCHD,1975.0,RFN,2,434,TA,TA,Y,209,208,0,0,0,0,,MNPRV,,0,2,2006-01-01,WD,NORMAL,179900
224,20,RL,70.0,10500,PAVE,,REG,LVL,ALLPUB,FR2,GTL,NAMES,NORM,NORM,1FAM,1STORY,4,6,1971-01-01,1971-01-01,GABLE,COMPSHG,HDBOARD,HDBOARD,,0.0,TA,TA,CBLOCK,TA,TA,NO,ALQ,524,LWQ,180,160,864,GASA,GD,Y,SBRKR,864,0,0,864,0,0,1,0,2,1,TA,4,TYP,0,,DETCHD,1989.0,UNF,2,576,TA,TA,Y,216,0,0,0,0,0,,,,0,3,2009-01-01,WD,ABNORML,97000
225,20,RL,103.0,13472,PAVE,,REG,LVL,ALLPUB,INSIDE,GTL,NRIDGHT,NORM,NORM,1FAM,1STORY,10,5,2003-01-01,2003-01-01,HIP,COMPSHG,VINYLSD,VINYLSD,BRKFACE,922.0,EX,TA,PCONC,EX,TA,GD,GLQ,56,UNF,0,2336,2392,GASA,EX,Y,SBRKR,2392,0,0,2392,0,0,2,0,3,1,EX,8,TYP,1,EX,ATTCHD,2003.0,FIN,3,968,TA,TA,Y,248,105,0,0,0,0,,,,0,6,2009-01-01,WD,NORMAL,386250
226,160,RM,21.0,1680,PAVE,,REG,LVL,ALLPUB,INSIDE,GTL,BRDALE,NORM,NORM,TWNHS,2STORY,5,5,1971-01-01,1971-01-01,GABLE,COMPSHG,HDBOARD,HDBOARD,BRKFACE,142.0,TA,TA,CBLOCK,TA,TA,NO,UNF,0,UNF,0,630,630,GASA,TA,Y,SBRKR,630,672,0,1302,0,0,2,1,3,1,TA,6,TYP,0,,DETCHD,1991.0,UNF,1,280,TA,TA,Y,0,0,0,0,0,0,,,,0,5,2009-01-01,COD,ABNORML,112000
227,60,RL,82.0,9950,PAVE,,IR1,LVL,ALLPUB,INSIDE,GTL,NORIDGE,NORM,NORM,1FAM,2STORY,7,5,1995-01-01,1995-01-01,GABLE,COMPSHG,VINYLSD,VINYLSD,BRKFACE,290.0,GD,TA,PCONC,GD,TA,NO,GLQ,565,UNF,0,638,1203,GASA,EX,Y,SBRKR,1214,1306,0,2520,0,0,2,1,4,1,GD,9,TYP,1,TA,ATTCHD,1995.0,RFN,3,721,TA,TA,Y,224,114,0,0,0,0,,,,0,6,2007-01-01,WD,ABNORML,290000
228,160,RM,21.0,1869,PAVE,,REG,LVL,ALLPUB,INSIDE,GTL,BRDALE,NORM,NORM,TWNHS,2STORY,6,6,1970-01-01,1970-01-01,GABLE,COMPSHG,HDBOARD,HDBOARD,BRKFACE,127.0,TA,TA,CBLOCK,TA,TA,NO,REC,321,UNF,0,162,483,GASA,TA,Y,SBRKR,483,504,0,987,0,0,1,1,2,1,TA,5,TYP,0,,DETCHD,1987.0,UNF,1,280,TA,TA,Y,0,0,0,0,0,0,,,,0,9,2008-01-01,WD,NORMAL,106000
229,20,RL,70.0,8521,PAVE,,REG,LVL,ALLPUB,FR2,GTL,SAWYER,FEEDR,NORM,1FAM,1STORY,5,5,1967-01-01,1967-01-01,GABLE,COMPSHG,HDBOARD,HDBOARD,,0.0,TA,TA,CBLOCK,TA,TA,NO,ALQ,842,UNF,0,70,912,GASA,TA,Y,SBRKR,912,0,0,912,0,0,1,0,3,1,TA,5,TYP,1,FA,DETCHD,1974.0,UNF,1,336,TA,TA,Y,0,0,0,0,0,0,,MNPRV,,0,5,2010-01-01,WD,NORMAL,125000
230,120,RL,43.0,3182,PAVE,,REG,LVL,ALLPUB,INSIDE,GTL,BLMNGTN,NORM,NORM,TWNHSE,1STORY,7,5,2005-01-01,2006-01-01,GABLE,COMPSHG,VINYLSD,VINYLSD,BRKFACE,16.0,GD,TA,PCONC,GD,TA,AV,GLQ,16,UNF,0,1357,1373,GASA,EX,Y,SBRKR,1555,0,0,1555,0,0,2,0,2,1,GD,7,TYP,1,TA,ATTCHD,2005.0,FIN,2,430,TA,TA,Y,143,20,0,0,0,0,,,,0,5,2009-01-01,WD,NORMAL,192500
231,20,RL,73.0,8760,PAVE,,REG,LVL,ALLPUB,INSIDE,GTL,NAMES,NORM,NORM,1FAM,1STORY,6,6,1959-01-01,1959-01-01,HIP,COMPSHG,METALSD,METALSD,BRKFACE,220.0,TA,TA,CBLOCK,TA,TA,NO,UNF,0,UNF,0,1194,1194,GASA,TA,Y,SBRKR,1194,0,0,1194,1,0,1,0,3,1,TA,6,TYP,0,,ATTCHD,1959.0,RFN,1,312,TA,TA,Y,0,0,120,0,0,0,,,,0,4,2010-01-01,WD,NORMAL,148000
232,60,RL,174.0,15138,PAVE,,IR1,LVL,ALLPUB,INSIDE,GTL,NORIDGE,NORM,NORM,1FAM,2STORY,8,5,1995-01-01,1996-01-01,GABLE,COMPSHG,VINYLSD,VINYLSD,BRKFACE,506.0,GD,TA,PCONC,GD,TA,NO,GLQ,689,UNF,0,773,1462,GASA,EX,Y,SBRKR,1490,1304,0,2794,1,0,2,1,4,1,EX,9,TYP,1,TA,ATTCHD,1995.0,FIN,3,810,TA,TA,Y,0,146,202,0,0,0,,,,0,7,2009-01-01,WD,NORMAL,403000
233,160,RM,21.0,1680,PAVE,,REG,LVL,ALLPUB,INSIDE,GTL,BRDALE,NORM,NORM,TWNHS,2STORY,6,5,1972-01-01,1972-01-01,GABLE,COMPSHG,HDBOARD,HDBOARD,BRKFACE,297.0,TA,TA,CBLOCK,TA,TA,NO,UNF,0,UNF,0,483,483,GASA,TA,Y,SBRKR,483,504,0,987,0,0,1,1,2,1,TA,5,TYP,1,PO,ATTCHD,1972.0,UNF,1,288,TA,TA,Y,0,0,0,0,0,0,,,,0,6,2006-01-01,WD,NORMAL,94500
234,20,RL,75.0,10650,PAVE,,REG,LVL,ALLPUB,CORNER,GTL,COLLGCR,NORM,NORM,1FAM,1STORY,5,6,1976-01-01,1976-01-01,GABLE,COMPSHG,HDBOARD,HDBOARD,,0.0,TA,TA,CBLOCK,TA,GD,AV,LWQ,182,ALQ,712,0,894,GASA,TA,Y,SBRKR,894,0,0,894,1,0,1,0,3,1,TA,5,TYP,0,,ATTCHD,1976.0,UNF,1,308,TA,TA,Y,365,0,0,0,0,0,,MNPRV,,0,2,2010-01-01,WD,NORMAL,128200
235,60,RL,,7851,PAVE,,REG,LVL,ALLPUB,INSIDE,GTL,GILBERT,NORM,NORM,1FAM,2STORY,6,5,2002-01-01,2002-01-01,GABLE,COMPSHG,VINYLSD,VINYLSD,,,GD,TA,PCONC,GD,TA,NO,GLQ,625,UNF,0,235,860,GASA,EX,Y,SBRKR,860,1100,0,1960,1,0,2,1,4,1,GD,8,TYP,2,TA,BUILTIN,2002.0,FIN,2,440,TA,TA,Y,288,48,0,0,0,0,,,,0,5,2010-01-01,WD,NORMAL,216500
236,160,RM,21.0,1680,PAVE,,REG,LVL,ALLPUB,INSIDE,GTL,BRDALE,NORM,NORM,TWNHSE,2STORY,6,3,1971-01-01,1971-01-01,GABLE,COMPSHG,HDBOARD,HDBOARD,BRKFACE,604.0,TA,TA,CBLOCK,TA,TA,NO,ALQ,358,UNF,0,125,483,GASA,TA,Y,SBRKR,483,504,0,987,0,0,1,1,2,1,TA,5,TYP,0,,DETCHD,1971.0,UNF,1,264,TA,TA,Y,0,0,0,0,0,0,,,,0,8,2008-01-01,WD,NORMAL,89500
237,20,RL,65.0,8773,PAVE,,REG,LVL,ALLPUB,FR2,GTL,COLLGCR,NORM,NORM,1FAM,1STORY,7,5,2004-01-01,2004-01-01,GABLE,COMPSHG,VINYLSD,VINYLSD,BRKFACE,98.0,GD,TA,PCONC,GD,TA,AV,GLQ,24,UNF,0,1390,1414,GASA,EX,Y,SBRKR,1414,0,0,1414,0,0,2,0,3,1,GD,6,TYP,0,,ATTCHD,2004.0,RFN,2,494,TA,TA,Y,132,105,0,0,0,0,,,,0,5,2010-01-01,WD,NORMAL,185500
238,60,RL,,9453,PAVE,,IR1,LVL,ALLPUB,CULDSAC,GTL,SAWYERW,RRNE,NORM,1FAM,2STORY,7,7,1993-01-01,2003-01-01,GABLE,COMPSHG,HDBOARD,HDBOARD,,0.0,GD,TA,PCONC,GD,TA,NO,BLQ,402,UNF,0,594,996,GASA,EX,Y,SBRKR,1014,730,0,1744,0,0,2,1,3,1,GD,7,TYP,0,,ATTCHD,1993.0,RFN,2,457,TA,TA,Y,370,70,0,238,0,0,,,,0,2,2010-01-01,WD,NORMAL,194500
239,20,RL,93.0,12030,PAVE,,REG,LVL,ALLPUB,INSIDE,GTL,NRIDGHT,NORM,NORM,1FAM,1STORY,8,5,2007-01-01,2007-01-01,HIP,COMPSHG,VINYLSD,VINYLSD,BRKFACE,254.0,EX,TA,PCONC,EX,TA,NO,UNF,0,UNF,0,1694,1694,GASA,EX,Y,SBRKR,1694,0,0,1694,0,0,2,0,3,1,GD,7,TYP,0,,ATTCHD,2007.0,FIN,3,818,TA,TA,Y,168,228,0,0,0,0,,,,0,12,2007-01-01,NEW,PARTIAL,318000
240,50,RL,52.0,8741,PAVE,,REG,LVL,ALLPUB,INSIDE,GTL,EDWARDS,NORM,NORM,1FAM,1.5FIN,6,4,1945-01-01,1950-01-01,GABLE,COMPSHG,VINYLSD,VINYLSD,,0.0,TA,TA,CBLOCK,TA,FA,NO,LWQ,94,UNF,0,641,735,GASA,TA,Y,FUSEA,798,689,0,1487,0,0,1,1,3,1,TA,7,TYP,1,GD,DETCHD,1949.0,UNF,1,220,TA,TA,Y,0,140,0,0,0,0,,MNPRV,,0,4,2010-01-01,WD,NORMAL,113000
241,20,FV,75.0,9000,PAVE,,REG,LVL,ALLPUB,INSIDE,GTL,SOMERST,NORM,NORM,1FAM,1STORY,8,5,2008-01-01,2008-01-01,GABLE,COMPSHG,VINYLSD,VINYLSD,STONE,36.0,GD,TA,PCONC,GD,TA,AV,GLQ,1078,UNF,0,488,1566,GASA,EX,Y,SBRKR,1566,0,0,1566,1,0,2,0,3,1,GD,7,TYP,0,,ATTCHD,2008.0,RFN,2,750,TA,TA,Y,144,168,0,0,0,0,,,,0,4,2010-01-01,WD,NORMAL,262500
242,30,RM,40.0,3880,PAVE,,REG,LVL,ALLPUB,INSIDE,GTL,OLDTOWN,NORM,NORM,1FAM,1STORY,5,9,1945-01-01,1997-01-01,GABLE,COMPSHG,VINYLSD,VINYLSD,,0.0,TA,GD,CBLOCK,TA,TA,NO,ALQ,329,UNF,0,357,686,GASA,GD,Y,SBRKR,866,0,0,866,0,0,1,0,2,1,GD,4,TYP,0,,,,,0,0,,,Y,58,42,0,0,0,0,,,,0,8,2007-01-01,WD,NORMAL,110500
243,50,RM,63.0,5000,PAVE,,REG,LVL,ALLPUB,CORNER,GTL,OLDTOWN,NORM,NORM,1FAM,1.5FIN,5,4,1900-01-01,1950-01-01,GABLE,COMPSHG,WD SDNG,WD SDNG,,0.0,TA,TA,BRKTIL,TA,TA,NO,UNF,0,UNF,0,540,540,GASA,GD,N,FUSEA,889,551,0,1440,0,0,1,0,3,1,TA,6,TYP,0,,ATTCHD,1940.0,UNF,1,352,FA,TA,Y,0,0,77,0,0,0,,,,0,4,2006-01-01,WD,NORMAL,79000
244,160,RL,75.0,10762,PAVE,,REG,LVL,ALLPUB,CORNER,GTL,SAWYERW,NORM,NORM,TWNHSE,2STORY,6,6,1980-01-01,1980-01-01,GABLE,COMPSHG,PLYWOOD,PLYWOOD,,0.0,TA,TA,CBLOCK,GD,TA,NO,UNF,0,UNF,0,626,626,GASA,TA,Y,SBRKR,626,591,0,1217,0,0,1,1,3,1,TA,6,TYP,1,TA,ATTCHD,1980.0,RFN,1,288,TA,TA,Y,0,28,0,0,0,0,,,,0,4,2009-01-01,WD,NORMAL,120000
245,60,RL,,8880,PAVE,,IR1,LVL,ALLPUB,INSIDE,GTL,SAWYERW,NORM,NORM,1FAM,2STORY,7,5,1994-01-01,2002-01-01,GABLE,COMPSHG,VINYLSD,VINYLSD,,0.0,GD,TA,PCONC,GD,TA,NO,GLQ,695,UNF,0,253,948,GASA,EX,Y,SBRKR,1222,888,0,2110,1,0,2,1,3,1,GD,8,TYP,2,FA,ATTCHD,1994.0,RFN,2,463,TA,TA,Y,0,130,0,0,0,0,,,,0,5,2010-01-01,WD,NORMAL,205000
246,20,RL,80.0,10400,PAVE,,REG,LVL,ALLPUB,INSIDE,GTL,NWAMES,NORM,NORM,1FAM,1STORY,7,5,1988-01-01,1988-01-01,GABLE,COMPSHG,WD SDNG,WD SDNG,BRKFACE,102.0,TA,TA,CBLOCK,GD,TA,AV,GLQ,929,UNF,0,916,1845,GASA,GD,Y,SBRKR,1872,0,0,1872,0,1,2,0,3,1,TA,6,TYP,1,TA,ATTCHD,1988.0,FIN,2,604,TA,TA,Y,197,39,0,0,0,0,,,,0,6,2006-01-01,WD,NORMAL,241500
247,190,RM,69.0,9142,PAVE,GRVL,REG,LVL,ALLPUB,INSIDE,GTL,OLDTOWN,NORM,NORM,2FMCON,2STORY,6,8,1910-01-01,1950-01-01,GABLE,COMPSHG,ASBSHNG,ASBSHNG,,0.0,TA,FA,STONE,FA,TA,NO,UNF,0,UNF,0,1020,1020,GASA,GD,N,FUSEP,908,1020,0,1928,0,0,2,0,4,2,FA,9,TYP,0,,DETCHD,1910.0,UNF,1,440,PO,PO,Y,0,60,112,0,0,0,,,,0,4,2006-01-01,WD,NORMAL,137000
248,20,RL,75.0,11310,PAVE,,REG,LVL,ALLPUB,INSIDE,GTL,NAMES,NORM,NORM,1FAM,1STORY,6,5,1954-01-01,1954-01-01,HIP,COMPSHG,WD SDNG,BRKFACE,,0.0,TA,TA,CBLOCK,TA,TA,NO,UNF,0,UNF,0,1367,1367,GASA,EX,Y,SBRKR,1375,0,0,1375,0,0,1,0,2,1,TA,5,TYP,1,TA,ATTCHD,1954.0,UNF,2,451,TA,TA,Y,0,30,0,0,0,0,,,,0,6,2006-01-01,WD,NORMAL,140000
249,60,RL,72.0,11317,PAVE,,REG,LVL,ALLPUB,INSIDE,GTL,COLLGCR,NORM,NORM,1FAM,2STORY,7,5,2003-01-01,2003-01-01,GABLE,COMPSHG,VINYLSD,VINYLSD,BRKFACE,101.0,GD,TA,PCONC,GD,TA,NO,UNF,0,UNF,0,840,840,GASA,EX,Y,SBRKR,840,828,0,1668,0,0,2,1,3,1,GD,8,TYP,0,,ATTCHD,2003.0,RFN,2,500,TA,TA,Y,144,68,0,0,0,0,,,,0,9,2007-01-01,WD,NORMAL,180000
250,50,RL,,159000,PAVE,,IR2,LOW,ALLPUB,CULDSAC,SEV,CLEARCR,NORM,NORM,1FAM,1.5FIN,6,7,1958-01-01,2006-01-01,GABLE,COMPSHG,WD SDNG,HDBOARD,BRKCMN,472.0,GD,TA,CBLOCK,GD,TA,GD,REC,697,UNF,0,747,1444,GASA,GD,Y,SBRKR,1444,700,0,2144,0,1,2,0,4,1,GD,7,TYP,2,TA,ATTCHD,1958.0,FIN,2,389,TA,TA,Y,0,98,0,0,0,0,,,SHED,500,6,2007-01-01,WD,NORMAL,277000
251,30,RL,55.0,5350,PAVE,,IR1,LVL,ALLPUB,INSIDE,GTL,BRKSIDE,NORM,NORM,1FAM,1STORY,3,2,1940-01-01,1966-01-01,GABLE,COMPSHG,WD SDNG,PLYWOOD,,0.0,TA,PO,CBLOCK,TA,TA,NO,UNF,0,UNF,0,728,728,GASA,EX,Y,SBRKR,1306,0,0,1306,0,0,1,0,3,1,FA,6,MOD,0,,,,,0,0,,,Y,263,0,0,0,0,0,,GDWO,SHED,450,5,2010-01-01,WD,NORMAL,76500
252,120,RM,44.0,4750,PAVE,,IR1,HLS,ALLPUB,INSIDE,MOD,CRAWFOR,NORM,NORM,TWNHSE,1STORY,8,5,2006-01-01,2007-01-01,HIP,COMPSHG,VINYLSD,VINYLSD,STONE,481.0,GD,TA,PCONC,GD,TA,GD,GLQ,1573,UNF,0,0,1573,GASA,EX,Y,SBRKR,1625,0,0,1625,1,1,2,0,2,1,GD,5,TYP,1,GD,ATTCHD,2006.0,FIN,2,538,TA,TA,Y,123,0,0,0,153,0,,,,0,12,2007-01-01,WD,FAMILY,235000
253,60,RL,65.0,8366,PAVE,,IR1,LVL,ALLPUB,INSIDE,GTL,SAWYERW,NORM,NORM,1FAM,2STORY,6,5,2004-01-01,2004-01-01,GABLE,COMPSHG,VINYLSD,VINYLSD,,0.0,GD,TA,PCONC,GD,TA,NO,UNF,0,UNF,0,798,798,GASA,EX,Y,SBRKR,798,842,0,1640,0,0,2,1,3,1,GD,6,TYP,0,,ATTCHD,2004.0,RFN,2,520,TA,TA,Y,138,45,0,0,0,0,,,,0,12,2008-01-01,WD,NORMAL,173000
254,80,RL,85.0,9350,PAVE,,REG,LVL,ALLPUB,INSIDE,GTL,NAMES,NORM,NORM,1FAM,SLVL,6,7,1964-01-01,1991-01-01,HIP,COMPSHG,HDBOARD,HDBOARD,BRKFACE,108.0,TA,TA,CBLOCK,GD,TA,GD,LWQ,270,ALQ,580,452,1302,GASA,EX,Y,SBRKR,1302,0,0,1302,0,1,2,0,3,1,GD,7,MIN1,0,,ATTCHD,1964.0,RFN,1,309,TA,TA,Y,333,0,0,0,0,0,,MNPRV,,0,10,2007-01-01,CWD,NORMAL,158000
255,20,RL,70.0,8400,PAVE,,REG,LVL,ALLPUB,INSIDE,GTL,NAMES,NORM,NORM,1FAM,1STORY,5,6,1957-01-01,1957-01-01,GABLE,COMPSHG,METALSD,METALSD,,0.0,TA,GD,CBLOCK,TA,TA,NO,REC,922,UNF,0,392,1314,GASA,TA,Y,SBRKR,1314,0,0,1314,1,0,1,0,3,1,TA,5,TYP,0,,ATTCHD,1957.0,RFN,1,294,TA,TA,Y,250,0,0,0,0,0,,,,0,6,2010-01-01,WD,NORMAL,145000
256,60,RL,66.0,8738,PAVE,,IR1,LVL,ALLPUB,INSIDE,GTL,GILBERT,NORM,NORM,1FAM,2STORY,7,5,1999-01-01,1999-01-01,GABLE,COMPSHG,VINYLSD,VINYLSD,BRKFACE,302.0,GD,TA,PCONC,GD,TA,NO,UNF,0,UNF,0,975,975,GASA,EX,Y,SBRKR,1005,1286,0,2291,0,0,2,1,4,1,GD,8,TYP,1,TA,BUILTIN,1999.0,FIN,2,429,TA,TA,Y,192,0,0,0,0,0,,,,0,2,2006-01-01,WD,NORMAL,230000
257,60,FV,64.0,8791,PAVE,,IR1,LVL,ALLPUB,INSIDE,GTL,SOMERST,NORM,NORM,1FAM,2STORY,6,5,2003-01-01,2003-01-01,GABLE,COMPSHG,VINYLSD,VINYLSD,,0.0,GD,TA,PCONC,GD,TA,NO,REC,503,UNF,0,361,864,GASA,EX,Y,SBRKR,864,864,0,1728,0,0,2,1,3,1,GD,7,TYP,0,,ATTCHD,2003.0,RFN,2,673,TA,TA,Y,216,56,0,0,0,0,,,,0,5,2008-01-01,WD,NORMAL,207500
258,20,RL,68.0,8814,PAVE,,REG,LVL,ALLPUB,INSIDE,GTL,COLLGCR,NORM,NORM,1FAM,1STORY,7,5,2006-01-01,2006-01-01,GABLE,COMPSHG,VINYLSD,VINYLSD,STONE,180.0,GD,TA,PCONC,GD,TA,NO,GLQ,1334,UNF,0,270,1604,GASA,EX,Y,SBRKR,1604,0,0,1604,1,0,2,1,3,1,GD,8,TYP,1,GD,ATTCHD,2006.0,RFN,2,660,TA,TA,Y,123,110,0,0,0,0,,,,0,3,2009-01-01,WD,ABNORML,220000
259,60,RL,80.0,12435,PAVE,,REG,LVL,ALLPUB,INSIDE,GTL,COLLGCR,NORM,NORM,1FAM,2STORY,7,5,2001-01-01,2001-01-01,GABLE,COMPSHG,VINYLSD,VINYLSD,BRKFACE,172.0,GD,TA,PCONC,GD,TA,NO,GLQ,361,UNF,0,602,963,GASA,EX,Y,SBRKR,963,829,0,1792,0,0,2,1,3,1,GD,7,TYP,1,TA,ATTCHD,2001.0,RFN,2,564,TA,TA,Y,0,96,0,245,0,0,,,,0,5,2008-01-01,WD,NORMAL,231500
260,20,RM,70.0,12702,PAVE,,REG,LVL,ALLPUB,INSIDE,GTL,OLDTOWN,NORM,NORM,1FAM,1STORY,5,5,1956-01-01,1956-01-01,GABLE,COMPSHG,BRKFACE,BRKFACE,,0.0,TA,TA,PCONC,,,,,0,,0,0,0,GASA,GD,Y,FUSEA,882,0,0,882,0,0,1,0,2,1,TA,4,TYP,0,,DETCHD,1956.0,UNF,1,308,TA,TA,Y,0,45,0,0,0,0,,,,0,12,2008-01-01,WD,NORMAL,97000
261,80,RL,120.0,19296,PAVE,,REG,LVL,ALLPUB,CORNER,GTL,NAMES,ARTERY,NORM,1FAM,SLVL,6,5,1962-01-01,1962-01-01,GABLE,COMPSHG,WD SDNG,WD SDNG,BRKFACE,399.0,TA,TA,CBLOCK,TA,TA,GD,REC,672,ALQ,690,0,1362,GASA,TA,Y,SBRKR,1382,0,0,1382,1,0,1,0,3,1,TA,6,TYP,1,TA,ATTCHD,1991.0,UNF,2,884,TA,TA,Y,0,0,252,0,0,0,,GDWO,,0,5,2009-01-01,WD,NORMAL,176000
262,60,RL,69.0,9588,PAVE,,IR1,LVL,ALLPUB,INSIDE,GTL,COLLGCR,NORM,NORM,1FAM,2STORY,8,5,2007-01-01,2007-01-01,GABLE,COMPSHG,CEMNTBD,CMENTBD,STONE,270.0,GD,TA,PCONC,EX,TA,NO,UNF,0,UNF,0,1482,1482,GASA,EX,Y,SBRKR,1482,1092,0,2574,0,0,2,1,3,1,EX,10,TYP,1,GD,BUILTIN,2007.0,FIN,3,868,TA,TA,Y,0,148,0,0,0,0,,,,0,11,2007-01-01,NEW,PARTIAL,276000
263,80,RL,88.0,8471,PAVE,,IR1,LVL,ALLPUB,CORNER,GTL,SAWYER,NORM,NORM,1FAM,SLVL,6,7,1977-01-01,1995-01-01,GABLE,COMPSHG,HDBOARD,PLYWOOD,BRKFACE,46.0,TA,TA,CBLOCK,GD,GD,AV,ALQ,506,UNF,0,0,506,GASA,TA,Y,SBRKR,1212,0,0,1212,1,0,1,0,3,1,TA,6,TYP,1,TA,ATTCHD,1978.0,UNF,2,492,TA,TA,Y,292,12,0,0,0,0,,GDWO,,0,7,2006-01-01,WD,NORMAL,151000
264,50,RM,50.0,5500,PAVE,,REG,LVL,ALLPUB,CORNER,GTL,OLDTOWN,NORM,NORM,1FAM,1.5FIN,5,7,1929-01-01,2001-01-01,GABLE,COMPSHG,WD SDNG,WD SDNG,,0.0,TA,TA,BRKTIL,TA,TA,NO,LWQ,234,ALQ,692,0,926,GASA,TA,Y,SBRKR,926,0,390,1316,1,0,1,0,3,1,TA,6,TYP,0,,DETCHD,1974.0,UNF,2,484,TA,TA,Y,0,0,0,0,0,0,,,,0,4,2010-01-01,WD,NORMAL,130000
265,30,RM,30.0,5232,PAVE,GRVL,IR3,BNK,ALLPUB,INSIDE,GTL,OLDTOWN,ARTERY,NORM,1FAM,1STORY,5,5,1925-01-01,2004-01-01,GABLE,COMPSHG,WD SDNG,WD SDNG,,0.0,TA,TA,BRKTIL,FA,TA,NO,UNF,0,UNF,0,680,680,GASA,GD,N,FUSEP,764,0,0,764,0,0,1,0,2,1,TA,4,TYP,0,,DETCHD,1965.0,UNF,2,504,TA,TA,N,0,0,0,0,0,0,,,,0,6,2008-01-01,WD,NORMAL,73000
266,20,RL,78.0,12090,PAVE,,IR1,LVL,ALLPUB,INSIDE,GTL,NWAMES,NORM,NORM,1FAM,1STORY,6,6,1981-01-01,1981-01-01,GABLE,COMPSHG,METALSD,METALSD,BRKFACE,210.0,TA,GD,CBLOCK,GD,TA,NO,GLQ,588,LWQ,228,606,1422,GASA,TA,Y,SBRKR,1422,0,0,1422,0,0,2,0,3,1,GD,7,TYP,1,TA,ATTCHD,1981.0,FIN,2,576,TA,TA,Y,276,0,0,0,0,0,,GDPRV,,0,6,2008-01-01,WD,NORMAL,175500
267,60,RL,70.0,11207,PAVE,,IR1,HLS,ALLPUB,FR2,GTL,GILBERT,NORM,NORM,1FAM,2STORY,6,5,1997-01-01,1997-01-01,GABLE,COMPSHG,VINYLSD,VINYLSD,,0.0,TA,TA,PCONC,GD,TA,AV,GLQ,714,UNF,0,88,802,GASA,GD,Y,SBRKR,802,709,0,1511,1,0,2,1,3,1,TA,8,TYP,1,TA,ATTCHD,1997.0,FIN,2,413,TA,TA,Y,95,75,0,0,0,0,,,,0,6,2006-01-01,WD,NORMAL,185000
268,75,RL,60.0,8400,PAVE,,REG,BNK,ALLPUB,INSIDE,MOD,SWISU,NORM,NORM,1FAM,2.5FIN,5,8,1939-01-01,1997-01-01,GABLE,COMPSHG,WD SDNG,WD SDNG,,0.0,TA,TA,PCONC,TA,TA,NO,LWQ,378,UNF,0,342,720,GASA,EX,Y,SBRKR,1052,720,420,2192,0,0,2,1,4,1,GD,8,TYP,1,GD,DETCHD,1939.0,UNF,1,240,TA,TA,Y,262,24,0,0,0,0,,,,0,7,2008-01-01,WD,NORMAL,179500
269,30,RM,71.0,6900,PAVE,,REG,LVL,ALLPUB,INSIDE,GTL,IDOTRR,NORM,NORM,1FAM,1STORY,5,6,1940-01-01,1955-01-01,GABLE,COMPSHG,VINYLSD,VINYLSD,,0.0,TA,TA,CBLOCK,TA,TA,NO,ALQ,403,REC,125,212,740,GASA,EX,Y,SBRKR,778,0,0,778,0,0,1,0,2,1,TA,4,TYP,1,GD,DETCHD,1966.0,FIN,1,924,EX,EX,Y,0,25,0,0,0,0,,,,0,2,2008-01-01,WD,NORMAL,120500
270,20,RL,,7917,PAVE,,IR1,LVL,ALLPUB,CORNER,GTL,EDWARDS,NORM,NORM,1FAM,1STORY,6,7,1976-01-01,1976-01-01,HIP,COMPSHG,HDBOARD,HDBOARD,BRKFACE,174.0,TA,GD,CBLOCK,TA,GD,NO,BLQ,751,UNF,0,392,1143,GASA,TA,Y,SBRKR,1113,0,0,1113,1,0,1,1,3,1,TA,6,TYP,1,FA,ATTCHD,1987.0,RFN,1,504,TA,GD,Y,370,30,0,0,0,0,,GDPRV,,0,5,2007-01-01,WD,NORMAL,148000
271,60,FV,84.0,10728,PAVE,,REG,LVL,ALLPUB,INSIDE,GTL,SOMERST,NORM,NORM,1FAM,2STORY,8,5,2006-01-01,2006-01-01,GABLE,COMPSHG,VINYLSD,VINYLSD,,0.0,GD,TA,PCONC,GD,TA,MN,UNF,0,UNF,0,1095,1095,GASA,GD,Y,SBRKR,1095,844,0,1939,0,0,2,1,3,1,GD,8,TYP,1,GD,ATTCHD,2006.0,RFN,3,1053,TA,TA,Y,192,51,0,0,0,0,,,,0,8,2006-01-01,NEW,PARTIAL,266000
272,20,RL,73.0,39104,PAVE,,IR1,LOW,ALLPUB,CULDSAC,SEV,CLEARCR,NORM,NORM,1FAM,1STORY,7,7,1954-01-01,2005-01-01,FLAT,MEMBRAN,PLYWOOD,PLYWOOD,,0.0,TA,TA,CBLOCK,GD,TA,GD,LWQ,226,GLQ,1063,96,1385,GASA,EX,Y,SBRKR,1363,0,0,1363,1,0,1,0,2,1,TA,5,MOD,2,TA,ATTCHD,1954.0,UNF,2,439,TA,TA,Y,81,0,0,0,0,0,,,,0,4,2008-01-01,WD,NORMAL,241500
273,60,RL,92.0,11764,PAVE,,IR1,LVL,ALLPUB,CULDSAC,GTL,NORIDGE,NORM,NORM,1FAM,2STORY,8,7,1999-01-01,2007-01-01,GABLE,COMPSHG,VINYLSD,VINYLSD,BRKFACE,348.0,GD,TA,PCONC,GD,TA,NO,GLQ,524,UNF,0,628,1152,GASA,EX,Y,SBRKR,1164,1106,0,2270,0,0,2,1,4,1,GD,9,TYP,1,GD,ATTCHD,1999.0,FIN,3,671,TA,TA,Y,132,57,0,0,0,0,,,,0,4,2010-01-01,WD,NORMAL,290000
274,20,RL,80.0,9600,PAVE,,REG,LVL,ALLPUB,INSIDE,GTL,NAMES,FEEDR,NORM,1FAM,1STORY,6,6,1958-01-01,1988-01-01,HIP,COMPSHG,WD SDNG,WD SDNG,BRKCMN,183.0,TA,TA,CBLOCK,TA,TA,NO,REC,620,LWQ,620,0,1240,GASA,GD,Y,SBRKR,1632,0,0,1632,1,0,2,0,3,1,TA,6,MIN1,1,GD,ATTCHD,1958.0,RFN,1,338,TA,TA,Y,289,0,0,0,0,0,,MNPRV,,0,4,2009-01-01,WD,NORMAL,139000
275,20,RL,76.0,8314,PAVE,,REG,LVL,ALLPUB,CORNER,GTL,MITCHEL,NORM,NORM,1FAM,1STORY,5,7,1982-01-01,1982-01-01,GABLE,COMPSHG,HDBOARD,IMSTUCC,,0.0,TA,TA,CBLOCK,TA,TA,GD,ALQ,546,UNF,0,270,816,GASA,TA,Y,SBRKR,816,0,0,816,0,0,1,0,2,1,TA,5,TYP,0,,ATTCHD,1982.0,UNF,1,264,TA,TA,Y,168,0,0,0,0,0,,,,0,6,2007-01-01,WD,NORMAL,124500
276,50,RL,55.0,7264,PAVE,,REG,LVL,ALLPUB,INSIDE,GTL,BRKSIDE,NORM,NORM,1FAM,1.5FIN,7,7,1925-01-01,2007-01-01,GABLE,COMPSHG,WD SDNG,WD SDNG,,0.0,GD,GD,BRKTIL,TA,TA,NO,UNF,0,UNF,0,952,952,GASW,GD,N,SBRKR,952,596,0,1548,0,0,2,1,3,1,EX,5,TYP,0,,DETCHD,1978.0,UNF,2,672,TA,TA,Y,74,0,0,0,144,0,,,,0,10,2009-01-01,WD,NORMAL,205000
277,20,RL,129.0,9196,PAVE,,IR1,LVL,ALLPUB,INSIDE,GTL,MITCHEL,NORM,NORM,1FAM,1STORY,7,5,2003-01-01,2003-01-01,GABLE,COMPSHG,VINYLSD,VINYLSD,,0.0,GD,TA,PCONC,EX,TA,NO,UNF,0,UNF,0,1560,1560,GASA,EX,Y,SBRKR,1560,0,0,1560,0,0,2,0,3,1,GD,7,TYP,0,,ATTCHD,2003.0,FIN,2,573,TA,TA,Y,100,150,0,0,0,0,,,,0,4,2010-01-01,WD,NORMAL,201000
278,20,RL,140.0,19138,PAVE,,REG,LVL,ALLPUB,CORNER,GTL,GILBERT,NORM,NORM,1FAM,1STORY,4,5,1951-01-01,1951-01-01,GABLE,COMPSHG,VINYLSD,VINYLSD,,0.0,TA,TA,CBLOCK,TA,TA,NO,LWQ,120,UNF,0,744,864,GASA,EX,Y,SBRKR,864,0,0,864,0,0,1,0,2,1,TA,4,TYP,0,,DETCHD,1951.0,UNF,2,400,TA,TA,Y,0,0,0,0,0,0,,,,0,6,2010-01-01,WD,NORMAL,141000
279,20,RL,107.0,14450,PAVE,,REG,LVL,ALLPUB,INSIDE,GTL,NRIDGHT,NORM,NORM,1FAM,1STORY,9,5,2006-01-01,2007-01-01,GABLE,COMPSHG,CEMNTBD,CMENTBD,BRKFACE,315.0,EX,TA,PCONC,EX,TA,GD,UNF,0,UNF,0,2121,2121,GASA,EX,Y,SBRKR,2121,0,0,2121,0,0,2,1,3,1,EX,8,TYP,1,EX,ATTCHD,2007.0,FIN,3,732,TA,TA,Y,124,98,0,0,142,0,,,,0,5,2007-01-01,NEW,PARTIAL,415298
280,60,RL,83.0,10005,PAVE,,REG,LVL,ALLPUB,INSIDE,GTL,CLEARCR,NORM,NORM,1FAM,2STORY,7,5,1977-01-01,1977-01-01,HIP,COMPSHG,PLYWOOD,PLYWOOD,BRKFACE,299.0,TA,TA,CBLOCK,GD,TA,NO,BLQ,392,UNF,0,768,1160,GASA,EX,Y,SBRKR,1156,866,0,2022,0,0,2,1,4,1,TA,8,TYP,1,TA,ATTCHD,1977.0,FIN,2,505,TA,TA,Y,288,117,0,0,0,0,,,,0,3,2008-01-01,WD,NORMAL,192000
281,60,RL,82.0,11287,PAVE,,REG,LVL,ALLPUB,INSIDE,GTL,SAWYERW,NORM,NORM,1FAM,2STORY,7,6,1989-01-01,1989-01-01,GABLE,COMPSHG,PLYWOOD,PLYWOOD,BRKFACE,340.0,GD,TA,CBLOCK,GD,TA,AV,GLQ,421,UNF,0,386,807,GASA,GD,Y,SBRKR,1175,807,0,1982,0,0,2,1,3,1,GD,7,TYP,1,TA,ATTCHD,1989.0,FIN,2,575,TA,TA,Y,0,84,0,196,0,0,,,,0,1,2007-01-01,WD,NORMAL,228500
282,20,FV,60.0,7200,PAVE,PAVE,REG,LVL,ALLPUB,INSIDE,GTL,SOMERST,NORM,NORM,1FAM,1STORY,6,5,2006-01-01,2006-01-01,GABLE,COMPSHG,VINYLSD,VINYLSD,STONE,68.0,GD,TA,PCONC,GD,TA,NO,GLQ,905,UNF,0,357,1262,GASA,GD,Y,SBRKR,1262,0,0,1262,0,0,2,0,2,1,GD,5,TYP,0,,ATTCHD,2006.0,FIN,2,572,TA,TA,Y,0,120,0,0,0,0,,,,0,5,2006-01-01,NEW,PARTIAL,185000
283,120,RL,34.0,5063,PAVE,,REG,LVL,ALLPUB,INSIDE,GTL,NRIDGHT,NORM,NORM,TWNHS,1STORY,7,5,2007-01-01,2008-01-01,GABLE,COMPSHG,VINYLSD,VINYLSD,STONE,166.0,GD,TA,PCONC,GD,TA,NO,GLQ,904,UNF,0,410,1314,GASA,EX,Y,SBRKR,1314,0,0,1314,1,0,2,0,2,1,GD,6,TYP,1,GD,ATTCHD,2008.0,RFN,2,626,TA,TA,Y,172,62,0,0,0,0,,,,0,4,2009-01-01,CONLW,NORMAL,207500
284,20,RL,74.0,9612,PAVE,,REG,LVL,ALLPUB,INSIDE,GTL,SOMERST,FEEDR,NORM,1FAM,1STORY,8,5,2008-01-01,2009-01-01,GABLE,COMPSHG,VINYLSD,VINYLSD,STONE,72.0,GD,TA,PCONC,GD,TA,NO,UNF,0,UNF,0,1468,1468,GASA,EX,Y,SBRKR,1468,0,0,1468,0,0,2,0,3,1,GD,6,TYP,1,GD,ATTCHD,2008.0,FIN,3,898,TA,TA,Y,210,150,0,0,0,0,,,,0,12,2009-01-01,NEW,PARTIAL,244600
285,120,RL,50.0,8012,PAVE,,REG,LVL,ALLPUB,INSIDE,GTL,SAWYERW,NORM,NORM,TWNHSE,1STORY,6,5,1992-01-01,1992-01-01,GABLE,COMPSHG,PLYWOOD,IMSTUCC,,0.0,GD,TA,PCONC,GD,TA,NO,GLQ,430,UNF,0,1145,1575,GASA,GD,Y,SBRKR,1575,0,0,1575,1,0,2,0,2,1,GD,5,TYP,0,,ATTCHD,1992.0,RFN,2,529,TA,TA,Y,0,0,52,0,0,0,,,,0,7,2007-01-01,WD,NORMAL,179200
286,160,FV,35.0,4251,PAVE,PAVE,IR1,LVL,ALLPUB,INSIDE,GTL,SOMERST,NORM,NORM,TWNHSE,2STORY,7,5,2006-01-01,2007-01-01,GABLE,COMPSHG,METALSD,METALSD,,0.0,GD,TA,PCONC,GD,TA,NO,UNF,0,UNF,0,625,625,GASA,EX,Y,SBRKR,625,625,0,1250,0,0,2,1,2,1,GD,5,TYP,0,,DETCHD,2006.0,RFN,2,528,TA,TA,Y,0,54,0,0,0,0,,,,0,6,2007-01-01,NEW,PARTIAL,164700
287,50,RL,77.0,9786,PAVE,,IR1,BNK,ALLPUB,INSIDE,GTL,NAMES,NORM,NORM,1FAM,1.5FIN,6,7,1962-01-01,1981-01-01,GABLE,COMPSHG,WD SDNG,WD SDNG,,0.0,TA,TA,CBLOCK,TA,TA,NO,REC,600,UNF,0,312,912,GASA,TA,Y,SBRKR,1085,649,0,1734,0,0,1,1,3,1,GD,7,TYP,1,GD,ATTCHD,1962.0,RFN,2,440,TA,TA,Y,0,0,0,0,128,0,,GDPRV,,0,6,2006-01-01,WD,NORMAL,159000
288,20,RL,,8125,PAVE,,IR1,LVL,ALLPUB,CORNER,GTL,NAMES,NORM,NORM,1FAM,1STORY,4,4,1971-01-01,1971-01-01,GABLE,COMPSHG,HDBOARD,HDBOARD,,0.0,TA,TA,CBLOCK,TA,TA,NO,BLQ,614,UNF,0,244,858,GASA,TA,Y,SBRKR,858,0,0,858,0,0,1,0,3,1,TA,5,TYP,0,,,,,0,0,,,Y,0,0,0,0,0,0,,,,0,6,2006-01-01,WD,NORMAL,88000
289,20,RL,,9819,PAVE,,IR1,LVL,ALLPUB,INSIDE,GTL,SAWYER,NORM,NORM,1FAM,1STORY,5,5,1967-01-01,1967-01-01,GABLE,COMPSHG,METALSD,METALSD,BRKFACE,31.0,TA,GD,CBLOCK,TA,TA,NO,BLQ,450,UNF,0,432,882,GASA,TA,Y,SBRKR,900,0,0,900,0,0,1,0,3,1,TA,5,TYP,0,,DETCHD,1970.0,UNF,1,280,TA,TA,Y,0,0,0,0,0,0,,MNPRV,,0,2,2010-01-01,WD,NORMAL,122000
290,70,RL,60.0,8730,PAVE,,REG,LVL,ALLPUB,INSIDE,GTL,BRKSIDE,RRAN,NORM,1FAM,2STORY,6,7,1915-01-01,2003-01-01,GABLE,COMPSHG,WD SDNG,WD SDNG,,0.0,TA,TA,BRKTIL,TA,TA,NO,UNF,0,UNF,0,698,698,GASA,EX,Y,FUSEA,698,698,0,1396,0,0,1,0,3,1,TA,7,TYP,0,,DETCHD,2003.0,UNF,1,384,TA,TA,Y,0,0,0,0,259,0,,,,0,7,2007-01-01,WD,NORMAL,153575
291,60,RL,120.0,15611,PAVE,,REG,LVL,ALLPUB,INSIDE,GTL,COLLGCR,NORM,NORM,1FAM,2STORY,8,5,2006-01-01,2006-01-01,GABLE,COMPSHG,VINYLSD,VINYLSD,,0.0,GD,TA,PCONC,GD,TA,AV,UNF,0,UNF,0,1079,1079,GASA,EX,Y,SBRKR,1079,840,0,1919,0,0,2,1,3,1,GD,8,TYP,1,GD,ATTCHD,2006.0,RFN,2,685,GD,TA,Y,0,51,0,0,0,0,,,,0,7,2006-01-01,NEW,PARTIAL,233230
292,190,RL,55.0,5687,PAVE,GRVL,REG,BNK,ALLPUB,INSIDE,GTL,SWISU,NORM,NORM,2FMCON,2STORY,5,6,1912-01-01,2000-01-01,GABLE,COMPSHG,VINYLSD,VINYLSD,,0.0,TA,FA,PCONC,TA,FA,NO,REC,210,UNF,0,570,780,GASA,EX,N,SBRKR,936,780,0,1716,1,0,2,0,6,1,FA,9,TYP,0,,,,,0,0,,,N,0,184,0,0,0,0,,,,0,3,2008-01-01,WD,NORMAL,135900
293,50,RL,60.0,11409,PAVE,,REG,LVL,ALLPUB,INSIDE,GTL,EDWARDS,NORM,NORM,1FAM,1.5FIN,5,4,1949-01-01,2008-01-01,GABLE,COMPSHG,WD SDNG,WD SDNG,,0.0,TA,TA,CBLOCK,TA,TA,NO,LWQ,292,UNF,0,476,768,GASA,GD,Y,SBRKR,1148,568,0,1716,0,0,1,1,3,1,TA,8,MIN2,1,GD,ATTCHD,1949.0,UNF,1,281,TA,TA,Y,0,0,0,0,160,0,,,,0,1,2009-01-01,WD,NORMAL,131000
294,60,RL,,16659,PAVE,,IR1,LVL,ALLPUB,CORNER,GTL,NWAMES,POSA,NORM,1FAM,2STORY,7,7,1977-01-01,1994-01-01,GABLE,COMPSHG,PLYWOOD,PLYWOOD,BRKFACE,34.0,TA,TA,CBLOCK,TA,TA,NO,ALQ,795,UNF,0,0,795,GASA,FA,Y,SBRKR,1468,795,0,2263,1,0,2,1,3,1,GD,9,TYP,1,TA,ATTCHD,1977.0,FIN,2,539,TA,TA,Y,0,250,0,0,0,0,,,,0,3,2006-01-01,WD,NORMAL,235000
295,20,RL,80.0,9600,PAVE,,REG,LVL,ALLPUB,INSIDE,GTL,NAMES,NORM,NORM,1FAM,1STORY,6,5,1953-01-01,1953-01-01,HIP,COMPSHG,HDBOARD,HDBOARD,STONE,238.0,TA,TA,CBLOCK,TA,TA,NO,GLQ,1285,UNF,0,131,1416,GASA,TA,Y,SBRKR,1644,0,0,1644,1,0,1,0,3,1,TA,7,TYP,2,GD,ATTCHD,1953.0,FIN,2,418,TA,TA,Y,110,0,0,0,0,0,,,,0,10,2009-01-01,WD,NORMAL,167000
296,80,RL,37.0,7937,PAVE,,IR1,LVL,ALLPUB,CULDSAC,GTL,MITCHEL,NORM,NORM,1FAM,SLVL,6,6,1984-01-01,1984-01-01,GABLE,COMPSHG,HDBOARD,HDBOARD,,0.0,TA,TA,CBLOCK,TA,TA,AV,GLQ,819,UNF,0,184,1003,GASA,TA,Y,SBRKR,1003,0,0,1003,1,0,1,0,3,1,TA,6,TYP,0,,DETCHD,1984.0,UNF,2,588,TA,TA,Y,120,0,0,0,0,0,,GDPRV,,0,3,2006-01-01,WD,NORMAL,142500
297,50,RM,75.0,13710,PAVE,,REG,LVL,ALLPUB,INSIDE,GTL,IDOTRR,NORM,NORM,1FAM,1.5FIN,5,5,1950-01-01,1950-01-01,GABLE,COMPSHG,WD SDNG,WD SDNG,,0.0,TA,TA,CBLOCK,TA,TA,NO,BLQ,420,UNF,0,490,910,GASA,TA,Y,FUSEA,910,648,0,1558,0,0,1,1,4,1,TA,6,TYP,0,,ATTCHD,1950.0,UNF,1,282,TA,TA,Y,289,0,0,0,0,0,,MNPRV,,0,6,2007-01-01,WD,NORMAL,152000
298,60,FV,66.0,7399,PAVE,PAVE,IR1,LVL,ALLPUB,INSIDE,GTL,SOMERST,NORM,NORM,1FAM,2STORY,7,5,1997-01-01,1998-01-01,HIP,COMPSHG,VINYLSD,VINYLSD,BRKFACE,1600.0,GD,TA,PCONC,GD,TA,NO,BLQ,649,UNF,0,326,975,GASA,EX,Y,SBRKR,975,975,0,1950,0,0,2,1,3,1,GD,7,TYP,1,TA,DETCHD,1997.0,RFN,2,576,TA,TA,Y,0,10,0,0,198,0,,,,0,6,2007-01-01,WD,NORMAL,239000
299,60,RL,90.0,11700,PAVE,,REG,LVL,ALLPUB,INSIDE,GTL,NWAMES,NORM,NORM,1FAM,2STORY,6,6,1968-01-01,1968-01-01,MANSARD,COMPSHG,HDBOARD,ASPHSHN,BRKFACE,365.0,GD,TA,CBLOCK,TA,TA,NO,ALQ,384,REC,175,143,702,GASA,GD,Y,SBRKR,1041,702,0,1743,0,1,1,2,3,1,TA,7,TYP,1,GD,ATTCHD,1968.0,UNF,2,539,TA,TA,Y,224,0,0,0,0,0,,,,0,6,2007-01-01,WD,NORMAL,175000
300,20,RL,80.0,14000,PAVE,,REG,LVL,ALLPUB,INSIDE,GTL,CRAWFOR,NORM,NORM,1FAM,1STORY,6,8,1950-01-01,2004-01-01,GABLE,COMPSHG,HDBOARD,HDBOARD,,0.0,TA,GD,CBLOCK,TA,TA,NO,UNF,0,UNF,0,1092,1092,GASA,EX,Y,SBRKR,1152,0,0,1152,0,1,1,0,3,1,GD,6,TYP,1,GD,ATTCHD,1950.0,UNF,1,300,TA,TA,Y,0,36,0,0,0,0,,GDPRV,,0,8,2009-01-01,WD,FAMILY,158500
301,190,RL,90.0,15750,PAVE,,REG,LVL,ALLPUB,CORNER,GTL,CRAWFOR,NORM,NORM,2FMCON,1STORY,5,5,1953-01-01,1953-01-01,HIP,COMPSHG,METALSD,METALSD,BRKFACE,56.0,TA,TA,CBLOCK,TA,TA,MN,BLQ,841,UNF,0,324,1165,GASA,TA,Y,SBRKR,1336,0,0,1336,1,0,1,0,2,1,TA,5,TYP,2,GD,ATTCHD,1953.0,UNF,1,375,TA,TA,Y,0,0,0,0,0,0,,,,0,6,2006-01-01,WD,NORMAL,157000
302,60,RL,66.0,16226,PAVE,,IR3,LVL,ALLPUB,INSIDE,GTL,COLLGCR,NORM,NORM,1FAM,2STORY,8,5,1998-01-01,1999-01-01,GABLE,COMPSHG,VINYLSD,VINYLSD,,0.0,GD,TA,PCONC,GD,TA,NO,GLQ,281,UNF,0,747,1028,GASA,EX,Y,SBRKR,1210,1242,0,2452,0,0,2,1,4,1,GD,9,TYP,1,TA,BUILTIN,1998.0,FIN,2,683,TA,TA,Y,208,50,0,0,0,0,,,,0,5,2007-01-01,WD,NORMAL,267000
303,20,RL,118.0,13704,PAVE,,IR1,LVL,ALLPUB,CORNER,GTL,COLLGCR,NORM,NORM,1FAM,1STORY,7,5,2001-01-01,2002-01-01,GABLE,COMPSHG,VINYLSD,VINYLSD,BRKFACE,150.0,GD,TA,PCONC,GD,TA,NO,UNF,0,UNF,0,1541,1541,GASA,EX,Y,SBRKR,1541,0,0,1541,0,0,2,0,3,1,GD,6,TYP,1,TA,ATTCHD,2001.0,RFN,3,843,TA,TA,Y,468,81,0,0,0,0,,,,0,1,2006-01-01,WD,NORMAL,205000
304,20,RL,70.0,9800,PAVE,,REG,LVL,ALLPUB,CORNER,GTL,COLLGCR,NORM,NORM,1FAM,1STORY,5,7,1972-01-01,1972-01-01,GABLE,COMPSHG,VINYLSD,VINYLSD,,0.0,TA,TA,PCONC,TA,TA,NO,ALQ,894,UNF,0,0,894,GASA,TA,Y,SBRKR,894,0,0,894,1,0,1,0,3,1,TA,5,TYP,0,,ATTCHD,1975.0,UNF,2,552,TA,TA,Y,256,0,0,0,0,0,,GDWO,,0,7,2006-01-01,WD,ABNORML,149900
305,75,RM,87.0,18386,PAVE,,REG,LVL,ALLPUB,INSIDE,GTL,OLDTOWN,NORM,NORM,1FAM,2.5FIN,7,9,1880-01-01,2002-01-01,GABLE,COMPSHG,CEMNTBD,CMENTBD,,0.0,TA,TA,BRKTIL,TA,TA,NO,UNF,0,UNF,0,1470,1470,GASA,EX,Y,SBRKR,1675,1818,0,3493,0,0,3,0,3,1,GD,10,TYP,1,EX,ATTCHD,2003.0,UNF,3,870,TA,TA,Y,302,0,0,0,0,0,,,,0,5,2008-01-01,WD,NORMAL,295000
306,20,RL,80.0,10386,PAVE,,REG,LVL,ALLPUB,INSIDE,GTL,COLLGCR,NORM,NORM,1FAM,1STORY,8,5,2004-01-01,2005-01-01,GABLE,COMPSHG,CEMNTBD,CMENTBD,STONE,246.0,GD,TA,PCONC,GD,TA,NO,GLQ,1464,UNF,0,536,2000,GASA,EX,Y,SBRKR,2000,0,0,2000,1,0,2,0,3,1,GD,8,TYP,0,,ATTCHD,2004.0,FIN,3,888,TA,TA,Y,168,0,0,0,0,0,,,,0,7,2007-01-01,WD,NORMAL,305900
307,60,RL,116.0,13474,PAVE,,REG,LVL,ALLPUB,INSIDE,GTL,SAWYERW,FEEDR,NORM,1FAM,2STORY,7,5,1990-01-01,1991-01-01,GABLE,COMPSHG,HDBOARD,PLYWOOD,BRKFACE,246.0,GD,TA,CBLOCK,GD,TA,NO,ALQ,700,UNF,0,0,700,GASA,GD,Y,SBRKR,1122,1121,0,2243,1,0,2,1,4,1,GD,8,TYP,1,TA,ATTCHD,1990.0,RFN,3,746,TA,TA,Y,127,44,224,0,0,0,,,,0,6,2007-01-01,WD,NORMAL,225000
308,50,RM,,7920,PAVE,GRVL,IR1,LVL,ALLPUB,INSIDE,GTL,IDOTRR,ARTERY,NORM,1FAM,1.5FIN,6,7,1920-01-01,1950-01-01,GABLE,COMPSHG,METALSD,METALSD,,0.0,TA,FA,CBLOCK,TA,TA,NO,UNF,0,UNF,0,319,319,GASA,TA,Y,FUSEA,1035,371,0,1406,0,0,1,0,3,1,FA,6,TYP,0,,,,,0,0,,,N,0,144,0,0,0,0,,MNPRV,,0,3,2008-01-01,WD,NORMAL,89500
309,30,RL,,12342,PAVE,,IR1,LVL,ALLPUB,INSIDE,GTL,EDWARDS,NORM,NORM,1FAM,1STORY,4,5,1940-01-01,1950-01-01,GABLE,COMPSHG,VINYLSD,VINYLSD,,0.0,TA,TA,CBLOCK,TA,TA,NO,BLQ,262,UNF,0,599,861,GASA,EX,Y,SBRKR,861,0,0,861,0,0,1,0,1,1,TA,4,TYP,0,,DETCHD,1961.0,UNF,2,539,TA,TA,Y,158,0,0,0,0,0,,,,0,3,2009-01-01,WD,NORMAL,82500
310,20,RL,90.0,12378,PAVE,,IR1,LVL,ALLPUB,INSIDE,GTL,NRIDGHT,NORM,NORM,1FAM,1STORY,9,5,2003-01-01,2004-01-01,GABLE,COMPSHG,VINYLSD,VINYLSD,,0.0,GD,TA,PCONC,EX,TA,GD,GLQ,1274,UNF,0,622,1896,GASA,EX,Y,SBRKR,1944,0,0,1944,1,0,2,0,3,1,EX,8,TYP,3,EX,ATTCHD,2003.0,FIN,3,708,TA,TA,Y,208,175,0,0,0,0,,,,0,11,2006-01-01,WD,NORMAL,360000
311,60,RL,,7685,PAVE,,IR1,LVL,ALLPUB,INSIDE,GTL,GILBERT,NORM,NORM,1FAM,2STORY,6,5,1993-01-01,1994-01-01,GABLE,COMPSHG,HDBOARD,HDBOARD,BRKFACE,112.0,TA,TA,PCONC,GD,TA,NO,ALQ,518,UNF,0,179,697,GASA,GD,Y,SBRKR,697,804,0,1501,0,0,2,1,3,1,GD,6,TYP,1,TA,ATTCHD,1993.0,FIN,2,420,TA,TA,Y,190,63,0,0,0,0,,,,0,5,2006-01-01,WD,NORMAL,165600
312,20,RL,50.0,8000,PAVE,,REG,LVL,ALLPUB,INSIDE,GTL,NAMES,NORM,NORM,1FAM,1STORY,6,6,1948-01-01,2002-01-01,GABLE,COMPSHG,VINYLSD,VINYLSD,,0.0,TA,GD,CBLOCK,TA,TA,NO,ALQ,680,UNF,0,292,972,GASA,EX,Y,SBRKR,972,0,0,972,1,0,1,0,2,1,TA,5,TYP,1,GD,DETCHD,1948.0,UNF,1,240,TA,TA,Y,0,0,0,0,0,0,,,,0,5,2009-01-01,WD,NORMAL,132000
313,190,RM,65.0,7800,PAVE,,REG,LVL,ALLPUB,INSIDE,GTL,OLDTOWN,ARTERY,NORM,2FMCON,1.5FIN,5,7,1939-01-01,1950-01-01,GABLE,COMPSHG,METALSD,METALSD,,0.0,TA,TA,CBLOCK,GD,TA,MN,REC,507,UNF,0,286,793,GASA,TA,Y,SBRKR,793,325,0,1118,1,0,1,0,3,1,TA,5,TYP,1,GD,DETCHD,1939.0,UNF,2,410,TA,TA,Y,0,0,0,0,271,0,,MNPRV,,0,5,2006-01-01,WD,NORMAL,119900
314,20,RL,150.0,215245,PAVE,,IR3,LOW,ALLPUB,INSIDE,SEV,TIMBER,NORM,NORM,1FAM,1STORY,7,5,1965-01-01,1965-01-01,HIP,COMPSHG,BRKFACE,BRKFACE,,0.0,TA,TA,CBLOCK,GD,TA,GD,ALQ,1236,REC,820,80,2136,GASW,TA,Y,SBRKR,2036,0,0,2036,2,0,2,0,3,1,TA,8,TYP,2,GD,ATTCHD,1965.0,RFN,2,513,TA,TA,Y,0,0,0,0,0,0,,,,0,6,2009-01-01,WD,NORMAL,375000
315,70,RM,60.0,9600,PAVE,GRVL,REG,LVL,ALLPUB,INSIDE,GTL,OLDTOWN,NORM,NORM,1FAM,2STORY,7,7,1925-01-01,1990-01-01,GABLE,COMPSHG,WD SDNG,WD SDNG,,0.0,TA,TA,BRKTIL,TA,GD,NO,LWQ,16,UNF,0,712,728,GASA,EX,Y,SBRKR,832,809,0,1641,0,1,1,1,3,1,EX,6,TYP,1,GD,DETCHD,1925.0,UNF,2,546,FA,TA,Y,0,0,234,0,0,0,,,,0,8,2006-01-01,WD,NORMAL,178000
316,60,RL,71.0,7795,PAVE,,IR1,LVL,ALLPUB,INSIDE,GTL,GILBERT,NORM,NORM,1FAM,2STORY,7,5,2004-01-01,2005-01-01,GABLE,COMPSHG,VINYLSD,VINYLSD,,0.0,GD,TA,PCONC,GD,TA,NO,GLQ,425,UNF,0,291,716,GASA,EX,Y,SBRKR,716,716,0,1432,1,0,2,1,3,1,GD,6,TYP,1,GD,ATTCHD,2004.0,FIN,2,432,TA,TA,Y,100,51,0,0,0,0,,,,0,7,2009-01-01,WD,NORMAL,188500
317,60,RL,94.0,13005,PAVE,,IR1,LVL,ALLPUB,CORNER,GTL,NWAMES,NORM,NORM,1FAM,2STORY,7,7,1980-01-01,1980-01-01,GABLE,COMPSHG,CEMNTBD,CMENTBD,BRKFACE,278.0,GD,TA,CBLOCK,GD,TA,NO,GLQ,692,UNF,0,153,845,GASA,TA,Y,SBRKR,1153,1200,0,2353,1,0,2,1,4,1,EX,10,TYP,1,TA,ATTCHD,1983.0,RFN,2,484,TA,TA,Y,288,195,0,0,0,0,,GDPRV,,0,8,2009-01-01,WD,NORMAL,260000
318,60,FV,75.0,9000,PAVE,,REG,LVL,ALLPUB,INSIDE,GTL,SOMERST,NORM,NORM,1FAM,2STORY,8,5,2006-01-01,2006-01-01,GABLE,COMPSHG,VINYLSD,VINYLSD,,0.0,GD,TA,PCONC,GD,TA,AV,UNF,0,UNF,0,1088,1088,GASA,EX,Y,SBRKR,1088,871,0,1959,0,0,2,1,3,1,GD,8,TYP,1,GD,ATTCHD,2006.0,RFN,3,1025,TA,TA,Y,208,46,0,0,0,0,,,,0,12,2007-01-01,WD,NORMAL,270000
319,60,RL,90.0,9900,PAVE,,REG,LOW,ALLPUB,INSIDE,MOD,NORIDGE,NORM,NORM,1FAM,2STORY,7,5,1993-01-01,1993-01-01,GABLE,COMPSHG,HDBOARD,HDBOARD,BRKFACE,256.0,GD,TA,PCONC,GD,TA,GD,GLQ,987,UNF,0,360,1347,GASA,EX,Y,SBRKR,1372,1274,0,2646,1,0,2,1,4,1,GD,9,TYP,1,TA,ATTCHD,1993.0,RFN,3,656,TA,TA,Y,340,60,144,0,0,0,,,,0,4,2009-01-01,WD,NORMAL,260000
320,80,RL,,14115,PAVE,,REG,LVL,ALLPUB,INSIDE,GTL,NWAMES,NORM,NORM,1FAM,SLVL,7,5,1980-01-01,1980-01-01,GABLE,COMPSHG,PLYWOOD,PLYWOOD,BRKFACE,225.0,TA,TA,CBLOCK,GD,TA,AV,GLQ,1036,UNF,0,336,1372,GASA,TA,Y,SBRKR,1472,0,0,1472,1,0,2,0,3,1,TA,6,TYP,2,TA,ATTCHD,1980.0,UNF,2,588,TA,TA,Y,233,48,0,0,0,0,,,,0,6,2009-01-01,WD,NORMAL,187500
321,60,RL,111.0,16259,PAVE,,REG,LVL,ALLPUB,CORNER,GTL,NRIDGHT,NORM,NORM,1FAM,2STORY,9,5,2006-01-01,2006-01-01,GABLE,COMPSHG,VINYLSD,VINYLSD,STONE,370.0,TA,TA,PCONC,EX,GD,AV,UNF,0,UNF,0,1249,1249,GASA,EX,Y,SBRKR,1249,1347,0,2596,0,0,3,1,4,1,GD,9,TYP,0,,ATTCHD,2006.0,RFN,3,840,TA,TA,Y,240,154,0,0,0,0,,,,0,9,2006-01-01,NEW,PARTIAL,342643
322,60,RL,99.0,12099,PAVE,,IR1,LVL,ALLPUB,INSIDE,GTL,NRIDGHT,NORM,NORM,1FAM,2STORY,8,5,2004-01-01,2004-01-01,GABLE,COMPSHG,VINYLSD,VINYLSD,BRKFACE,388.0,GD,TA,PCONC,EX,TA,AV,GLQ,970,UNF,0,166,1136,GASA,EX,Y,SBRKR,1136,1332,0,2468,1,0,2,1,4,1,GD,10,TYP,1,GD,BUILTIN,2004.0,FIN,3,872,TA,TA,Y,184,154,0,0,0,0,,,,0,6,2007-01-01,WD,NORMAL,354000
323,60,RL,86.0,10380,PAVE,,IR1,LVL,ALLPUB,INSIDE,GTL,SAWYERW,NORM,NORM,1FAM,2STORY,7,5,1986-01-01,1987-01-01,GABLE,COMPSHG,PLYWOOD,PLYWOOD,BRKFACE,172.0,GD,TA,CBLOCK,TA,TA,GD,LWQ,28,ALQ,1474,0,1502,GASA,EX,Y,SBRKR,1553,1177,0,2730,1,0,2,1,4,1,GD,8,TYP,1,TA,ATTCHD,1987.0,FIN,2,576,TA,TA,Y,201,96,0,0,0,0,,MNPRV,,0,8,2007-01-01,WD,NORMAL,301000
324,20,RM,49.0,5820,PAVE,,REG,LVL,ALLPUB,INSIDE,GTL,OLDTOWN,NORM,NORM,1FAM,1STORY,3,8,1955-01-01,2005-01-01,GABLE,COMPSHG,VINYLSD,VINYLSD,,0.0,TA,GD,CBLOCK,TA,TA,NO,ALQ,256,UNF,0,906,1162,GASA,EX,Y,SBRKR,1163,0,0,1163,1,0,1,0,3,1,TA,6,TYP,0,,ATTCHD,1955.0,UNF,1,220,FA,TA,Y,142,98,0,0,0,0,,,,0,7,2006-01-01,WD,NORMAL,126175
325,80,RL,96.0,11275,PAVE,,REG,LVL,ALLPUB,CORNER,GTL,NAMES,POSN,NORM,1FAM,SLVL,7,7,1967-01-01,2007-01-01,MANSARD,WDSHAKE,WD SDNG,WD SDNG,BRKFACE,300.0,GD,GD,CBLOCK,GD,TA,NO,UNF,0,UNF,0,710,710,GASA,EX,Y,SBRKR,1898,1080,0,2978,0,0,2,1,5,1,GD,11,TYP,1,GD,BUILTIN,1961.0,FIN,2,564,TA,TA,Y,240,0,0,0,0,0,,,,0,6,2010-01-01,WD,NORMAL,242000
326,45,RM,50.0,5000,PAVE,,REG,LVL,ALLPUB,INSIDE,GTL,IDOTRR,RRAE,NORM,1FAM,1.5UNF,5,6,1941-01-01,1950-01-01,GABLE,COMPSHG,METALSD,METALSD,,0.0,TA,TA,CBLOCK,TA,TA,AV,BLQ,116,UNF,0,604,720,GASA,PO,N,FUSEF,803,0,0,803,0,0,1,0,2,1,TA,5,TYP,0,,DETCHD,1941.0,UNF,2,360,TA,TA,Y,0,0,244,0,0,0,,,,0,12,2007-01-01,WD,NORMAL,87000
327,120,RL,32.0,10846,PAVE,,IR1,LVL,ALLPUB,CULDSAC,GTL,VEENKER,NORM,NORM,TWNHSE,1STORY,8,5,1993-01-01,1993-01-01,GABLE,COMPSHG,BRKFACE,BRKFACE,,0.0,GD,TA,PCONC,GD,TA,GD,GLQ,1619,UNF,0,100,1719,GASA,EX,Y,SBRKR,1719,0,0,1719,2,0,1,1,1,1,GD,6,TYP,2,GD,ATTCHD,1993.0,FIN,2,473,TA,TA,Y,122,30,0,0,0,0,,,,0,5,2008-01-01,CON,NORMAL,324000
328,20,RL,80.0,11600,PAVE,,REG,LVL,ALLPUB,INSIDE,GTL,NAMES,NORM,NORM,1FAM,1STORY,6,5,1960-01-01,1960-01-01,HIP,COMPSHG,WD SDNG,WD SDNG,BRKFACE,175.0,TA,TA,CBLOCK,TA,TA,NO,REC,565,UNF,0,818,1383,GASA,TA,Y,SBRKR,1383,0,0,1383,0,0,1,1,3,1,TA,7,TYP,0,,ATTCHD,1960.0,RFN,1,292,TA,TA,Y,0,45,0,0,0,0,,,,0,4,2006-01-01,WD,NORMAL,145250
329,75,RL,,11888,PAVE,PAVE,IR1,BNK,ALLPUB,INSIDE,GTL,BRKSIDE,POSN,NORM,1FAM,2.5UNF,6,6,1916-01-01,1994-01-01,GABLE,COMPSHG,WD SDNG,WD SHNG,,0.0,TA,TA,BRKTIL,TA,TA,NO,UNF,0,UNF,0,844,844,GASA,GD,N,FUSEA,1445,689,0,2134,0,0,2,0,5,1,GD,10,TYP,0,,DETCHD,1930.0,UNF,2,441,TA,TA,Y,0,60,268,0,0,0,,,,0,7,2009-01-01,WD,NORMAL,214500
330,70,RM,60.0,6402,PAVE,,REG,LVL,ALLPUB,CORNER,GTL,IDOTRR,NORM,NORM,1FAM,2STORY,5,5,1920-01-01,1950-01-01,GABLE,COMPSHG,WD SDNG,WD SHNG,,0.0,TA,TA,PCONC,TA,TA,MN,UNF,0,UNF,0,596,596,GASA,TA,N,SBRKR,596,596,0,1192,0,0,1,0,3,1,TA,6,TYP,0,,DETCHD,1920.0,UNF,1,189,FA,FA,N,0,0,137,0,0,0,,GDWO,,0,7,2009-01-01,WD,NORMAL,78000
331,90,RL,,10624,PAVE,,IR1,LVL,ALLPUB,INSIDE,GTL,NAMES,NORM,NORM,DUPLEX,1STORY,5,4,1964-01-01,1964-01-01,GABLE,COMPSHG,HDBOARD,HDBOARD,BRKFACE,84.0,TA,TA,CBLOCK,TA,TA,NO,GLQ,40,REC,264,1424,1728,GASA,TA,Y,SBRKR,1728,0,0,1728,0,1,2,0,6,2,TA,10,TYP,0,,DETCHD,2002.0,UNF,1,352,TA,TA,Y,155,0,0,0,0,0,,,,0,11,2007-01-01,WD,NORMAL,119000
332,20,RL,70.0,8176,PAVE,,REG,LVL,ALLPUB,INSIDE,GTL,NAMES,NORM,NORM,1FAM,1STORY,5,6,1958-01-01,1992-01-01,GABLE,COMPSHG,WD SDNG,WD SDNG,,0.0,TA,TA,CBLOCK,TA,TA,NO,REC,846,UNF,0,210,1056,GASA,FA,Y,SBRKR,1056,0,0,1056,1,0,1,0,3,1,TA,6,TYP,0,,ATTCHD,1958.0,RFN,1,308,TA,TA,Y,0,0,0,0,0,0,,,,0,8,2007-01-01,WD,NORMAL,139000
333,20,RL,85.0,10655,PAVE,,IR1,LVL,ALLPUB,INSIDE,GTL,NRIDGHT,NORM,NORM,1FAM,1STORY,8,5,2003-01-01,2004-01-01,GABLE,COMPSHG,VINYLSD,VINYLSD,BRKFACE,296.0,GD,TA,PCONC,GD,TA,NO,GLQ,1124,,479,1603,3206,GASA,EX,Y,SBRKR,1629,0,0,1629,1,0,2,0,3,1,GD,7,TYP,1,GD,ATTCHD,2003.0,RFN,3,880,TA,TA,Y,0,0,0,0,0,0,,,,0,10,2009-01-01,WD,NORMAL,284000
334,120,RM,59.0,8198,PAVE,,REG,LVL,ALLPUB,FR3,GTL,NRIDGHT,NORM,NORM,TWNHSE,1STORY,7,5,2004-01-01,2004-01-01,GABLE,COMPSHG,VINYLSD,VINYLSD,STONE,146.0,GD,TA,PCONC,GD,TA,AV,GLQ,720,UNF,0,638,1358,GASA,EX,Y,SBRKR,1358,0,0,1358,1,0,2,0,2,1,GD,6,TYP,1,GD,ATTCHD,2004.0,RFN,2,484,TA,TA,Y,192,30,0,0,0,0,,,,0,7,2008-01-01,WD,NORMAL,207000
335,60,RL,59.0,9042,PAVE,,IR1,LVL,ALLPUB,INSIDE,GTL,GILBERT,NORM,NORM,1FAM,2STORY,6,5,1998-01-01,1998-01-01,GABLE,COMPSHG,VINYLSD,VINYLSD,,0.0,TA,TA,PCONC,GD,TA,GD,GLQ,828,UNF,0,115,943,GASA,GD,Y,SBRKR,943,695,0,1638,1,0,2,1,3,1,TA,7,TYP,2,TA,ATTCHD,1998.0,FIN,2,472,TA,TA,Y,100,38,0,0,0,0,,,,0,7,2008-01-01,WD,NORMAL,192000
336,190,RL,,164660,GRVL,,IR1,HLS,ALLPUB,CORNER,SEV,TIMBER,NORM,NORM,2FMCON,1.5FIN,5,6,1965-01-01,1965-01-01,GABLE,COMPSHG,PLYWOOD,PLYWOOD,,0.0,TA,TA,CBLOCK,TA,TA,GD,ALQ,1249,BLQ,147,103,1499,GASA,EX,Y,SBRKR,1619,167,0,1786,2,0,2,0,3,1,TA,7,TYP,2,GD,ATTCHD,1965.0,FIN,2,529,TA,TA,Y,670,0,0,0,0,0,,,SHED,700,8,2008-01-01,WD,NORMAL,228950
337,20,RL,86.0,14157,PAVE,,IR1,HLS,ALLPUB,CORNER,GTL,STONEBR,NORM,NORM,1FAM,1STORY,9,5,2005-01-01,2006-01-01,HIP,COMPSHG,VINYLSD,VINYLSD,STONE,200.0,GD,TA,PCONC,EX,TA,GD,GLQ,1249,UNF,0,673,1922,GASA,EX,Y,SBRKR,1922,0,0,1922,1,0,2,0,3,1,GD,8,TYP,1,GD,ATTCHD,2005.0,FIN,3,676,TA,TA,Y,178,51,0,0,0,0,,,,0,7,2007-01-01,WD,NORMAL,377426
338,20,RL,70.0,9135,PAVE,,REG,LVL,ALLPUB,INSIDE,GTL,COLLGCR,NORM,NORM,1FAM,1STORY,7,5,2002-01-01,2003-01-01,GABLE,COMPSHG,VINYLSD,VINYLSD,BRKFACE,113.0,GD,TA,PCONC,GD,TA,AV,GLQ,810,UNF,0,726,1536,GASA,EX,Y,SBRKR,1536,0,0,1536,1,0,2,0,3,1,GD,7,TYP,0,,ATTCHD,2002.0,RFN,2,532,TA,TA,Y,192,74,0,0,0,0,,,,0,12,2008-01-01,WD,NORMAL,214000
339,20,RL,91.0,14145,PAVE,,REG,LVL,ALLPUB,CORNER,GTL,NWAMES,NORM,NORM,1FAM,1STORY,7,7,1984-01-01,1998-01-01,GABLE,COMPSHG,WD SDNG,WD SDNG,,0.0,GD,TA,CBLOCK,GD,TA,MN,ALQ,213,UNF,0,995,1208,GASA,EX,Y,SBRKR,1621,0,0,1621,1,0,2,0,3,1,GD,8,TYP,0,,ATTCHD,1984.0,RFN,2,440,TA,TA,Y,108,45,0,0,0,0,,,SHED,400,5,2006-01-01,WD,NORMAL,202500
340,20,RL,66.0,12400,PAVE,,IR1,LVL,ALLPUB,INSIDE,GTL,NAMES,FEEDR,NORM,1FAM,1STORY,6,7,1958-01-01,1998-01-01,HIP,COMPSHG,WD SDNG,WD SDNG,BRKFACE,176.0,TA,TA,CBLOCK,TA,FA,NO,REC,585,UNF,0,630,1215,GASA,TA,Y,FUSEA,1215,0,0,1215,0,0,1,0,3,1,TA,6,TYP,0,,ATTCHD,1958.0,UNF,1,297,TA,TA,Y,0,0,0,0,234,0,,,,0,6,2009-01-01,WD,NORMAL,155000
341,60,RL,85.0,14191,PAVE,,REG,LVL,ALLPUB,INSIDE,GTL,TIMBER,NORM,NORM,1FAM,2STORY,8,5,2002-01-01,2002-01-01,GABLE,COMPSHG,VINYLSD,VINYLSD,,0.0,GD,TA,PCONC,GD,TA,NO,UNF,0,UNF,0,967,967,GASA,EX,Y,SBRKR,993,915,0,1908,0,0,2,1,4,1,GD,9,TYP,0,,ATTCHD,2002.0,FIN,2,431,TA,TA,Y,135,0,0,0,0,0,,,,0,4,2010-01-01,WD,NORMAL,202900
342,20,RH,60.0,8400,PAVE,,REG,LVL,ALLPUB,INSIDE,GTL,SAWYERW,FEEDR,NORM,1FAM,1STORY,4,4,1950-01-01,1950-01-01,GABLE,COMPSHG,WD SDNG,ASBSHNG,,0.0,FA,FA,CBLOCK,TA,FA,NO,UNF,0,UNF,0,721,721,GASA,GD,Y,SBRKR,841,0,0,841,0,0,1,0,2,1,TA,4,TYP,0,,CARPORT,1950.0,UNF,1,294,TA,TA,N,250,0,24,0,0,0,,,,0,9,2009-01-01,WD,NORMAL,82000
343,90,RL,,8544,PAVE,,REG,LVL,ALLPUB,INSIDE,GTL,NAMES,NORM,NORM,DUPLEX,1STORY,3,4,1949-01-01,1950-01-01,GABLE,COMPSHG,STUCCO,STUCCO,BRKFACE,340.0,TA,TA,SLAB,,,,,0,,0,0,0,WALL,FA,N,FUSEA,1040,0,0,1040,0,0,2,0,2,2,TA,6,TYP,0,,DETCHD,1949.0,UNF,2,400,TA,TA,Y,0,0,0,0,0,0,,,,0,5,2006-01-01,WD,NORMAL,87500
344,120,RL,63.0,8849,PAVE,,IR1,LVL,ALLPUB,INSIDE,GTL,NRIDGHT,NORM,NORM,TWNHSE,1STORY,9,5,2005-01-01,2005-01-01,HIP,COMPSHG,METALSD,METALSD,BRKFACE,616.0,EX,TA,PCONC,EX,TA,NO,GLQ,28,UNF,0,1656,1684,GASA,EX,Y,SBRKR,1684,0,0,1684,0,0,2,0,2,1,EX,6,TYP,1,EX,ATTCHD,2005.0,RFN,2,564,TA,TA,Y,495,72,0,0,0,0,,,,0,7,2008-01-01,WD,NORMAL,266000
345,160,RM,36.0,2592,PAVE,,REG,LVL,ALLPUB,INSIDE,GTL,MEADOWV,NORM,NORM,TWNHSE,2STORY,5,3,1976-01-01,1976-01-01,GABLE,COMPSHG,CEMNTBD,CMENTBD,,0.0,TA,TA,CBLOCK,GD,TA,NO,REC,129,BLQ,232,175,536,GASA,TA,Y,SBRKR,536,576,0,1112,0,0,1,1,3,1,TA,4,TYP,0,,ATTCHD,1976.0,UNF,1,336,TA,TA,Y,182,0,0,0,0,0,,,,0,4,2010-01-01,WD,NORMAL,85000
346,50,RL,65.0,6435,PAVE,,REG,LVL,ALLPUB,INSIDE,GTL,BRKSIDE,RRAN,NORM,1FAM,1.5FIN,6,5,1939-01-01,1950-01-01,GABLE,COMPSHG,METALSD,METALSD,,0.0,TA,TA,BRKTIL,TA,TA,NO,UNF,0,UNF,0,972,972,GASA,GD,Y,SBRKR,972,605,0,1577,0,0,1,0,3,1,FA,6,TYP,1,GD,DETCHD,1939.0,UNF,1,312,TA,TA,Y,0,0,0,0,0,0,,,,0,10,2006-01-01,WD,NORMAL,140200
347,20,RL,,12772,PAVE,,IR1,LVL,ALLPUB,CULDSAC,GTL,NAMES,NORM,NORM,1FAM,1STORY,6,8,1960-01-01,1998-01-01,HIP,COMPSHG,METALSD,METALSD,,0.0,TA,GD,CBLOCK,TA,TA,MN,BLQ,498,UNF,0,460,958,GASA,TA,Y,SBRKR,958,0,0,958,0,0,1,0,2,1,TA,5,TYP,0,,ATTCHD,1960.0,RFN,1,301,TA,TA,Y,0,0,0,0,0,0,,,GAR2,15500,4,2007-01-01,WD,NORMAL,151500
348,20,RL,,17600,PAVE,,IR1,LVL,ALLPUB,INSIDE,GTL,NAMES,NORM,NORM,1FAM,1STORY,6,5,1960-01-01,1960-01-01,GABLE,COMPSHG,WD SDNG,WD SDNG,BRKFACE,30.0,TA,TA,CBLOCK,TA,TA,NO,BLQ,1270,UNF,0,208,1478,GASA,EX,Y,FUSEA,1478,0,0,1478,1,0,2,0,3,1,TA,6,TYP,2,GD,ATTCHD,1960.0,UNF,2,498,TA,TA,Y,0,40,0,0,0,0,,,,0,12,2009-01-01,WD,NORMAL,157500
349,160,RL,36.0,2448,PAVE,,REG,LVL,ALLPUB,INSIDE,GTL,NRIDGHT,NORM,NORM,TWNHS,2STORY,7,5,2003-01-01,2004-01-01,GABLE,COMPSHG,VINYLSD,WD SHNG,STONE,106.0,GD,TA,PCONC,GD,TA,NO,GLQ,573,UNF,0,191,764,GASA,EX,Y,SBRKR,764,862,0,1626,1,0,2,1,2,1,GD,6,TYP,0,,BUILTIN,2003.0,RFN,2,474,TA,TA,Y,0,27,0,0,0,0,,,,0,10,2008-01-01,WD,NORMAL,154000
350,60,RL,56.0,20431,PAVE,,IR2,LVL,ALLPUB,INSIDE,GTL,NRIDGHT,NORM,NORM,1FAM,2STORY,9,5,2005-01-01,2006-01-01,HIP,COMPSHG,CEMNTBD,CMENTBD,BRKFACE,870.0,EX,TA,PCONC,EX,TA,NO,GLQ,1410,UNF,0,438,1848,GASA,EX,Y,SBRKR,1848,880,0,2728,1,0,2,1,4,1,EX,10,TYP,2,EX,ATTCHD,2006.0,FIN,3,706,TA,TA,Y,0,0,0,0,0,0,,,,0,4,2006-01-01,NEW,PARTIAL,437154
351,120,RL,68.0,7820,PAVE,,IR1,LVL,ALLPUB,INSIDE,GTL,NRIDGHT,NORM,NORM,TWNHSE,1STORY,9,5,2007-01-01,2007-01-01,HIP,COMPSHG,METALSD,METALSD,BRKFACE,362.0,EX,TA,PCONC,EX,TA,NO,UNF,0,UNF,0,1869,1869,GASA,EX,Y,SBRKR,1869,0,0,1869,0,0,2,0,2,1,EX,6,TYP,1,GD,ATTCHD,2007.0,RFN,2,617,TA,TA,Y,210,54,0,0,0,0,,,,0,12,2007-01-01,NEW,PARTIAL,318061
352,120,RL,,5271,PAVE,,IR1,LOW,ALLPUB,INSIDE,MOD,CLEARCR,NORM,NORM,1FAM,1STORY,7,5,1986-01-01,1986-01-01,GABLE,COMPSHG,WD SDNG,WD SDNG,,0.0,TA,TA,PCONC,GD,TA,GD,GLQ,1082,UNF,0,371,1453,GASA,GD,Y,SBRKR,1453,0,0,1453,1,0,1,1,2,1,GD,6,TYP,1,TA,ATTCHD,1986.0,RFN,2,445,TA,TA,Y,0,80,0,0,184,0,,,,0,12,2006-01-01,WD,ABNORML,190000
353,50,RL,60.0,9084,PAVE,,REG,LVL,ALLPUB,INSIDE,GTL,EDWARDS,ARTERY,NORM,1FAM,1.5FIN,5,6,1941-01-01,1950-01-01,GABLE,COMPSHG,VINYLSD,VINYLSD,,0.0,TA,TA,CBLOCK,TA,FA,MN,LWQ,236,REC,380,0,616,GASA,TA,N,SBRKR,616,495,0,1111,0,1,1,0,3,1,TA,5,TYP,0,,DETCHD,1941.0,UNF,1,200,TA,FA,Y,48,0,0,0,0,0,,,,0,3,2008-01-01,CONLW,NORMAL,95000
354,30,RM,60.0,8520,PAVE,,REG,LVL,ALLPUB,INSIDE,GTL,OLDTOWN,NORM,NORM,1FAM,1STORY,6,8,1928-01-01,2003-01-01,GABLE,COMPSHG,VINYLSD,VINYLSD,,0.0,TA,GD,BRKTIL,TA,TA,NO,UNF,0,UNF,0,624,624,GASA,GD,Y,SBRKR,720,0,0,720,0,0,1,0,2,1,TA,5,TYP,0,,DETCHD,2005.0,UNF,2,484,TA,TA,Y,106,0,0,0,0,0,,,,0,5,2010-01-01,WD,NORMAL,105900
355,50,RL,60.0,8400,PAVE,,REG,BNK,ALLPUB,INSIDE,GTL,SWISU,NORM,NORM,1FAM,1.5FIN,6,5,1940-01-01,2000-01-01,GABLE,COMPSHG,WD SDNG,METALSD,,0.0,TA,TA,CBLOCK,TA,TA,NO,LWQ,388,UNF,0,552,940,GASA,EX,Y,SBRKR,1192,403,0,1595,0,0,1,0,2,1,TA,6,TYP,2,GD,ATTCHD,1940.0,UNF,1,240,TA,TA,Y,0,0,108,0,0,0,,,,0,6,2006-01-01,WD,NORMAL,140000
356,20,RL,105.0,11249,PAVE,,IR2,LVL,ALLPUB,INSIDE,GTL,COLLGCR,NORM,NORM,1FAM,1STORY,6,5,1995-01-01,1995-01-01,GABLE,COMPSHG,VINYLSD,VINYLSD,,0.0,GD,GD,PCONC,GD,GD,NO,ALQ,334,BLQ,544,322,1200,GASA,EX,Y,SBRKR,1200,0,0,1200,1,0,2,0,3,1,GD,6,TYP,0,,ATTCHD,1995.0,RFN,2,521,TA,TA,Y,0,26,0,0,0,0,,,,0,8,2007-01-01,WD,NORMAL,177500
357,20,RL,,9248,PAVE,,IR1,LVL,ALLPUB,INSIDE,GTL,GILBERT,NORM,NORM,1FAM,1STORY,6,6,1992-01-01,1992-01-01,GABLE,COMPSHG,HDBOARD,HDBOARD,BRKFACE,106.0,TA,TA,PCONC,GD,TA,NO,GLQ,560,UNF,0,598,1158,GASA,GD,Y,SBRKR,1167,0,0,1167,1,0,2,0,3,1,GD,6,TYP,0,,ATTCHD,1992.0,RFN,2,400,TA,TA,Y,120,26,0,0,0,0,,,,0,7,2009-01-01,WD,NORMAL,173000
358,120,RM,44.0,4224,PAVE,,REG,LVL,ALLPUB,INSIDE,GTL,MEADOWV,NORM,NORM,TWNHSE,1STORY,5,5,1976-01-01,1976-01-01,GABLE,COMPSHG,CEMNTBD,CMENTBD,,0.0,TA,TA,PCONC,GD,TA,NO,ALQ,874,UNF,0,268,1142,GASA,TA,Y,SBRKR,1142,0,0,1142,1,0,1,1,3,1,TA,6,TYP,1,PO,ATTCHD,1976.0,FIN,2,528,TA,TA,Y,536,90,0,0,0,0,,MNPRV,,0,8,2007-01-01,WD,NORMAL,134000
359,80,RL,92.0,6930,PAVE,,IR1,LVL,ALLPUB,INSIDE,GTL,CLEARCR,NORM,NORM,1FAM,SLVL,5,4,1958-01-01,1958-01-01,HIP,COMPSHG,WD SDNG,IMSTUCC,BRKFACE,120.0,TA,TA,CBLOCK,TA,TA,AV,BLQ,300,REC,294,468,1062,GASA,EX,Y,FUSEF,1352,0,0,1352,0,1,1,0,3,1,GD,6,MIN2,0,,BUILTIN,1958.0,UNF,1,288,TA,TA,Y,168,0,294,0,0,0,,,,0,7,2006-01-01,WD,ABNORML,130000
360,60,RL,78.0,12011,PAVE,,IR1,LVL,ALLPUB,CULDSAC,GTL,NORIDGE,NORM,NORM,1FAM,2STORY,8,5,1998-01-01,1998-01-01,GABLE,COMPSHG,VINYLSD,VINYLSD,BRKFACE,530.0,GD,TA,PCONC,GD,TA,AV,GLQ,956,UNF,0,130,1086,GASA,EX,Y,SBRKR,1086,838,0,1924,1,0,2,1,3,1,GD,7,TYP,1,TA,ATTCHD,1998.0,RFN,2,592,TA,TA,Y,208,75,0,0,374,0,,,,0,6,2006-01-01,WD,NORMAL,280000
361,85,RL,,7540,PAVE,,IR1,LVL,ALLPUB,CULDSAC,GTL,MITCHEL,NORM,NORM,1FAM,SFOYER,6,6,1978-01-01,1978-01-01,GABLE,COMPSHG,VINYLSD,VINYLSD,,0.0,TA,TA,CBLOCK,GD,TA,AV,GLQ,773,UNF,0,115,888,GASA,EX,Y,SBRKR,912,0,0,912,1,0,1,0,2,1,TA,5,TYP,1,TA,ATTCHD,1978.0,RFN,2,470,TA,TA,Y,0,0,0,0,192,0,,MNPRV,,0,6,2007-01-01,WD,NORMAL,156000
362,50,RL,,9144,PAVE,PAVE,REG,LVL,ALLPUB,INSIDE,GTL,BRKSIDE,NORM,NORM,1FAM,1.5FIN,5,5,1940-01-01,1982-01-01,GABLE,COMPSHG,METALSD,METALSD,,0.0,TA,TA,CBLOCK,TA,TA,NO,REC,399,UNF,0,484,883,GASA,GD,Y,SBRKR,988,517,0,1505,1,0,1,0,3,1,TA,8,TYP,0,,DETCHD,1940.0,UNF,1,240,TA,TA,N,0,0,0,0,0,0,,,,0,7,2008-01-01,WD,NORMAL,145000
363,85,RL,64.0,7301,PAVE,,REG,LVL,ALLPUB,CORNER,GTL,EDWARDS,NORM,NORM,1FAM,SFOYER,7,5,2003-01-01,2003-01-01,GABLE,COMPSHG,HDBOARD,HDBOARD,BRKFACE,500.0,GD,TA,SLAB,,,,,0,,0,0,0,GASA,EX,Y,SBRKR,495,1427,0,1922,0,0,3,0,4,1,GD,7,TYP,1,EX,BUILTIN,2003.0,RFN,2,672,TA,TA,Y,0,0,177,0,0,0,,,,0,7,2009-01-01,CONLD,NORMAL,198500
364,160,RM,21.0,1680,PAVE,,REG,LVL,ALLPUB,INSIDE,GTL,BRDALE,NORM,NORM,TWNHS,2STORY,6,8,1972-01-01,2007-01-01,GABLE,COMPSHG,HDBOARD,HDBOARD,BRKFACE,510.0,TA,TA,CBLOCK,TA,TA,NO,ALQ,162,UNF,0,321,483,GASA,GD,Y,SBRKR,483,504,0,987,0,0,1,1,2,1,GD,5,TYP,0,,DETCHD,1972.0,UNF,1,264,TA,TA,Y,250,0,0,0,0,0,,,,0,5,2009-01-01,WD,NORMAL,118000
365,60,RL,,18800,PAVE,,IR1,LVL,ALLPUB,FR2,GTL,NWAMES,NORM,NORM,1FAM,2STORY,6,5,1976-01-01,1976-01-01,GABLE,COMPSHG,HDBOARD,HDBOARD,BRKFACE,120.0,TA,TA,PCONC,GD,TA,MN,GLQ,712,UNF,0,84,796,GASA,TA,Y,SBRKR,790,784,0,1574,1,0,2,1,3,1,TA,6,TYP,1,TA,ATTCHD,1976.0,FIN,2,566,TA,TA,Y,306,111,0,0,0,0,,,,0,7,2006-01-01,WD,NORMAL,190000
366,70,RM,59.0,10690,PAVE,,REG,LVL,ALLPUB,INSIDE,GTL,IDOTRR,NORM,NORM,1FAM,2STORY,5,7,1920-01-01,1997-01-01,HIP,COMPSHG,VINYLSD,VINYLSD,,0.0,TA,GD,CBLOCK,TA,FA,NO,REC,456,UNF,0,216,672,GASA,GD,Y,FUSEA,672,672,0,1344,0,0,1,0,3,1,TA,6,TYP,0,,DETCHD,1964.0,UNF,1,468,TA,FA,Y,0,128,218,0,0,0,,,,0,7,2009-01-01,WD,NORMAL,147000
367,20,RL,,9500,PAVE,,IR1,LVL,ALLPUB,INSIDE,GTL,NAMES,NORM,NORM,1FAM,1STORY,6,5,1963-01-01,1963-01-01,GABLE,COMPSHG,PLYWOOD,PLYWOOD,BRKFACE,247.0,TA,TA,CBLOCK,GD,TA,NO,BLQ,609,UNF,0,785,1394,GASA,GD,Y,SBRKR,1394,0,0,1394,1,0,1,1,3,1,TA,6,TYP,2,GD,ATTCHD,1963.0,RFN,2,514,TA,TA,Y,0,76,0,0,185,0,,,,0,7,2009-01-01,WD,NORMAL,159000
368,80,RL,101.0,9150,PAVE,,IR1,LVL,ALLPUB,CORNER,GTL,NAMES,NORM,NORM,1FAM,SLVL,6,5,1962-01-01,1962-01-01,GABLE,TAR&GRV,PLYWOOD,PLYWOOD,BRKFACE,305.0,TA,TA,CBLOCK,GD,TA,GD,GLQ,371,UNF,0,728,1099,GASA,GD,Y,SBRKR,1431,0,0,1431,0,1,1,0,3,1,TA,6,TYP,1,GD,BASMENT,1962.0,RFN,1,296,TA,TA,Y,64,110,0,0,0,0,,,,0,12,2008-01-01,WD,NORMAL,165000
369,20,RL,78.0,7800,PAVE,,REG,LVL,ALLPUB,INSIDE,GTL,NAMES,NORM,NORM,1FAM,1STORY,5,6,1954-01-01,1954-01-01,GABLE,COMPSHG,HDBOARD,HDBOARD,BRKFACE,200.0,TA,TA,PCONC,TA,TA,NO,LWQ,540,UNF,0,728,1268,GASA,GD,Y,SBRKR,1268,0,0,1268,0,0,1,0,2,1,TA,7,TYP,1,GD,ATTCHD,1954.0,FIN,1,244,TA,TA,Y,0,98,0,0,0,0,,,,0,3,2010-01-01,WD,NORMAL,132000
370,20,RL,,9830,PAVE,,IR1,LVL,ALLPUB,CORNER,GTL,NAMES,NORM,NORM,1FAM,1STORY,5,7,1959-01-01,2006-01-01,GABLE,COMPSHG,WD SDNG,WD SDNG,,0.0,TA,GD,CBLOCK,TA,TA,NO,ALQ,72,REC,258,733,1063,GASA,EX,Y,SBRKR,1287,0,0,1287,1,0,1,0,3,1,GD,7,TYP,1,GD,DETCHD,1997.0,FIN,2,576,TA,TA,Y,364,17,0,0,182,0,,,,0,3,2010-01-01,WD,NORMAL,162000
371,60,RL,,8121,PAVE,,IR1,LVL,ALLPUB,INSIDE,GTL,GILBERT,NORM,NORM,1FAM,2STORY,6,5,2000-01-01,2000-01-01,GABLE,COMPSHG,VINYLSD,VINYLSD,,0.0,TA,TA,PCONC,GD,TA,NO,UNF,0,UNF,0,953,953,GASA,EX,Y,SBRKR,953,711,0,1664,0,0,2,1,3,1,TA,7,TYP,1,TA,ATTCHD,2000.0,RFN,2,460,TA,TA,Y,100,40,0,0,0,0,,,,0,1,2006-01-01,WD,NORMAL,172400
372,50,RL,80.0,17120,PAVE,,REG,LVL,ALLPUB,INSIDE,GTL,CLEARCR,FEEDR,NORM,1FAM,1.5FIN,4,4,1959-01-01,1959-01-01,GABLE,COMPSHG,WDSHING,PLYWOOD,,0.0,TA,TA,CBLOCK,,,,,0,,0,0,0,GASA,TA,Y,SBRKR,1120,468,0,1588,0,0,2,0,4,1,TA,7,MIN2,1,GD,DETCHD,1991.0,FIN,2,680,TA,TA,N,0,59,0,0,0,0,,,,0,7,2008-01-01,WD,NORMAL,134432
373,120,RL,50.0,7175,PAVE,,REG,LVL,ALLPUB,INSIDE,GTL,SAWYERW,NORM,NORM,TWNHSE,1STORY,6,5,1984-01-01,1984-01-01,GABLE,COMPSHG,PLYWOOD,PLYWOOD,,0.0,TA,TA,CBLOCK,GD,TA,NO,ALQ,623,LWQ,121,0,744,GASA,TA,Y,SBRKR,752,0,0,752,1,0,1,0,2,1,TA,4,TYP,0,,ATTCHD,1984.0,UNF,1,264,TA,TA,Y,353,0,0,0,90,0,,MNPRV,,0,2,2010-01-01,WD,NORMAL,125000
374,20,RL,79.0,10634,PAVE,,REG,LVL,ALLPUB,INSIDE,GTL,NAMES,NORM,NORM,1FAM,1STORY,5,6,1953-01-01,1953-01-01,GABLE,COMPSHG,METALSD,METALSD,,0.0,TA,TA,PCONC,TA,TA,NO,BLQ,428,LWQ,180,0,608,GASA,TA,Y,SBRKR,1319,0,0,1319,1,0,1,0,3,1,TA,5,MIN2,0,,ATTCHD,1953.0,UNF,1,270,TA,TA,Y,66,0,0,0,0,0,,GDWO,,0,11,2009-01-01,WD,NORMAL,123000
375,60,RL,65.0,8200,PAVE,,REG,LVL,ALLPUB,INSIDE,GTL,COLLGCR,NORM,NORM,1FAM,2STORY,7,5,2003-01-01,2004-01-01,GABLE,COMPSHG,VINYLSD,VINYLSD,,0.0,GD,TA,PCONC,GD,TA,NO,UNF,0,UNF,0,847,847,GASA,EX,Y,SBRKR,847,1081,0,1928,0,0,2,1,4,1,GD,8,TYP,1,GD,BUILTIN,2003.0,FIN,2,434,TA,TA,Y,100,48,0,0,0,0,,,,0,7,2007-01-01,WD,NORMAL,219500
376,30,RL,,10020,PAVE,,IR1,LOW,ALLPUB,INSIDE,SEV,EDWARDS,NORM,NORM,1FAM,1STORY,1,1,1922-01-01,1950-01-01,GABLE,COMPSHG,WD SDNG,WD SDNG,,0.0,FA,FA,BRKTIL,FA,PO,GD,BLQ,350,UNF,0,333,683,GASA,GD,N,FUSEA,904,0,0,904,1,0,0,1,1,1,FA,4,MAJ1,0,,,,,0,0,,,Y,0,0,0,0,0,0,,,,0,3,2009-01-01,WD,NORMAL,61000
377,85,RL,57.0,8846,PAVE,,IR1,LVL,ALLPUB,CULDSAC,GTL,COLLGCR,NORM,NORM,1FAM,SFOYER,5,5,1996-01-01,1996-01-01,GABLE,COMPSHG,VINYLSD,VINYLSD,,0.0,GD,TA,PCONC,GD,TA,AV,GLQ,298,UNF,0,572,870,GASA,EX,Y,SBRKR,914,0,0,914,0,0,1,0,2,1,TA,5,TYP,0,,DETCHD,1998.0,UNF,2,576,TA,TA,Y,0,0,0,0,0,0,,,,0,7,2006-01-01,WD,NORMAL,148000
378,60,FV,102.0,11143,PAVE,,IR1,LVL,ALLPUB,CORNER,GTL,SOMERST,NORM,NORM,1FAM,2STORY,8,5,2004-01-01,2005-01-01,GABLE,COMPSHG,CEMNTBD,CMENTBD,,0.0,GD,TA,PCONC,GD,TA,NO,UNF,0,UNF,0,1580,1580,GASA,EX,Y,SBRKR,1580,886,0,2466,0,0,3,0,4,1,GD,8,TYP,1,GD,ATTCHD,2004.0,RFN,2,610,TA,TA,Y,159,214,0,0,0,0,,,,0,12,2007-01-01,WD,NORMAL,340000
379,20,RL,88.0,11394,PAVE,,REG,LVL,ALLPUB,CORNER,GTL,STONEBR,NORM,NORM,1FAM,1STORY,9,2,2010-01-01,2010-01-01,HIP,COMPSHG,VINYLSD,VINYLSD,STONE,350.0,GD,TA,PCONC,EX,TA,AV,GLQ,1445,UNF,0,411,1856,GASA,EX,Y,SBRKR,1856,0,0,1856,1,0,1,1,1,1,EX,8,TYP,1,EX,ATTCHD,2010.0,FIN,3,834,TA,TA,Y,113,0,0,0,0,0,,,,0,6,2010-01-01,NEW,PARTIAL,394432
380,60,RL,60.0,8123,PAVE,,IR1,LVL,ALLPUB,INSIDE,GTL,GILBERT,RRAN,NORM,1FAM,2STORY,6,5,2000-01-01,2000-01-01,GABLE,COMPSHG,VINYLSD,VINYLSD,BRKFACE,16.0,TA,TA,PCONC,GD,TA,NO,UNF,0,UNF,0,982,982,GASA,EX,Y,SBRKR,1007,793,0,1800,0,0,2,1,3,1,TA,7,TYP,1,TA,ATTCHD,2000.0,FIN,2,463,TA,TA,Y,100,63,0,0,0,0,,,,0,6,2009-01-01,WD,NORMAL,179000
381,50,RL,50.0,5000,PAVE,PAVE,REG,LVL,ALLPUB,INSIDE,GTL,SWISU,NORM,NORM,1FAM,1.5FIN,5,6,1924-01-01,1950-01-01,GABLE,COMPSHG,BRKFACE,WD SDNG,,0.0,TA,TA,BRKTIL,TA,TA,NO,LWQ,218,UNF,0,808,1026,GASA,TA,Y,SBRKR,1026,665,0,1691,0,0,2,0,3,1,GD,6,TYP,1,GD,DETCHD,1924.0,UNF,1,308,TA,TA,Y,0,0,242,0,0,0,,,,0,5,2010-01-01,WD,NORMAL,127000
382,20,FV,60.0,7200,PAVE,PAVE,REG,LVL,ALLPUB,INSIDE,GTL,SOMERST,NORM,NORM,1FAM,1STORY,7,5,2006-01-01,2006-01-01,GABLE,COMPSHG,VINYLSD,VINYLSD,,0.0,GD,TA,PCONC,GD,GD,NO,UNF,0,UNF,0,1293,1293,GASA,EX,Y,SBRKR,1301,0,0,1301,1,0,2,0,2,1,GD,5,TYP,1,GD,ATTCHD,2006.0,RFN,2,572,TA,TA,Y,216,121,0,0,0,0,,,,0,8,2006-01-01,NEW,PARTIAL,187750
383,60,RL,79.0,9245,PAVE,,IR1,LVL,ALLPUB,INSIDE,GTL,COLLGCR,NORM,NORM,1FAM,2STORY,7,5,2006-01-01,2006-01-01,GABLE,COMPSHG,VINYLSD,VINYLSD,,0.0,GD,TA,PCONC,GD,TA,AV,UNF,0,UNF,0,939,939,GASA,EX,Y,SBRKR,939,858,0,1797,0,0,2,1,3,1,GD,8,TYP,0,,ATTCHD,2006.0,RFN,2,639,TA,TA,Y,144,53,0,0,0,0,,,,0,4,2007-01-01,WD,NORMAL,213500
384,45,RH,60.0,9000,PAVE,,REG,LVL,ALLPUB,CORNER,GTL,SAWYERW,NORM,NORM,1FAM,1.5UNF,6,3,1928-01-01,1950-01-01,GABLE,COMPSHG,WD SDNG,WD SDNG,,0.0,TA,TA,BRKTIL,FA,FA,NO,UNF,0,UNF,0,784,784,GASA,TA,N,FUSEA,784,0,0,784,0,0,1,0,2,1,TA,5,TYP,0,,DETCHD,1950.0,UNF,2,360,FA,FA,N,0,0,91,0,0,0,,,,0,10,2009-01-01,WD,NORMAL,76000
385,60,RL,,53107,PAVE,,IR2,LOW,ALLPUB,CORNER,MOD,CLEARCR,FEEDR,NORM,1FAM,2STORY,6,5,1992-01-01,1992-01-01,GABLE,COMPSHG,HDBOARD,HDBOARD,,0.0,GD,TA,PCONC,GD,TA,AV,GLQ,985,UNF,0,595,1580,GASA,EX,Y,SBRKR,1079,874,0,1953,1,0,2,1,3,1,GD,9,TYP,2,FA,ATTCHD,1992.0,FIN,2,501,TA,TA,Y,216,231,0,0,0,0,,,,0,6,2007-01-01,WD,NORMAL,240000
386,120,RL,43.0,3182,PAVE,,REG,LVL,ALLPUB,INSIDE,GTL,BLMNGTN,NORM,NORM,TWNHSE,1STORY,8,5,2004-01-01,2005-01-01,GABLE,COMPSHG,VINYLSD,VINYLSD,BRKFACE,16.0,GD,TA,PCONC,GD,TA,NO,GLQ,24,UNF,0,1232,1256,GASA,EX,Y,SBRKR,1269,0,0,1269,0,0,2,0,2,1,GD,6,TYP,1,TA,ATTCHD,2004.0,FIN,2,430,TA,TA,Y,146,20,0,0,144,0,,,,0,4,2010-01-01,WD,NORMAL,192000
387,50,RL,58.0,8410,PAVE,,REG,LVL,ALLPUB,FR2,GTL,EDWARDS,FEEDR,NORM,1FAM,1.5FIN,5,3,1910-01-01,1996-01-01,GAMBREL,COMPSHG,WD SDNG,VINYLSD,,0.0,TA,FA,PCONC,TA,TA,NO,UNF,0,UNF,0,658,658,GASA,TA,Y,SBRKR,658,526,0,1184,0,0,1,0,5,1,TA,8,TYP,0,,,,,0,0,,,N,0,151,0,0,0,0,,,,0,5,2006-01-01,WD,ADJLAND,81000
388,80,RL,72.0,7200,PAVE,,REG,LVL,ALLPUB,INSIDE,GTL,EDWARDS,NORM,NORM,1FAM,SLVL,6,6,1976-01-01,1976-01-01,HIP,COMPSHG,METALSD,METALSD,BRKFACE,255.0,TA,TA,CBLOCK,TA,TA,AV,ALQ,631,UNF,0,410,1041,GASA,EX,Y,SBRKR,1125,0,0,1125,1,0,1,0,3,1,TA,6,TYP,1,FA,DETCHD,1977.0,UNF,1,352,TA,TA,Y,296,0,0,0,0,0,,GDWO,,0,10,2009-01-01,WD,ABNORML,125000
389,20,RL,93.0,9382,PAVE,,IR1,LVL,ALLPUB,CULDSAC,GTL,COLLGCR,NORM,NORM,1FAM,1STORY,7,5,1999-01-01,2000-01-01,GABLE,COMPSHG,VINYLSD,VINYLSD,BRKFACE,125.0,GD,TA,PCONC,GD,TA,NO,UNF,0,UNF,0,1468,1468,GASA,EX,Y,SBRKR,1479,0,0,1479,0,0,2,0,3,1,GD,6,TYP,0,,ATTCHD,1999.0,RFN,2,577,TA,TA,Y,120,25,0,0,0,0,,,,0,7,2008-01-01,WD,NORMAL,191000
390,60,RL,96.0,12474,PAVE,,REG,LVL,ALLPUB,INSIDE,GTL,NRIDGHT,NORM,NORM,1FAM,2STORY,10,5,2007-01-01,2008-01-01,GABLE,COMPSHG,VINYLSD,VINYLSD,STONE,272.0,EX,TA,PCONC,EX,TA,AV,GLQ,1280,UNF,0,402,1682,GASA,EX,Y,SBRKR,1742,590,0,2332,1,0,2,1,3,1,EX,9,TYP,1,EX,BUILTIN,2008.0,FIN,3,846,TA,TA,Y,196,134,0,0,0,0,,,,0,8,2008-01-01,NEW,PARTIAL,426000
391,50,RL,50.0,8405,PAVE,GRVL,REG,LVL,ALLPUB,INSIDE,GTL,EDWARDS,NORM,NORM,1FAM,1.5FIN,5,8,1900-01-01,1950-01-01,GABLE,COMPSHG,METALSD,METALSD,,0.0,TA,TA,BRKTIL,TA,GD,NO,REC,241,BLQ,391,229,861,GASA,EX,Y,SBRKR,961,406,0,1367,1,0,1,0,4,1,TA,7,TYP,0,,DETCHD,1978.0,UNF,1,384,TA,TA,Y,0,130,112,0,0,0,,MNPRV,,0,4,2008-01-01,WD,NORMAL,119000
392,60,RL,71.0,12209,PAVE,,IR1,LVL,ALLPUB,CULDSAC,GTL,MITCHEL,NORM,NORM,1FAM,2STORY,6,5,2001-01-01,2002-01-01,GABLE,COMPSHG,VINYLSD,VINYLSD,,0.0,TA,TA,PCONC,EX,TA,NO,ALQ,690,UNF,0,114,804,GASA,EX,Y,SBRKR,804,1157,0,1961,1,0,2,1,3,1,GD,7,TYP,1,TA,BUILTIN,2001.0,FIN,2,560,TA,TA,Y,125,192,0,0,0,0,,,,0,6,2009-01-01,WD,NORMAL,215000
393,20,RL,,8339,PAVE,,IR1,LVL,ALLPUB,INSIDE,GTL,NAMES,NORM,NORM,1FAM,1STORY,5,7,1959-01-01,1959-01-01,GABLE,COMPSHG,METALSD,METALSD,,0.0,TA,TA,SLAB,,,,,0,,0,0,0,GASA,TA,Y,SBRKR,882,0,0,882,0,0,1,0,3,1,TA,5,TYP,0,,ATTCHD,1959.0,RFN,1,294,TA,TA,Y,0,0,0,0,0,0,,MNPRV,SHED,1200,7,2007-01-01,WD,NORMAL,106500
394,30,RL,,7446,PAVE,,REG,LVL,ALLPUB,CORNER,GTL,BRKSIDE,FEEDR,NORM,1FAM,1STORY,4,5,1941-01-01,1950-01-01,GABLE,COMPSHG,WDSHING,WD SHNG,,0.0,TA,TA,CBLOCK,TA,TA,NO,REC,266,UNF,0,522,788,GASA,TA,Y,FUSEA,788,0,0,788,0,0,1,0,2,1,TA,4,TYP,2,TA,,,,0,0,,,Y,0,0,0,0,0,0,,GDWO,,0,4,2006-01-01,WD,ABNORML,100000
395,50,RL,60.0,10134,PAVE,,REG,LVL,ALLPUB,INSIDE,GTL,OLDTOWN,NORM,NORM,1FAM,1.5FIN,5,6,1940-01-01,1950-01-01,GABLE,COMPSHG,METALSD,METALSD,,0.0,TA,TA,CBLOCK,TA,TA,NO,UNF,0,UNF,0,735,735,GASA,GD,Y,FUSEA,735,299,0,1034,0,0,1,0,2,1,TA,5,TYP,0,,DETCHD,1940.0,UNF,1,240,TA,TA,Y,0,39,0,0,0,0,,,,0,7,2007-01-01,WD,NORMAL,109000
396,20,RL,68.0,9571,PAVE,,REG,LVL,ALLPUB,INSIDE,GTL,EDWARDS,NORM,NORM,1FAM,1STORY,5,6,1956-01-01,1956-01-01,GABLE,COMPSHG,WD SDNG,WD SDNG,,0.0,TA,TA,CBLOCK,TA,TA,AV,BLQ,739,UNF,0,405,1144,GASA,TA,Y,SBRKR,1144,0,0,1144,1,0,1,0,3,1,TA,6,TYP,0,,ATTCHD,1956.0,UNF,1,596,TA,TA,Y,44,0,0,0,0,0,,,,0,6,2010-01-01,WD,NORMAL,129000
397,20,RL,60.0,7200,PAVE,,REG,LOW,ALLPUB,INSIDE,GTL,COLLGCR,NORM,NORM,1FAM,1STORY,5,5,1972-01-01,1972-01-01,HIP,COMPSHG,METALSD,METALSD,,0.0,TA,TA,CBLOCK,TA,TA,AV,REC,777,UNF,0,117,894,GASA,TA,Y,SBRKR,894,0,0,894,0,0,1,0,2,1,TA,6,TYP,0,,DETCHD,1985.0,RFN,2,600,TA,TA,Y,215,0,0,0,0,0,,,,0,9,2009-01-01,WD,NORMAL,123000
398,60,RL,69.0,7590,PAVE,,REG,LVL,ALLPUB,INSIDE,GTL,NAMES,POSN,NORM,1FAM,2STORY,5,5,1962-01-01,1962-01-01,GABLE,COMPSHG,VINYLSD,VINYLSD,BRKFACE,288.0,TA,TA,CBLOCK,TA,TA,NO,ALQ,540,UNF,0,324,864,GASA,TA,Y,SBRKR,876,936,0,1812,0,0,2,0,4,1,TA,8,TYP,1,TA,ATTCHD,1962.0,RFN,1,264,TA,TA,Y,0,168,0,0,0,0,,,,0,7,2007-01-01,WD,NORMAL,169500
399,30,RM,60.0,8967,PAVE,,REG,LVL,ALLPUB,CORNER,GTL,IDOTRR,NORM,NORM,1FAM,1STORY,5,2,1920-01-01,1950-01-01,GABLE,COMPSHG,METALSD,METALSD,,0.0,TA,FA,BRKTIL,FA,PO,NO,UNF,0,UNF,0,961,961,GASA,GD,Y,MIX,1077,0,0,1077,0,0,1,0,2,1,TA,6,MAJ2,0,,DETCHD,1920.0,UNF,1,338,PO,PO,N,0,0,0,0,0,0,,,,0,11,2007-01-01,WD,ABNORML,67000
400,60,FV,65.0,8125,PAVE,,REG,LVL,ALLPUB,INSIDE,GTL,SOMERST,NORM,NORM,1FAM,2STORY,7,5,2006-01-01,2007-01-01,GABLE,COMPSHG,CEMNTBD,CMENTBD,STONE,100.0,GD,TA,PCONC,GD,TA,NO,GLQ,812,UNF,0,280,1092,GASA,EX,Y,SBRKR,1112,438,0,1550,1,0,2,0,2,1,GD,7,TYP,0,,ATTCHD,2007.0,FIN,2,438,TA,TA,Y,0,168,0,0,0,0,,,,0,10,2009-01-01,WD,NORMAL,241000
401,120,RL,38.0,14963,PAVE,,IR2,LVL,ALLPUB,INSIDE,GTL,VEENKER,NORM,NORM,TWNHSE,1STORY,8,5,1996-01-01,1996-01-01,GABLE,COMPSHG,BRKFACE,BRKFACE,,0.0,GD,TA,PCONC,GD,TA,NO,GLQ,786,UNF,0,474,1260,GASA,EX,Y,SBRKR,1288,0,0,1288,1,0,1,1,1,1,EX,4,TYP,2,GD,ATTCHD,1996.0,FIN,2,500,TA,TA,Y,120,30,0,0,224,0,,,,0,12,2008-01-01,WD,NORMAL,245500
402,20,RL,65.0,8767,PAVE,,IR1,LVL,ALLPUB,INSIDE,GTL,COLLGCR,NORM,NORM,1FAM,1STORY,7,5,2005-01-01,2005-01-01,GABLE,COMPSHG,VINYLSD,VINYLSD,,0.0,GD,TA,PCONC,GD,TA,AV,GLQ,24,UNF,0,1286,1310,GASA,EX,Y,SBRKR,1310,0,0,1310,0,0,2,0,3,1,GD,6,TYP,1,GD,ATTCHD,2005.0,FIN,2,400,TA,TA,Y,0,0,0,0,0,0,,,,0,7,2006-01-01,NEW,PARTIAL,164990
403,30,RL,60.0,10200,PAVE,,REG,LVL,ALLPUB,INSIDE,GTL,SAWYER,NORM,NORM,1FAM,1STORY,5,8,1940-01-01,1997-01-01,GABLE,COMPSHG,WD SDNG,WD SDNG,,0.0,TA,TA,PCONC,TA,TA,NO,UNF,0,UNF,0,672,672,GASA,EX,Y,SBRKR,672,0,0,672,0,0,1,0,2,1,TA,4,TYP,0,,DETCHD,1940.0,UNF,1,240,TA,TA,N,168,0,0,0,0,0,,GDPRV,,0,8,2008-01-01,WD,NORMAL,108000
404,60,RL,93.0,12090,PAVE,,REG,LVL,ALLPUB,CORNER,GTL,NORIDGE,NORM,NORM,1FAM,2STORY,8,5,1998-01-01,1998-01-01,HIP,COMPSHG,VINYLSD,VINYLSD,BRKFACE,650.0,GD,TA,PCONC,GD,TA,NO,UNF,0,UNF,0,1141,1141,GASA,GD,Y,SBRKR,1165,1098,0,2263,0,0,2,1,4,1,GD,10,TYP,1,TA,BUILTIN,1998.0,FIN,2,420,TA,TA,Y,144,123,0,0,0,0,,,,0,7,2006-01-01,WD,ABNORML,258000
405,60,RL,,10364,PAVE,,IR1,LVL,ALLPUB,INSIDE,GTL,GILBERT,NORM,NORM,1FAM,2STORY,6,5,1995-01-01,1996-01-01,GABLE,COMPSHG,METALSD,METALSD,,0.0,TA,TA,PCONC,GD,TA,NO,UNF,0,UNF,0,806,806,GASA,GD,Y,SBRKR,806,766,0,1572,0,0,2,1,3,1,TA,7,TYP,1,TA,BUILTIN,1995.0,FIN,2,373,TA,TA,Y,0,40,0,0,0,0,,,,0,5,2007-01-01,WD,NORMAL,168000
406,20,RL,,9991,PAVE,,IR1,LVL,ALLPUB,CORNER,GTL,SAWYER,FEEDR,NORM,1FAM,1STORY,4,4,1976-01-01,1993-01-01,GABLE,COMPSHG,PLYWOOD,PLYWOOD,,0.0,TA,TA,CBLOCK,TA,TA,NO,BLQ,1116,UNF,0,165,1281,GASA,EX,Y,SBRKR,1620,0,0,1620,1,0,2,0,3,1,TA,8,MIN1,1,TA,ATTCHD,1993.0,UNF,2,490,TA,TA,Y,120,78,0,0,0,0,,GDWO,,0,6,2009-01-01,WD,NORMAL,150000
407,50,RL,51.0,10480,PAVE,,REG,LVL,ALLPUB,INSIDE,GTL,SWISU,NORM,NORM,1FAM,1.5FIN,6,5,1936-01-01,1950-01-01,GABLE,COMPSHG,METALSD,METALSD,,0.0,TA,TA,BRKTIL,TA,TA,NO,UNF,0,UNF,0,1064,1064,GASA,EX,Y,FUSEA,1166,0,473,1639,0,0,1,0,3,1,TA,6,MAJ2,0,,DETCHD,1936.0,UNF,1,240,TA,TA,Y,0,0,0,0,0,0,,,,0,3,2008-01-01,WD,NORMAL,115000
408,70,RL,63.0,15576,PAVE,,REG,LVL,ALLPUB,INSIDE,GTL,CRAWFOR,NORM,NORM,1FAM,2STORY,6,7,1915-01-01,1976-01-01,GABLE,COMPSHG,WD SDNG,PLYWOOD,,0.0,TA,TA,BRKTIL,GD,TA,NO,UNF,0,UNF,0,840,840,GASA,EX,Y,SBRKR,840,840,0,1680,0,0,2,0,4,1,TA,8,TYP,0,,ATTCHD,1960.0,UNF,1,308,TA,TA,Y,0,0,160,0,0,0,,,,0,3,2008-01-01,WD,NORMAL,177000
409,60,RL,109.0,14154,PAVE,,REG,LVL,ALLPUB,CORNER,GTL,NRIDGHT,NORM,NORM,1FAM,2STORY,7,5,2006-01-01,2006-01-01,GABLE,COMPSHG,VINYLSD,VINYLSD,BRKFACE,350.0,GD,TA,PCONC,EX,GD,NO,UNF,0,UNF,0,1063,1063,GASA,EX,Y,SBRKR,1071,1101,0,2172,0,0,2,1,3,1,GD,9,TYP,1,GD,ATTCHD,2006.0,RFN,3,947,TA,TA,Y,192,62,0,0,0,0,,,,0,8,2007-01-01,NEW,PARTIAL,280000
410,60,FV,85.0,10800,PAVE,,REG,LVL,ALLPUB,INSIDE,GTL,SOMERST,NORM,NORM,1FAM,2STORY,8,5,2007-01-01,2008-01-01,GABLE,COMPSHG,VINYLSD,VINYLSD,STONE,100.0,GD,TA,PCONC,EX,TA,NO,GLQ,789,UNF,0,245,1034,GASA,EX,Y,SBRKR,1050,1028,0,2078,1,0,2,1,3,1,EX,8,TYP,1,GD,ATTCHD,2008.0,FIN,3,836,TA,TA,Y,0,102,0,0,0,0,,,,0,4,2008-01-01,NEW,PARTIAL,339750
411,20,RL,68.0,9571,PAVE,,REG,LVL,ALLPUB,INSIDE,GTL,EDWARDS,NORM,NORM,1FAM,1STORY,5,3,1958-01-01,1958-01-01,GABLE,COMPSHG,BRKCOMM,BRK CMN,,0.0,TA,FA,CBLOCK,TA,FA,NO,UNF,0,UNF,0,1276,1276,GASA,TA,Y,FUSEA,1276,0,0,1276,0,0,1,0,3,1,TA,5,MOD,0,,ATTCHD,1958.0,UNF,1,350,TA,TA,Y,0,0,0,0,0,0,,,,0,6,2009-01-01,COD,ABNORML,60000
412,190,RL,100.0,34650,PAVE,,REG,BNK,ALLPUB,INSIDE,GTL,GILBERT,NORM,NORM,2FMCON,1STORY,5,5,1955-01-01,1955-01-01,HIP,COMPSHG,WD SDNG,WD SDNG,,0.0,TA,TA,CBLOCK,TA,TA,MN,REC,1056,UNF,0,0,1056,GASA,TA,N,SBRKR,1056,0,0,1056,1,0,1,0,3,1,TA,5,TYP,0,,ATTCHD,1955.0,FIN,2,572,TA,TA,Y,264,0,0,0,0,0,,,,0,1,2006-01-01,WD,NORMAL,145000
413,20,FV,,4403,PAVE,,IR2,LVL,ALLPUB,INSIDE,GTL,SOMERST,NORM,NORM,1FAM,1STORY,7,5,2009-01-01,2009-01-01,GABLE,COMPSHG,METALSD,METALSD,STONE,432.0,EX,TA,PCONC,EX,TA,AV,GLQ,578,UNF,0,892,1470,GASA,EX,Y,SBRKR,1478,0,0,1478,1,0,2,1,2,1,GD,7,TYP,1,GD,ATTCHD,2009.0,FIN,2,484,TA,TA,Y,0,144,0,0,0,0,,,,0,6,2010-01-01,NEW,PARTIAL,222000
414,30,RM,56.0,8960,PAVE,GRVL,REG,LVL,ALLPUB,INSIDE,GTL,OLDTOWN,ARTERY,NORM,1FAM,1STORY,5,6,1927-01-01,1950-01-01,GABLE,COMPSHG,WDSHING,WD SHNG,,0.0,TA,TA,CBLOCK,TA,TA,NO,UNF,0,UNF,0,1008,1008,GASA,GD,Y,FUSEA,1028,0,0,1028,0,0,1,0,2,1,TA,5,TYP,1,GD,DETCHD,1927.0,UNF,2,360,TA,TA,Y,0,0,130,0,0,0,,,,0,3,2010-01-01,WD,NORMAL,115000
415,60,RL,59.0,11228,PAVE,,IR2,LVL,ALLPUB,CULDSAC,GTL,SAWYERW,NORM,NORM,1FAM,2STORY,7,5,1993-01-01,1993-01-01,GABLE,COMPSHG,VINYLSD,VINYLSD,,0.0,GD,TA,PCONC,GD,TA,NO,BLQ,50,GLQ,531,499,1080,GASA,EX,Y,SBRKR,1080,1017,0,2097,0,1,2,1,3,1,GD,9,TYP,1,TA,ATTCHD,1993.0,UNF,3,678,TA,TA,Y,196,187,0,0,0,0,,,,0,12,2008-01-01,WD,NORMAL,228000
416,20,RL,73.0,8899,PAVE,,IR1,LVL,ALLPUB,INSIDE,GTL,GILBERT,NORM,NORM,1FAM,1STORY,7,5,2007-01-01,2007-01-01,GABLE,COMPSHG,VINYLSD,VINYLSD,,0.0,GD,TA,PCONC,GD,TA,AV,GLQ,24,UNF,0,1316,1340,GASA,EX,Y,SBRKR,1340,0,0,1340,0,0,2,0,3,1,GD,6,TYP,0,,ATTCHD,2007.0,FIN,2,396,TA,TA,Y,100,30,0,0,0,0,,,,0,8,2007-01-01,NEW,PARTIAL,181134
417,60,RL,74.0,7844,PAVE,,REG,LVL,ALLPUB,INSIDE,GTL,SAWYER,NORM,NORM,1FAM,2STORY,6,7,1978-01-01,1978-01-01,HIP,COMPSHG,HDBOARD,HDBOARD,BRKFACE,203.0,TA,TA,CBLOCK,TA,TA,NO,ALQ,209,UNF,0,463,672,GASA,TA,Y,SBRKR,672,728,0,1400,0,0,1,1,3,1,TA,6,TYP,1,TA,ATTCHD,1978.0,FIN,2,440,TA,TA,Y,0,0,0,0,0,0,,,,0,3,2006-01-01,WD,NORMAL,149500
418,70,RL,86.0,22420,PAVE,,IR1,LVL,ALLPUB,INSIDE,GTL,CRAWFOR,FEEDR,NORM,1FAM,2STORY,6,6,1918-01-01,1950-01-01,HIP,COMPSHG,WD SDNG,STUCCO,,0.0,TA,TA,BRKTIL,GD,TA,NO,BLQ,1128,UNF,0,242,1370,GASW,TA,N,FUSEA,1370,1254,0,2624,1,0,2,1,4,1,TA,10,TYP,1,GD,DETCHD,1918.0,UNF,3,864,TA,TA,N,0,0,0,0,0,0,,,,0,11,2007-01-01,WD,NORMAL,239000
419,50,RL,60.0,8160,PAVE,,REG,LVL,ALLPUB,INSIDE,GTL,EDWARDS,NORM,NORM,1FAM,1.5FIN,5,6,1940-01-01,1950-01-01,GABLE,COMPSHG,METALSD,METALSD,,0.0,TA,TA,BRKTIL,TA,TA,NO,ALQ,312,UNF,0,444,756,GASA,FA,N,FUSEF,756,378,0,1134,1,0,1,1,3,1,TA,7,TYP,0,,DETCHD,1940.0,UNF,1,240,TA,TA,P,0,0,0,0,0,0,,,,0,4,2007-01-01,WD,ADJLAND,126000
420,20,RL,65.0,8450,PAVE,,REG,LVL,ALLPUB,INSIDE,GTL,NAMES,NORM,NORM,1FAM,1STORY,5,6,1968-01-01,1968-01-01,GABLE,COMPSHG,VINYLSD,VINYLSD,,0.0,TA,TA,CBLOCK,TA,TA,NO,BLQ,775,UNF,0,281,1056,GASA,EX,Y,SBRKR,1056,0,0,1056,1,0,1,0,3,1,TA,6,TYP,1,FA,ATTCHD,1968.0,UNF,1,304,TA,TA,Y,0,85,184,0,0,0,,,,0,7,2010-01-01,WD,NORMAL,142000
421,90,RM,78.0,7060,PAVE,,REG,LVL,ALLPUB,INSIDE,GTL,MITCHEL,NORM,NORM,DUPLEX,SFOYER,7,5,1997-01-01,1998-01-01,GABLE,COMPSHG,VINYLSD,VINYLSD,BRKFACE,200.0,TA,GD,PCONC,GD,GD,GD,GLQ,1309,UNF,0,35,1344,GASA,EX,Y,SBRKR,1344,0,0,1344,2,0,2,0,2,2,TA,8,TYP,0,,ATTCHD,1997.0,FIN,4,784,TA,TA,Y,0,0,0,0,0,0,,,,0,11,2008-01-01,WD,ALLOCA,206300
422,20,RL,,16635,PAVE,,IR1,LVL,ALLPUB,FR2,GTL,NWAMES,NORM,NORM,1FAM,1STORY,6,7,1977-01-01,2000-01-01,GABLE,COMPSHG,CEMNTBD,CMENTBD,STONE,126.0,GD,TA,CBLOCK,GD,TA,NO,ALQ,1246,UNF,0,356,1602,GASA,GD,Y,SBRKR,1602,0,0,1602,0,1,2,0,3,1,GD,8,TYP,1,TA,ATTCHD,1977.0,FIN,2,529,TA,TA,Y,240,0,0,0,0,0,,,,0,6,2009-01-01,WD,NORMAL,215000
423,20,RL,100.0,21750,PAVE,,REG,HLS,ALLPUB,INSIDE,MOD,MITCHEL,ARTERY,NORM,1FAM,1STORY,5,5,1954-01-01,1954-01-01,HIP,COMPSHG,HDBOARD,HDBOARD,,0.0,TA,TA,CBLOCK,TA,TA,NO,UNF,0,UNF,0,988,988,GASA,EX,Y,FUSEA,988,0,0,988,0,0,1,0,2,1,TA,4,TYP,0,,ATTCHD,1954.0,RFN,2,520,TA,TA,N,0,0,0,0,0,0,,,,0,2,2008-01-01,WD,NORMAL,113000
424,60,RL,80.0,9200,PAVE,,REG,LVL,ALLPUB,INSIDE,GTL,NORIDGE,NORM,NORM,1FAM,2STORY,8,5,1998-01-01,1998-01-01,GABLE,COMPSHG,VINYLSD,VINYLSD,BRKFACE,473.0,GD,TA,PCONC,GD,TA,NO,GLQ,986,UNF,0,484,1470,GASA,GD,Y,SBRKR,1470,1160,0,2630,1,0,2,1,4,1,GD,8,TYP,1,TA,ATTCHD,1998.0,FIN,3,696,TA,TA,Y,0,66,0,0,0,0,,,,0,6,2008-01-01,WD,NORMAL,315000
425,20,RL,72.0,9000,PAVE,,REG,LVL,ALLPUB,INSIDE,GTL,NAMES,NORM,NORM,1FAM,1STORY,6,5,1956-01-01,1956-01-01,GABLE,COMPSHG,WD SDNG,WD SDNG,BRKFACE,74.0,TA,TA,CBLOCK,GD,TA,NO,LWQ,616,UNF,0,580,1196,GASA,GD,Y,FUSEA,1196,0,0,1196,1,0,1,0,2,1,TA,6,TYP,1,GD,ATTCHD,1956.0,RFN,1,297,TA,TA,Y,0,44,0,0,0,0,,,,0,5,2008-01-01,WD,NORMAL,139000
426,60,RM,60.0,3378,PAVE,GRVL,REG,HLS,ALLPUB,INSIDE,GTL,OLDTOWN,NORM,NORM,1FAM,2STORY,7,8,1946-01-01,1992-01-01,GABLE,COMPSHG,HDBOARD,HDBOARD,,0.0,TA,GD,CBLOCK,TA,TA,NO,UNF,0,UNF,0,651,651,GASA,GD,Y,SBRKR,707,682,0,1389,0,0,1,1,3,1,TA,6,TYP,2,GD,DETCHD,1947.0,UNF,1,240,TA,TA,P,0,0,126,0,0,0,,,,0,9,2009-01-01,WD,NORMAL,135000
427,80,RL,,12800,PAVE,,REG,LOW,ALLPUB,INSIDE,MOD,SAWYERW,NORM,NORM,1FAM,SLVL,7,5,1989-01-01,1989-01-01,GABLE,COMPSHG,WD SDNG,WD SDNG,BRKFACE,145.0,GD,TA,PCONC,GD,TA,GD,GLQ,1518,UNF,0,0,1518,GASA,GD,Y,SBRKR,1644,0,0,1644,1,1,2,0,2,1,GD,5,TYP,1,TA,ATTCHD,1989.0,FIN,2,569,TA,TA,Y,80,0,0,0,396,0,,,,0,8,2009-01-01,WD,NORMAL,275000
428,20,RL,77.0,8593,PAVE,,IR1,LVL,ALLPUB,INSIDE,GTL,NAMES,NORM,NORM,1FAM,1STORY,4,6,1957-01-01,1957-01-01,HIP,COMPSHG,METALSD,METALSD,,0.0,TA,TA,CBLOCK,TA,TA,NO,REC,288,UNF,0,619,907,GASA,EX,Y,SBRKR,907,0,0,907,0,0,1,0,3,1,TA,5,TYP,0,,DETCHD,1964.0,UNF,1,352,TA,TA,Y,0,0,0,0,0,0,,,,0,7,2008-01-01,WD,NORMAL,109008
429,20,RL,64.0,6762,PAVE,,REG,LVL,ALLPUB,INSIDE,GTL,COLLGCR,NORM,NORM,1FAM,1STORY,7,5,2007-01-01,2007-01-01,GABLE,COMPSHG,VINYLSD,VINYLSD,BRKFACE,108.0,GD,TA,PCONC,GD,TA,NO,GLQ,664,UNF,0,544,1208,GASA,EX,Y,SBRKR,1208,0,0,1208,1,0,2,0,2,1,GD,6,TYP,0,,ATTCHD,2007.0,RFN,2,628,TA,TA,Y,105,54,0,0,0,0,,,,0,9,2007-01-01,NEW,PARTIAL,195400
430,20,RL,130.0,11457,PAVE,,IR1,LVL,ALLPUB,CORNER,GTL,TIMBER,NORM,NORM,1FAM,1STORY,6,5,1988-01-01,1988-01-01,GABLE,COMPSHG,HDBOARD,HDBOARD,,0.0,TA,TA,CBLOCK,GD,TA,MN,GLQ,1005,UNF,0,387,1392,GASA,TA,Y,SBRKR,1412,0,0,1412,1,0,2,0,3,1,GD,6,TYP,1,TA,ATTCHD,1988.0,UNF,2,576,TA,TA,Y,0,0,169,0,0,0,,,,0,3,2009-01-01,WD,NORMAL,175000
431,160,RM,21.0,1680,PAVE,,REG,LVL,ALLPUB,INSIDE,GTL,BRDALE,NORM,NORM,TWNHS,2STORY,6,5,1971-01-01,1971-01-01,GABLE,COMPSHG,HDBOARD,HDBOARD,BRKFACE,232.0,TA,TA,CBLOCK,TA,TA,NO,ALQ,387,UNF,0,96,483,GASA,TA,Y,SBRKR,483,504,0,987,0,0,1,1,2,1,TA,4,TYP,0,,DETCHD,1971.0,UNF,1,264,TA,TA,Y,0,0,0,0,0,0,,,,0,7,2008-01-01,COD,ABNORML,85400
432,50,RM,60.0,5586,PAVE,,IR1,BNK,ALLPUB,INSIDE,GTL,OLDTOWN,FEEDR,NORM,1FAM,1.5FIN,6,7,1920-01-01,1998-01-01,GABLE,COMPSHG,METALSD,METALSD,,0.0,TA,TA,BRKTIL,TA,TA,NO,UNF,0,UNF,0,901,901,GASA,GD,Y,SBRKR,1088,110,0,1198,0,0,1,0,4,1,TA,7,TYP,0,,,,,0,0,,,N,0,98,0,0,0,0,,MNPRV,,0,9,2008-01-01,CONLD,ABNORML,79900
433,160,RM,24.0,1920,PAVE,,REG,LVL,ALLPUB,INSIDE,GTL,BRDALE,NORM,NORM,TWNHSE,2STORY,5,5,1971-01-01,1971-01-01,GABLE,COMPSHG,HDBOARD,HDBOARD,BRKFACE,376.0,TA,TA,CBLOCK,TA,TA,NO,ALQ,471,UNF,0,294,765,GASA,EX,Y,SBRKR,765,600,0,1365,1,0,1,1,2,1,TA,6,MIN1,0,,DETCHD,1971.0,UNF,2,440,TA,TA,Y,240,36,0,0,0,0,,,,0,8,2007-01-01,WD,NORMAL,122500
434,60,RL,100.0,10839,PAVE,,IR1,LVL,ALLPUB,CORNER,GTL,GILBERT,NORM,NORM,1FAM,2STORY,6,5,1997-01-01,1998-01-01,GABLE,COMPSHG,VINYLSD,VINYLSD,,0.0,TA,TA,PCONC,GD,TA,NO,UNF,0,UNF,0,926,926,GASA,EX,Y,SBRKR,926,678,0,1604,0,0,2,1,3,1,TA,7,TYP,1,TA,ATTCHD,1997.0,FIN,2,470,TA,TA,Y,0,36,0,0,0,0,,,,0,7,2008-01-01,WD,NORMAL,181000
435,180,RM,21.0,1890,PAVE,,REG,LVL,ALLPUB,INSIDE,GTL,MEADOWV,NORM,NORM,TWNHS,SFOYER,4,7,1972-01-01,1972-01-01,GABLE,COMPSHG,CEMNTBD,CMENTBD,,0.0,TA,GD,CBLOCK,GD,TA,AV,ALQ,495,UNF,0,135,630,GASA,GD,Y,SBRKR,630,0,0,630,1,0,1,0,1,1,TA,3,TYP,0,,,,,0,0,,,Y,88,0,0,0,0,0,,,,0,6,2008-01-01,WD,NORMAL,81000
436,60,RL,43.0,10667,PAVE,,IR2,LVL,ALLPUB,CULDSAC,GTL,COLLGCR,POSN,NORM,1FAM,2STORY,7,6,1996-01-01,1996-01-01,GABLE,COMPSHG,VINYLSD,VINYLSD,,0.0,GD,TA,PCONC,GD,TA,AV,GLQ,385,ALQ,344,70,799,GASA,EX,Y,SBRKR,827,834,0,1661,1,0,2,1,3,1,GD,6,TYP,1,TA,ATTCHD,1996.0,RFN,2,550,TA,TA,Y,158,61,0,0,0,0,,,,0,4,2009-01-01,CONLW,NORMAL,212000
437,50,RM,40.0,4400,PAVE,,REG,LVL,ALLPUB,INSIDE,GTL,OLDTOWN,NORM,NORM,1FAM,1.5FIN,6,8,1920-01-01,1950-01-01,GABLE,COMPSHG,STUCCO,STUCCO,,0.0,TA,TA,BRKTIL,FA,TA,NO,UNF,0,UNF,0,648,648,GASA,TA,Y,FUSEA,734,384,0,1118,0,0,1,0,2,1,TA,6,TYP,0,,DETCHD,1990.0,UNF,2,440,TA,TA,Y,0,0,0,0,0,0,,,,0,10,2006-01-01,WD,NORMAL,116000
438,45,RM,50.0,6000,PAVE,,REG,LVL,ALLPUB,INSIDE,GTL,BRKSIDE,NORM,NORM,1FAM,1.5UNF,6,7,1926-01-01,2004-01-01,GABLE,COMPSHG,WD SDNG,WD SDNG,,0.0,GD,TA,PCONC,TA,TA,NO,UNF,0,UNF,0,884,884,GASA,GD,Y,SBRKR,904,0,0,904,0,0,1,0,2,1,TA,4,TYP,0,,DETCHD,1926.0,UNF,1,180,TA,TA,Y,0,0,105,0,0,0,,,,0,1,2009-01-01,WD,NORMAL,119000
439,30,RL,40.0,4280,PAVE,,REG,LVL,ALLPUB,INSIDE,GTL,CRAWFOR,NORM,NORM,1FAM,1STORY,5,6,1913-01-01,2002-01-01,GABLE,COMPSHG,WDSHING,STUCCO,,0.0,TA,TA,PCONC,TA,TA,NO,LWQ,365,UNF,0,75,440,GASA,TA,N,SBRKR,694,0,0,694,0,0,1,0,2,1,GD,4,TYP,1,GD,DETCHD,1990.0,UNF,1,352,GD,TA,P,0,0,34,0,0,0,,MNPRV,,0,3,2007-01-01,WD,NORMAL,90350
440,50,RL,67.0,12354,PAVE,GRVL,REG,LVL,ALLPUB,CORNER,GTL,EDWARDS,NORM,NORM,1FAM,1.5FIN,6,8,1920-01-01,2000-01-01,GABLE,COMPSHG,WD SDNG,WD SDNG,,0.0,TA,TA,BRKTIL,TA,FA,MN,UNF,0,UNF,0,684,684,GASA,GD,Y,SBRKR,684,512,0,1196,0,0,1,0,3,1,GD,7,TYP,0,,DETCHD,2005.0,UNF,2,528,TA,TA,Y,0,46,0,0,0,0,,GDPRV,SHED,800,8,2009-01-01,CONLI,NORMAL,110000
441,20,RL,105.0,15431,PAVE,,REG,LVL,ALLPUB,INSIDE,GTL,NRIDGHT,NORM,NORM,1FAM,1STORY,10,5,2008-01-01,2008-01-01,HIP,COMPSHG,VINYLSD,VINYLSD,STONE,200.0,EX,TA,PCONC,EX,TA,GD,GLQ,1767,ALQ,539,788,3094,GASA,EX,Y,SBRKR,2402,0,0,2402,1,0,2,0,2,1,EX,10,TYP,2,GD,ATTCHD,2008.0,FIN,3,672,TA,TA,Y,0,72,0,0,170,0,,,,0,4,2009-01-01,WD,NORMAL,555000
442,90,RL,92.0,12108,PAVE,,REG,LVL,ALLPUB,INSIDE,GTL,EDWARDS,NORM,NORM,DUPLEX,1STORY,4,4,1955-01-01,1955-01-01,GABLE,COMPSHG,VINYLSD,VINYLSD,BRKFACE,270.0,TA,TA,CBLOCK,TA,TA,NO,ALQ,133,UNF,0,1307,1440,GASA,TA,N,FUSEF,1440,0,0,1440,0,0,2,0,4,2,FA,8,TYP,0,,,,,0,0,,,Y,0,0,0,0,0,0,,,,0,9,2008-01-01,WD,NORMAL,118000
443,50,RM,52.0,6240,PAVE,,REG,LVL,ALLPUB,INSIDE,GTL,BRKSIDE,NORM,NORM,1FAM,1.5FIN,5,7,1930-01-01,1992-01-01,GABLE,COMPSHG,METALSD,METALSD,,0.0,TA,TA,PCONC,TA,TA,NO,UNF,0,UNF,0,1078,1078,GASA,TA,Y,SBRKR,1128,445,0,1573,0,0,2,0,3,1,TA,8,TYP,1,GD,DETCHD,1930.0,UNF,2,360,TA,TA,P,0,0,0,0,0,0,,,,0,6,2008-01-01,WD,NORMAL,162900
444,120,RL,53.0,3922,PAVE,,REG,LVL,ALLPUB,INSIDE,GTL,BLMNGTN,NORM,NORM,TWNHSE,1STORY,7,5,2006-01-01,2007-01-01,GABLE,COMPSHG,WDSHING,WD SHNG,BRKFACE,72.0,GD,TA,PCONC,EX,TA,AV,UNF,0,UNF,0,1258,1258,GASA,EX,Y,SBRKR,1258,0,0,1258,0,0,2,0,2,1,GD,6,TYP,1,GD,ATTCHD,2007.0,FIN,3,648,TA,TA,Y,144,16,0,0,0,0,,,,0,6,2007-01-01,NEW,PARTIAL,172500
445,60,RL,70.0,8750,PAVE,,REG,LVL,ALLPUB,INSIDE,GTL,COLLGCR,NORM,NORM,1FAM,2STORY,7,5,1994-01-01,1995-01-01,GABLE,COMPSHG,VINYLSD,VINYLSD,,0.0,GD,GD,PCONC,GD,TA,NO,GLQ,642,UNF,0,273,915,GASA,EX,Y,SBRKR,933,975,0,1908,1,0,2,1,4,1,GD,8,TYP,1,TA,ATTCHD,1994.0,UNF,2,493,TA,TA,Y,144,133,0,0,0,0,,,,0,7,2008-01-01,WD,NORMAL,210000
446,20,RL,73.0,9855,PAVE,,REG,LVL,ALLPUB,CORNER,GTL,EDWARDS,NORM,NORM,1FAM,1STORY,6,5,1956-01-01,1956-01-01,HIP,COMPSHG,WD SDNG,WD SDNG,,0.0,TA,TA,CBLOCK,TA,TA,NO,UNF,0,UNF,0,1436,1436,GASA,FA,Y,SBRKR,1689,0,0,1689,0,0,1,0,3,1,TA,7,TYP,1,GD,ATTCHD,1956.0,UNF,2,480,TA,TA,Y,0,0,0,0,0,0,,MNPRV,,0,11,2009-01-01,COD,NORMAL,127500
447,20,RL,137.0,16492,PAVE,,IR1,LVL,ALLPUB,CORNER,GTL,NAMES,POSA,NORM,1FAM,1STORY,6,6,1966-01-01,2002-01-01,GABLE,COMPSHG,BRKFACE,PLYWOOD,,0.0,GD,TA,CBLOCK,TA,TA,NO,ALQ,247,REC,713,557,1517,GASA,EX,Y,SBRKR,1888,0,0,1888,0,0,2,1,2,1,GD,6,MOD,1,GD,ATTCHD,1966.0,FIN,2,578,TA,TA,Y,0,0,0,0,0,0,,,,0,6,2010-01-01,WD,NORMAL,190000
448,60,RL,,11214,PAVE,,IR1,LVL,ALLPUB,CORNER,GTL,GILBERT,NORM,NORM,1FAM,2STORY,7,5,1998-01-01,1999-01-01,GABLE,COMPSHG,VINYLSD,VINYLSD,,0.0,GD,TA,PCONC,GD,TA,NO,UNF,0,UNF,0,930,930,GASA,GD,Y,SBRKR,956,930,0,1886,0,0,2,1,4,1,GD,10,TYP,1,TA,ATTCHD,1998.0,FIN,2,431,TA,TA,Y,89,0,0,0,0,0,,,,0,7,2006-01-01,WD,NORMAL,199900
449,50,RM,50.0,8600,PAVE,,REG,BNK,ALLPUB,INSIDE,GTL,IDOTRR,NORM,NORM,1FAM,1.5FIN,6,6,1937-01-01,1950-01-01,GABLE,COMPSHG,METALSD,METALSD,,0.0,TA,TA,BRKTIL,TA,TA,NO,UNF,0,UNF,0,780,780,GASA,TA,Y,SBRKR,780,596,0,1376,0,0,2,0,3,1,TA,7,TYP,1,GD,DETCHD,1937.0,UNF,1,198,TA,TA,N,0,0,0,0,0,0,,,,0,6,2006-01-01,WD,NORMAL,119500
450,50,RM,50.0,6000,PAVE,,REG,LVL,ALLPUB,INSIDE,GTL,OLDTOWN,NORM,NORM,1FAM,1.5FIN,3,7,1948-01-01,2002-01-01,GABLE,COMPSHG,METALSD,METALSD,,0.0,TA,GD,CBLOCK,TA,TA,NO,ALQ,331,UNF,0,318,649,GASA,EX,Y,SBRKR,679,504,0,1183,0,0,1,1,2,1,TA,6,TYP,0,,DETCHD,1981.0,UNF,1,308,TA,TA,Y,0,176,0,0,0,0,,,,0,6,2007-01-01,WD,NORMAL,120000
451,30,RM,70.0,5684,PAVE,,REG,LVL,ALLPUB,INSIDE,GTL,OLDTOWN,NORM,NORM,1FAM,1STORY,6,8,1930-01-01,2005-01-01,HIP,COMPSHG,WD SDNG,WD SDNG,,0.0,TA,TA,BRKTIL,TA,TA,NO,UNF,0,UNF,0,813,813,GASA,EX,Y,FUSEA,813,0,0,813,0,0,1,0,2,1,GD,5,TYP,0,,DETCHD,1932.0,UNF,1,270,FA,FA,N,0,113,0,0,0,0,,,,0,6,2006-01-01,WD,NORMAL,110000
452,20,RL,62.0,70761,PAVE,,IR1,LOW,ALLPUB,INSIDE,MOD,CLEARCR,NORM,NORM,1FAM,1STORY,7,5,1975-01-01,1975-01-01,GABLE,WDSHNGL,PLYWOOD,PLYWOOD,,0.0,TA,TA,CBLOCK,GD,TA,GD,ALQ,655,UNF,0,878,1533,GASA,TA,Y,SBRKR,1533,0,0,1533,1,0,2,0,2,1,GD,5,TYP,2,TA,ATTCHD,1975.0,UNF,2,576,TA,TA,Y,200,54,0,0,0,0,,,,0,12,2006-01-01,WD,NORMAL,280000
453,60,RL,,9303,PAVE,,IR1,LVL,ALLPUB,CORNER,GTL,TIMBER,NORM,NORM,1FAM,2STORY,6,5,1996-01-01,1997-01-01,HIP,COMPSHG,VINYLSD,VINYLSD,BRKFACE,42.0,GD,TA,PCONC,EX,TA,NO,ALQ,742,UNF,0,130,872,GASA,EX,Y,SBRKR,888,868,0,1756,1,0,2,1,3,1,TA,7,TYP,0,,ATTCHD,1996.0,FIN,2,422,TA,TA,Y,144,122,0,0,0,0,,,,0,7,2007-01-01,WD,NORMAL,204000
454,60,FV,75.0,9000,PAVE,,REG,LVL,ALLPUB,INSIDE,GTL,SOMERST,NORM,NORM,1FAM,2STORY,8,5,2008-01-01,2008-01-01,GABLE,COMPSHG,VINYLSD,VINYLSD,,0.0,GD,TA,PCONC,GD,TA,NO,UNF,0,UNF,0,768,768,GASA,EX,Y,SBRKR,786,804,0,1590,0,0,2,1,3,1,GD,6,TYP,0,,ATTCHD,2008.0,RFN,2,676,TA,TA,Y,0,30,0,0,0,0,,,,0,6,2009-01-01,WD,NORMAL,210000
455,90,RL,63.0,9297,PAVE,,REG,LVL,ALLPUB,INSIDE,GTL,MITCHEL,NORM,NORM,DUPLEX,1STORY,5,5,1976-01-01,1976-01-01,GABLE,COMPSHG,PLYWOOD,PLYWOOD,,0.0,TA,TA,CBLOCK,TA,TA,NO,ALQ,1606,UNF,0,122,1728,GASA,TA,Y,SBRKR,1728,0,0,1728,2,0,2,0,4,2,TA,8,TYP,0,,DETCHD,1976.0,UNF,2,560,TA,TA,Y,0,0,0,0,0,0,,,,0,7,2006-01-01,WD,FAMILY,188000
456,20,RL,80.0,9600,PAVE,,REG,LVL,ALLPUB,INSIDE,GTL,NWAMES,NORM,NORM,1FAM,1STORY,7,6,1973-01-01,1973-01-01,HIP,COMPSHG,HDBOARD,HDBOARD,BRKFACE,320.0,TA,TA,CBLOCK,TA,TA,NO,ALQ,916,UNF,0,326,1242,GASA,FA,Y,SBRKR,1242,0,0,1242,0,0,1,1,3,1,TA,6,TYP,1,TA,ATTCHD,1973.0,UNF,2,528,TA,TA,Y,0,0,0,0,0,0,,,,0,9,2007-01-01,WD,NORMAL,175500
457,70,RM,34.0,4571,PAVE,GRVL,REG,LVL,ALLPUB,INSIDE,GTL,OLDTOWN,NORM,NORM,1FAM,2STORY,5,5,1916-01-01,1950-01-01,GABLE,COMPSHG,ASBSHNG,ASBSHNG,,0.0,TA,TA,BRKTIL,TA,TA,NO,UNF,0,UNF,0,624,624,GASA,FA,N,SBRKR,624,720,0,1344,0,0,1,0,4,1,TA,7,TYP,0,,DETCHD,1916.0,UNF,3,513,FA,FA,Y,0,0,96,0,0,0,,,,0,5,2008-01-01,COD,ABNORML,98000
458,20,RL,,53227,PAVE,,IR1,LOW,ALLPUB,CULDSAC,MOD,CLEARCR,NORM,NORM,1FAM,1STORY,4,6,1954-01-01,1994-01-01,FLAT,TAR&GRV,PLYWOOD,PLYWOOD,,0.0,TA,TA,CBLOCK,GD,TA,GD,BLQ,1116,UNF,0,248,1364,GASA,EX,Y,SBRKR,1663,0,0,1663,1,0,1,0,2,1,GD,6,MIN1,2,GD,ATTCHD,1954.0,FIN,2,529,TA,TA,Y,224,137,0,0,0,0,,,,0,3,2008-01-01,WD,NORMAL,256000
459,70,RM,,5100,PAVE,GRVL,REG,LVL,ALLPUB,INSIDE,GTL,OLDTOWN,NORM,NORM,1FAM,2STORY,8,7,1925-01-01,1996-01-01,HIP,COMPSHG,STUCCO,WD SHNG,,0.0,TA,GD,PCONC,TA,TA,NO,UNF,0,UNF,0,588,588,GASA,FA,Y,SBRKR,833,833,0,1666,0,0,1,0,3,1,GD,7,TYP,1,GD,DETCHD,1925.0,UNF,1,228,TA,TA,Y,192,63,0,0,0,0,,MNPRV,,0,6,2008-01-01,WD,NORMAL,161000
460,50,RL,,7015,PAVE,,IR1,BNK,ALLPUB,CORNER,GTL,BRKSIDE,NORM,NORM,1FAM,1.5FIN,5,4,1950-01-01,1950-01-01,GABLE,COMPSHG,METALSD,METALSD,BRKCMN,161.0,TA,TA,CBLOCK,TA,TA,NO,LWQ,185,UNF,0,524,709,GASA,TA,Y,SBRKR,979,224,0,1203,1,0,1,0,3,1,GD,5,TYP,1,TA,DETCHD,1950.0,UNF,1,352,TA,TA,Y,0,0,248,0,0,0,,,,0,7,2009-01-01,WD,NORMAL,110000
461,60,FV,75.0,8004,PAVE,,IR1,LVL,ALLPUB,INSIDE,GTL,SOMERST,RRAN,NORM,1FAM,2STORY,8,5,2009-01-01,2009-01-01,GABLE,COMPSHG,VINYLSD,VINYLSD,STONE,110.0,GD,TA,PCONC,GD,TA,NO,GLQ,544,UNF,0,288,832,GASA,EX,Y,SBRKR,832,1103,0,1935,1,0,2,1,3,1,TA,8,TYP,0,,BUILTIN,2009.0,FIN,2,552,TA,TA,Y,0,150,0,0,0,0,,,,0,12,2009-01-01,NEW,PARTIAL,263435
462,70,RL,60.0,7200,PAVE,,REG,LVL,ALLPUB,INSIDE,GTL,SWISU,FEEDR,NORM,1FAM,2STORY,7,9,1936-01-01,2007-01-01,GABLE,COMPSHG,WD SDNG,WD SDNG,,0.0,GD,GD,PCONC,GD,GD,NO,ALQ,350,BLQ,210,0,560,GASA,EX,Y,SBRKR,575,560,0,1135,1,0,1,0,3,1,GD,6,TYP,0,,DETCHD,1971.0,RFN,2,576,TA,TA,Y,256,0,0,0,0,0,,MNPRV,,0,4,2009-01-01,WD,NORMAL,155000
463,20,RL,60.0,8281,PAVE,,IR1,LVL,ALLPUB,INSIDE,GTL,SAWYER,NORM,NORM,1FAM,1STORY,5,5,1965-01-01,1965-01-01,GABLE,COMPSHG,METALSD,METALSD,,0.0,TA,TA,CBLOCK,TA,TA,NO,REC,553,BLQ,311,0,864,GASA,GD,Y,SBRKR,864,0,0,864,0,0,1,0,3,1,TA,5,TYP,1,PO,DETCHD,1965.0,UNF,1,360,TA,TA,Y,0,0,236,0,0,0,,GDWO,,0,12,2009-01-01,WD,NORMAL,62383
464,70,RL,74.0,11988,PAVE,,IR1,HLS,ALLPUB,INSIDE,MOD,CRAWFOR,NORM,NORM,1FAM,2STORY,6,7,1934-01-01,1995-01-01,HIP,COMPSHG,STUCCO,STUCCO,,0.0,TA,TA,CBLOCK,TA,TA,NO,LWQ,326,UNF,0,389,715,GASA,FA,Y,FUSEA,849,811,0,1660,0,0,1,1,3,1,TA,6,TYP,1,GD,DETCHD,1939.0,UNF,1,240,TA,TA,Y,0,0,0,0,0,0,,,,0,8,2008-01-01,WD,NORMAL,188700
465,20,RL,60.0,8430,PAVE,,REG,HLS,ALLPUB,INSIDE,MOD,COLLGCR,NORM,NORM,1FAM,1STORY,5,5,1978-01-01,1978-01-01,GABLE,COMPSHG,HDBOARD,HDBOARD,BRKFACE,136.0,TA,TA,CBLOCK,GD,TA,NO,REC,616,UNF,0,424,1040,GASA,TA,Y,SBRKR,1040,0,0,1040,0,0,2,0,3,1,TA,5,TYP,0,,,,,0,0,,,Y,0,0,0,0,0,0,,,,0,8,2009-01-01,WD,NORMAL,124000
466,120,RM,,3072,PAVE,,REG,LVL,ALLPUB,INSIDE,GTL,BLMNGTN,NORM,NORM,TWNHSE,1STORY,7,5,2004-01-01,2004-01-01,HIP,COMPSHG,VINYLSD,VINYLSD,BRKFACE,18.0,GD,TA,PCONC,GD,TA,NO,UNF,0,UNF,0,1375,1375,GASA,EX,Y,SBRKR,1414,0,0,1414,0,0,2,0,2,1,GD,6,TYP,1,TA,ATTCHD,2004.0,FIN,2,398,TA,TA,Y,144,20,0,0,0,0,,,,0,5,2006-01-01,WD,NORMAL,178740
467,20,RL,85.0,10628,PAVE,,REG,LVL,ALLPUB,INSIDE,GTL,NAMES,NORM,NORM,1FAM,1STORY,7,5,1970-01-01,1970-01-01,FLAT,TAR&GRV,PLYWOOD,PLYWOOD,,0.0,TA,GD,CBLOCK,TA,GD,GD,GLQ,778,UNF,0,499,1277,GASA,TA,Y,SBRKR,1277,0,0,1277,1,0,1,0,2,1,TA,5,TYP,1,PO,ATTCHD,1970.0,UNF,2,526,TA,TA,Y,0,0,0,0,176,0,,GDWO,,0,4,2007-01-01,WD,NORMAL,167000
468,70,RL,79.0,9480,PAVE,,REG,LVL,ALLPUB,INSIDE,GTL,NAMES,ARTERY,NORM,1FAM,2STORY,5,7,1942-01-01,1995-01-01,GABLE,COMPSHG,METALSD,METALSD,STONE,224.0,TA,TA,CBLOCK,TA,TA,NO,LWQ,386,UNF,0,342,728,GASA,EX,Y,SBRKR,888,756,0,1644,0,0,1,1,3,1,GD,7,TYP,2,GD,ATTCHD,1942.0,UNF,1,312,TA,TA,Y,168,0,0,0,0,0,,,,0,6,2007-01-01,WD,NORMAL,146500
469,20,RL,98.0,11428,PAVE,,IR1,LVL,ALLPUB,INSIDE,GTL,NRIDGHT,NORM,NORM,1FAM,1STORY,8,5,2006-01-01,2006-01-01,GABLE,COMPSHG,VINYLSD,VINYLSD,STONE,248.0,GD,TA,PCONC,GD,TA,NO,UNF,0,UNF,0,1626,1626,GASA,EX,Y,SBRKR,1634,0,0,1634,0,0,2,0,3,1,GD,7,TYP,1,GD,ATTCHD,2006.0,RFN,3,866,TA,TA,Y,0,44,0,0,0,0,,,,0,5,2007-01-01,WD,NORMAL,250000
470,60,RL,76.0,9291,PAVE,,IR1,LVL,ALLPUB,CORNER,GTL,SAWYERW,RRNE,NORM,1FAM,2STORY,6,5,1993-01-01,1993-01-01,GABLE,COMPSHG,HDBOARD,HDBOARD,BRKFACE,120.0,GD,TA,PCONC,GD,TA,NO,GLQ,426,UNF,0,406,832,GASA,EX,Y,SBRKR,832,878,0,1710,0,0,2,1,3,1,GD,7,TYP,0,,ATTCHD,1993.0,RFN,2,506,TA,TA,Y,144,70,0,0,0,0,,,,0,6,2008-01-01,WD,NORMAL,187000
471,120,RL,,6820,PAVE,,IR1,LVL,ALLPUB,CORNER,GTL,STONEBR,NORM,NORM,TWNHSE,1STORY,8,5,1985-01-01,1985-01-01,GABLE,COMPSHG,HDBOARD,HDBOARD,,0.0,GD,TA,PCONC,GD,TA,AV,GLQ,368,BLQ,1120,0,1488,GASA,TA,Y,SBRKR,1502,0,0,1502,1,0,1,1,1,1,GD,4,TYP,0,,ATTCHD,1985.0,RFN,2,528,TA,TA,Y,0,54,0,0,140,0,,,,0,6,2010-01-01,WD,NORMAL,212000
472,60,RL,92.0,11952,PAVE,,REG,LVL,ALLPUB,INSIDE,GTL,NWAMES,POSA,NORM,1FAM,2STORY,7,6,1977-01-01,1977-01-01,MANSARD,WDSHAKE,WDSHING,PLYWOOD,,0.0,TA,TA,CBLOCK,GD,TA,NO,UNF,0,UNF,0,808,808,GASA,TA,Y,SBRKR,1161,808,0,1969,0,0,2,1,3,1,TA,8,TYP,1,GD,ATTCHD,1977.0,RFN,2,534,TA,TA,Y,0,0,0,0,276,0,,,,0,11,2007-01-01,WD,NORMAL,190000
473,180,RM,35.0,3675,PAVE,,REG,LVL,ALLPUB,INSIDE,GTL,EDWARDS,NORM,NORM,TWNHSE,SLVL,6,5,2005-01-01,2005-01-01,GABLE,COMPSHG,VINYLSD,VINYLSD,BRKFACE,80.0,TA,TA,PCONC,GD,TA,GD,GLQ,459,UNF,0,88,547,GASA,EX,Y,SBRKR,1072,0,0,1072,1,0,1,0,2,1,TA,5,TYP,0,,BASMENT,2005.0,RFN,2,525,TA,TA,Y,0,28,0,0,0,0,,,,0,6,2008-01-01,WD,NORMAL,148000
474,20,RL,110.0,14977,PAVE,,IR1,LVL,ALLPUB,INSIDE,GTL,NRIDGHT,NORM,NORM,1FAM,1STORY,8,5,2006-01-01,2007-01-01,GABLE,COMPSHG,VINYLSD,VINYLSD,BRKFACE,304.0,GD,TA,PCONC,EX,TA,GD,GLQ,1350,UNF,0,626,1976,GASA,EX,Y,SBRKR,1976,0,0,1976,1,0,2,0,2,1,GD,7,TYP,1,EX,ATTCHD,2006.0,RFN,3,908,TA,TA,Y,250,63,0,0,0,0,,,,0,7,2007-01-01,NEW,PARTIAL,440000
475,120,RL,41.0,5330,PAVE,,REG,LVL,ALLPUB,INSIDE,GTL,STONEBR,NORM,NORM,TWNHSE,1STORY,8,5,2000-01-01,2000-01-01,GABLE,COMPSHG,CEMNTBD,CMENTBD,,0.0,GD,TA,PCONC,GD,TA,AV,GLQ,1196,UNF,0,298,1494,GASA,EX,Y,SBRKR,1652,0,0,1652,1,0,2,0,2,1,EX,6,TYP,0,,ATTCHD,2000.0,RFN,2,499,TA,TA,Y,96,48,0,0,0,0,,,,0,8,2007-01-01,WD,NORMAL,251000
476,20,RL,80.0,8480,PAVE,,REG,LVL,ALLPUB,CORNER,GTL,SAWYER,NORM,NORM,1FAM,1STORY,5,6,1963-01-01,1963-01-01,HIP,COMPSHG,HDBOARD,HDBOARD,,0.0,TA,TA,CBLOCK,TA,TA,NO,GLQ,630,UNF,0,340,970,GASA,TA,Y,SBRKR,970,0,0,970,1,0,1,0,2,1,TA,5,TYP,0,,DETCHD,1996.0,UNF,2,624,TA,TA,Y,0,24,0,0,192,0,,,,0,7,2007-01-01,WD,NORMAL,132500
477,20,RL,75.0,13125,PAVE,,REG,LVL,ALLPUB,INSIDE,MOD,COLLGCR,NORM,NORM,1FAM,1STORY,6,5,1997-01-01,1998-01-01,GABLE,COMPSHG,VINYLSD,VINYLSD,BRKFACE,215.0,TA,TA,PCONC,GD,TA,GD,GLQ,994,UNF,0,484,1478,GASA,EX,Y,SBRKR,1493,0,0,1493,1,0,2,0,3,1,GD,7,TYP,1,TA,ATTCHD,1997.0,FIN,2,508,TA,TA,Y,140,39,0,0,0,0,,,,0,4,2008-01-01,WD,NORMAL,208900
478,60,RL,105.0,13693,PAVE,,REG,LVL,ALLPUB,INSIDE,GTL,NRIDGHT,NORM,NORM,1FAM,2STORY,9,5,2006-01-01,2006-01-01,HIP,COMPSHG,VINYLSD,VINYLSD,BRKFACE,772.0,EX,TA,PCONC,GD,TA,AV,UNF,0,UNF,0,2153,2153,GASA,EX,Y,SBRKR,2069,574,0,2643,0,0,2,1,3,1,EX,9,TYP,1,GD,BUILTIN,2006.0,FIN,3,694,TA,TA,Y,414,84,0,0,0,0,,,,0,3,2007-01-01,WD,NORMAL,380000
479,20,RL,79.0,10637,PAVE,,REG,LVL,ALLPUB,INSIDE,GTL,COLLGCR,NORM,NORM,1FAM,1STORY,8,5,2007-01-01,2008-01-01,HIP,COMPSHG,VINYLSD,VINYLSD,STONE,336.0,GD,TA,PCONC,EX,TA,GD,GLQ,1288,UNF,0,417,1705,GASA,EX,Y,SBRKR,1718,0,0,1718,1,0,2,0,3,1,GD,7,TYP,1,GD,ATTCHD,2007.0,RFN,3,826,TA,TA,Y,208,44,0,0,0,0,,,,0,9,2009-01-01,WD,NORMAL,297000
480,30,RM,50.0,5925,PAVE,,REG,BNK,ALLPUB,INSIDE,GTL,OLDTOWN,NORM,NORM,1FAM,1STORY,4,7,1937-01-01,2000-01-01,HIP,COMPSHG,STUCCO,STUCCO,BRKCMN,435.0,TA,TA,BRKTIL,FA,TA,NO,REC,168,UNF,0,739,907,GASA,TA,Y,SBRKR,1131,0,0,1131,0,0,1,0,2,1,TA,7,TYP,0,,DETCHD,1995.0,UNF,2,672,TA,TA,Y,0,72,0,0,0,0,,MNPRV,,0,3,2007-01-01,WD,ALLOCA,89471
481,20,RL,98.0,16033,PAVE,,IR1,LVL,ALLPUB,FR2,GTL,NRIDGHT,NORM,NORM,1FAM,1STORY,9,5,2004-01-01,2005-01-01,HIP,COMPSHG,VINYLSD,VINYLSD,BRKFACE,378.0,GD,TA,PCONC,EX,TA,GD,GLQ,1261,UNF,0,572,1833,GASA,EX,Y,SBRKR,1850,0,0,1850,1,0,2,0,3,1,GD,8,TYP,1,GD,ATTCHD,2004.0,FIN,3,772,TA,TA,Y,519,112,0,0,0,0,,,,0,3,2006-01-01,WD,NORMAL,326000
482,20,RL,72.0,11846,PAVE,,IR1,HLS,ALLPUB,INSIDE,GTL,NRIDGHT,NORM,NORM,1FAM,1STORY,9,5,2003-01-01,2004-01-01,HIP,COMPSHG,VINYLSD,VINYLSD,BRKFACE,562.0,GD,TA,PCONC,EX,TA,GD,GLQ,1567,UNF,0,225,1792,GASA,EX,Y,SBRKR,1792,0,0,1792,1,0,2,0,2,1,EX,6,TYP,1,GD,ATTCHD,2003.0,FIN,3,874,TA,TA,Y,206,49,0,0,0,0,,,,0,8,2006-01-01,WD,NORMAL,374000
483,70,RM,50.0,2500,PAVE,PAVE,REG,LVL,ALLPUB,CORNER,GTL,OLDTOWN,NORM,NORM,1FAM,2STORY,7,8,1915-01-01,2005-01-01,GABLE,COMPSHG,STUCCO,STUCCO,,0.0,GD,TA,PCONC,TA,TA,NO,ALQ,299,UNF,0,611,910,GASA,EX,Y,SBRKR,916,910,0,1826,1,0,1,1,4,1,EX,7,MIN2,1,GD,ATTCHD,1915.0,UNF,1,164,FA,FA,Y,0,0,0,0,0,0,,,,0,6,2009-01-01,WD,NORMAL,155000
484,120,RM,32.0,4500,PAVE,,REG,LVL,ALLPUB,FR2,GTL,MITCHEL,NORM,NORM,TWNHS,1STORY,6,5,1998-01-01,1998-01-01,HIP,COMPSHG,VINYLSD,VINYLSD,BRKFACE,116.0,TA,TA,PCONC,EX,TA,NO,GLQ,897,UNF,0,319,1216,GASA,EX,Y,SBRKR,1216,0,0,1216,1,0,2,0,2,1,TA,5,TYP,0,,ATTCHD,1998.0,UNF,2,402,TA,TA,Y,0,125,0,0,0,0,,,,0,5,2006-01-01,WD,NORMAL,164000
485,20,RL,,7758,PAVE,,IR1,LVL,ALLPUB,CORNER,GTL,SAWYER,NORM,NORM,1FAM,1STORY,5,7,1962-01-01,2001-01-01,GABLE,COMPSHG,HDBOARD,PLYWOOD,,0.0,TA,GD,CBLOCK,TA,TA,NO,ALQ,588,UNF,0,411,999,GASA,GD,Y,SBRKR,999,0,0,999,1,0,1,0,3,1,GD,6,TYP,0,,DETCHD,1963.0,UNF,1,264,TA,TA,Y,0,132,0,0,0,0,,,,0,3,2007-01-01,WD,NORMAL,132500
486,20,RL,80.0,9600,PAVE,,REG,LVL,ALLPUB,INSIDE,GTL,NAMES,NORM,NORM,1FAM,1STORY,5,7,1950-01-01,2007-01-01,GABLE,COMPSHG,METALSD,METALSD,,0.0,GD,TA,CBLOCK,TA,TA,NO,ALQ,607,UNF,0,506,1113,GASA,GD,Y,SBRKR,1113,0,0,1113,0,0,1,0,3,1,GD,5,TYP,1,GD,ATTCHD,1950.0,UNF,1,264,TA,TA,Y,0,80,120,0,0,0,,,,0,7,2009-01-01,WD,NORMAL,147000
487,20,RL,79.0,10289,PAVE,,REG,LVL,ALLPUB,INSIDE,GTL,NAMES,NORM,NORM,1FAM,1STORY,5,7,1965-01-01,1965-01-01,HIP,COMPSHG,METALSD,METALSD,BRKFACE,168.0,TA,TA,CBLOCK,TA,TA,NO,ALQ,836,UNF,0,237,1073,GASA,TA,Y,SBRKR,1073,0,0,1073,1,0,1,1,3,1,TA,6,TYP,0,,ATTCHD,1965.0,RFN,2,515,TA,TA,Y,0,0,0,0,0,0,,,,0,6,2007-01-01,WD,NORMAL,156000
488,20,RL,70.0,12243,PAVE,,IR1,LVL,ALLPUB,INSIDE,GTL,NWAMES,NORM,NORM,1FAM,1STORY,5,6,1971-01-01,1971-01-01,GABLE,COMPSHG,PLYWOOD,PLYWOOD,,0.0,TA,TA,CBLOCK,GD,TA,AV,ALQ,998,UNF,0,486,1484,GASA,GD,Y,SBRKR,1484,0,0,1484,0,0,2,0,3,1,TA,7,TYP,1,TA,ATTCHD,1971.0,UNF,2,487,TA,TA,Y,224,0,0,0,180,0,,,,0,2,2007-01-01,WD,NORMAL,175000
489,190,RL,60.0,10800,PAVE,,REG,LVL,ALLPUB,CORNER,GTL,OLDTOWN,NORM,NORM,2FMCON,1.5FIN,5,4,1900-01-01,1970-01-01,GABLE,COMPSHG,WD SDNG,WD SDNG,,0.0,TA,FA,CBLOCK,TA,FA,NO,BLQ,664,UNF,0,290,954,GASA,TA,N,FUSEA,1766,648,0,2414,0,0,2,0,3,2,TA,10,MOD,1,GD,ATTCHD,1970.0,UNF,2,520,TA,FA,N,142,0,0,0,0,0,,,,0,5,2006-01-01,CONLD,NORMAL,160000
490,180,RM,21.0,1526,PAVE,,REG,LVL,ALLPUB,INSIDE,GTL,MEADOWV,NORM,NORM,TWNHS,SFOYER,4,8,1970-01-01,2002-01-01,GABLE,COMPSHG,CEMNTBD,CMENTBD,,0.0,TA,GD,CBLOCK,GD,TA,AV,GLQ,515,UNF,0,115,630,GASA,TA,Y,SBRKR,630,0,0,630,1,0,1,0,1,1,GD,3,TYP,0,,ATTCHD,1970.0,UNF,1,286,TA,TA,Y,0,0,0,0,0,0,,,,0,5,2009-01-01,WD,NORMAL,86000
491,160,RM,,2665,PAVE,,REG,LVL,ALLPUB,INSIDE,GTL,MEADOWV,NORM,NORM,TWNHSE,2STORY,5,6,1976-01-01,1976-01-01,GABLE,COMPSHG,CEMNTBD,CMENTBD,,0.0,TA,TA,PCONC,GD,TA,MN,UNF,0,UNF,0,264,264,GASA,TA,Y,SBRKR,616,688,0,1304,0,0,1,1,3,1,TA,4,TYP,1,GD,BUILTIN,1976.0,FIN,1,336,TA,TA,Y,141,24,0,0,0,0,,,,0,6,2008-01-01,WD,NORMAL,115000
492,50,RL,79.0,9490,PAVE,,REG,LVL,ALLPUB,INSIDE,GTL,NAMES,ARTERY,NORM,1FAM,1.5FIN,6,7,1941-01-01,1950-01-01,GABLE,COMPSHG,WD SDNG,WD SDNG,,0.0,TA,TA,CBLOCK,TA,TA,NO,BLQ,403,REC,165,238,806,GASA,TA,Y,FUSEA,958,620,0,1578,1,0,1,0,3,1,FA,5,TYP,2,TA,ATTCHD,1941.0,UNF,1,240,TA,TA,Y,0,0,32,0,0,0,,MNPRV,,0,8,2006-01-01,WD,NORMAL,133000
493,60,RL,105.0,15578,PAVE,,IR1,LVL,ALLPUB,CORNER,GTL,GILBERT,NORM,NORM,1FAM,2STORY,6,5,2006-01-01,2006-01-01,GABLE,COMPSHG,VINYLSD,VINYLSD,,0.0,GD,TA,PCONC,GD,TA,NO,UNF,0,UNF,0,728,728,GASA,GD,Y,SBRKR,728,728,0,1456,0,0,2,1,3,1,TA,8,TYP,0,,ATTCHD,2006.0,RFN,2,429,TA,TA,Y,0,0,0,0,0,0,,,,0,5,2006-01-01,NEW,PARTIAL,172785
494,20,RL,70.0,7931,PAVE,,REG,LVL,ALLPUB,INSIDE,GTL,NAMES,NORM,NORM,1FAM,1STORY,5,6,1960-01-01,1960-01-01,GABLE,COMPSHG,BRKFACE,WD SDNG,,0.0,TA,TA,CBLOCK,TA,TA,NO,BLQ,374,LWQ,532,363,1269,GASA,TA,Y,FUSEA,1269,0,0,1269,0,0,1,1,3,1,TA,6,TYP,1,FA,DETCHD,1964.0,UNF,1,308,TA,TA,Y,0,0,0,0,0,0,,,,0,6,2008-01-01,WD,NORMAL,155000
495,30,RM,50.0,5784,PAVE,,REG,LVL,ALLPUB,INSIDE,GTL,OLDTOWN,ARTERY,NORM,1FAM,1STORY,5,8,1938-01-01,1996-01-01,GABLE,COMPSHG,METALSD,METALSD,,0.0,TA,TA,BRKTIL,FA,TA,NO,UNF,0,UNF,0,190,190,GASA,GD,Y,FUSEA,886,0,0,886,0,0,1,0,2,1,TA,4,TYP,0,,ATTCHD,1938.0,UNF,1,273,TA,TA,Y,144,20,80,0,0,0,,,,0,12,2009-01-01,WD,NORMAL,91300
496,30,C (ALL),60.0,7879,PAVE,,REG,LVL,ALLPUB,INSIDE,GTL,IDOTRR,NORM,NORM,1FAM,1STORY,4,5,1920-01-01,1950-01-01,GABLE,COMPSHG,WD SDNG,WD SDNG,,0.0,TA,TA,CBLOCK,TA,TA,NO,REC,495,UNF,0,225,720,GASA,TA,N,FUSEA,720,0,0,720,0,0,1,0,2,1,TA,4,TYP,0,,,,,0,0,,,N,0,523,115,0,0,0,,GDWO,,0,11,2009-01-01,WD,ABNORML,34900
497,20,RL,,12692,PAVE,,IR1,LVL,ALLPUB,INSIDE,GTL,NORIDGE,NORM,NORM,1FAM,1STORY,8,5,1992-01-01,1993-01-01,HIP,COMPSHG,BRKFACE,BRKFACE,,0.0,GD,TA,PCONC,GD,TA,NO,GLQ,1231,UNF,0,1969,3200,GASA,EX,Y,SBRKR,3228,0,0,3228,1,0,3,0,4,1,GD,10,TYP,1,GD,ATTCHD,1992.0,RFN,2,546,TA,TA,Y,264,75,291,0,0,0,,,,0,5,2007-01-01,WD,NORMAL,430000
498,50,RL,60.0,9120,PAVE,PAVE,REG,LVL,ALLPUB,INSIDE,GTL,BRKSIDE,NORM,NORM,1FAM,1.5FIN,7,6,1925-01-01,1950-01-01,GABLE,COMPSHG,WD SDNG,WD SDNG,,0.0,TA,GD,PCONC,TA,TA,NO,REC,329,UNF,0,697,1026,GASA,EX,Y,SBRKR,1133,687,0,1820,1,0,2,0,4,1,TA,8,TYP,0,,DETCHD,1925.0,UNF,1,240,TA,TA,N,0,100,0,0,0,0,,GDPRV,,0,6,2008-01-01,WD,NORMAL,184000
499,20,RL,65.0,7800,PAVE,,REG,LVL,ALLPUB,INSIDE,GTL,SAWYER,NORM,NORM,1FAM,1STORY,5,7,1967-01-01,2004-01-01,HIP,COMPSHG,HDBOARD,HDBOARD,BRKFACE,89.0,TA,TA,PCONC,TA,TA,NO,ALQ,450,UNF,0,414,864,GASA,EX,Y,SBRKR,899,0,0,899,0,0,1,0,3,1,GD,5,TYP,0,,ATTCHD,1967.0,FIN,1,288,TA,TA,Y,64,0,0,0,0,0,,MNPRV,,0,6,2009-01-01,WD,NORMAL,130000
500,20,RL,70.0,7535,PAVE,,IR1,LVL,ALLPUB,INSIDE,GTL,NAMES,NORM,NORM,1FAM,1STORY,5,7,1958-01-01,1985-01-01,GABLE,COMPSHG,METALSD,METALSD,,0.0,TA,TA,CBLOCK,TA,TA,NO,BLQ,111,LWQ,279,522,912,GASA,FA,Y,SBRKR,912,0,0,912,0,1,1,0,2,1,TA,5,TYP,0,,ATTCHD,1958.0,FIN,1,297,TA,TA,Y,12,285,0,0,0,0,,MNWW,SHED,480,6,2007-01-01,WD,NORMAL,120000
501,160,RM,21.0,1890,PAVE,,REG,LVL,ALLPUB,INSIDE,GTL,BRDALE,NORM,NORM,TWNHS,2STORY,6,5,1973-01-01,1973-01-01,GABLE,COMPSHG,HDBOARD,HDBOARD,BRKFACE,285.0,TA,TA,CBLOCK,TA,TA,NO,BLQ,356,UNF,0,316,672,GASA,TA,Y,SBRKR,672,546,0,1218,0,0,1,1,3,1,TA,7,TYP,0,,DETCHD,1973.0,UNF,1,264,TA,TA,Y,144,28,0,0,0,0,,,,0,5,2007-01-01,WD,NORMAL,113000
502,60,FV,75.0,9803,PAVE,,REG,LVL,ALLPUB,INSIDE,GTL,SOMERST,NORM,NORM,1FAM,2STORY,7,5,2005-01-01,2005-01-01,GABLE,COMPSHG,VINYLSD,VINYLSD,,0.0,GD,TA,PCONC,GD,TA,NO,GLQ,400,UNF,0,466,866,GASA,GD,Y,SBRKR,866,902,0,1768,0,0,2,1,3,1,GD,7,TYP,0,,ATTCHD,2005.0,RFN,2,603,TA,TA,Y,0,108,0,0,0,0,,,,0,2,2008-01-01,WD,NORMAL,226700
503,20,RL,70.0,9170,PAVE,,REG,LVL,ALLPUB,CORNER,GTL,EDWARDS,FEEDR,NORM,1FAM,1STORY,5,7,1965-01-01,1965-01-01,HIP,COMPSHG,METALSD,METALSD,,0.0,TA,TA,CBLOCK,TA,TA,NO,ALQ,698,GLQ,96,420,1214,GASA,EX,Y,SBRKR,1214,0,0,1214,1,0,1,0,2,1,TA,6,TYP,0,,DETCHD,1965.0,UNF,2,461,FA,FA,Y,0,0,184,0,0,0,,GDPRV,SHED,400,4,2007-01-01,WD,NORMAL,140000
504,20,RL,100.0,15602,PAVE,,IR1,LVL,ALLPUB,INSIDE,GTL,CRAWFOR,NORM,NORM,1FAM,1STORY,7,8,1959-01-01,1997-01-01,GABLE,COMPSHG,BRKFACE,WD SDNG,,0.0,TA,TA,CBLOCK,TA,TA,NO,ALQ,1247,UNF,0,254,1501,GASA,TA,Y,SBRKR,1801,0,0,1801,1,0,2,0,1,1,TA,6,TYP,2,TA,ATTCHD,1959.0,FIN,2,484,TA,TA,Y,0,54,0,0,161,0,,GDWO,,0,3,2010-01-01,WD,NORMAL,289000
505,160,RL,24.0,2308,PAVE,,REG,LVL,ALLPUB,INSIDE,GTL,NPKVILL,NORM,NORM,TWNHSE,2STORY,6,5,1974-01-01,1974-01-01,GABLE,COMPSHG,PLYWOOD,BRK CMN,,0.0,TA,TA,CBLOCK,TA,TA,NO,ALQ,257,REC,495,103,855,GASA,TA,Y,SBRKR,855,467,0,1322,0,1,2,1,3,1,TA,6,TYP,1,FA,ATTCHD,1974.0,UNF,2,440,TA,TA,Y,260,0,0,0,0,0,,,,0,6,2009-01-01,WD,NORMAL,147000
506,90,RM,60.0,7596,PAVE,GRVL,REG,LVL,ALLPUB,INSIDE,GTL,OLDTOWN,ARTERY,NORM,DUPLEX,2STORY,5,5,1952-01-01,1952-01-01,HIP,COMPSHG,WD SDNG,WD SDNG,BRKFACE,360.0,TA,TA,CBLOCK,TA,TA,NO,UNF,0,UNF,0,960,960,GASA,GD,Y,SBRKR,960,1000,0,1960,0,0,2,0,4,2,TA,10,TYP,0,,DETCHD,1952.0,UNF,2,400,TA,TA,N,0,0,0,0,0,0,,,,0,7,2009-01-01,COD,NORMAL,124500
507,60,RL,80.0,9554,PAVE,,IR1,LVL,ALLPUB,INSIDE,GTL,SAWYERW,NORM,NORM,1FAM,2STORY,8,5,1993-01-01,1994-01-01,GABLE,COMPSHG,VINYLSD,VINYLSD,BRKFACE,125.0,GD,TA,PCONC,GD,TA,NO,GLQ,380,UNF,0,397,777,GASA,EX,Y,SBRKR,1065,846,0,1911,0,0,2,1,3,1,GD,8,TYP,1,TA,ATTCHD,1993.0,RFN,2,471,TA,TA,Y,182,81,0,0,0,0,,,,0,9,2006-01-01,WD,NORMAL,215000
508,20,FV,75.0,7862,PAVE,,IR1,LVL,ALLPUB,INSIDE,GTL,SOMERST,NORM,NORM,1FAM,1STORY,6,5,2009-01-01,2009-01-01,GABLE,COMPSHG,VINYLSD,VINYLSD,,0.0,GD,TA,PCONC,GD,TA,NO,GLQ,27,UNF,0,1191,1218,GASA,EX,Y,SBRKR,1218,0,0,1218,0,0,2,0,2,1,GD,4,TYP,0,,ATTCHD,2009.0,FIN,2,676,TA,TA,Y,0,102,0,0,0,0,,,,0,9,2009-01-01,NEW,PARTIAL,208300
509,70,RM,60.0,9600,PAVE,,REG,LVL,ALLPUB,INSIDE,GTL,OLDTOWN,NORM,NORM,1FAM,2STORY,7,9,1928-01-01,2005-01-01,GAMBREL,COMPSHG,METALSD,METALSD,,0.0,TA,EX,BRKTIL,TA,TA,NO,REC,141,UNF,0,548,689,GASA,EX,Y,SBRKR,689,689,0,1378,0,0,2,0,3,1,GD,7,TYP,1,GD,DETCHD,1928.0,UNF,2,360,TA,TA,N,0,0,116,0,0,0,,,,0,10,2008-01-01,WD,NORMAL,161000
510,20,RL,80.0,9600,PAVE,,REG,LVL,ALLPUB,CORNER,GTL,NAMES,NORM,NORM,1FAM,1STORY,5,6,1959-01-01,1959-01-01,GABLE,COMPSHG,METALSD,METALSD,BRKFACE,132.0,TA,TA,CBLOCK,TA,TA,NO,ALQ,991,UNF,0,50,1041,GASA,EX,Y,SBRKR,1041,0,0,1041,1,0,1,0,3,1,TA,6,TYP,0,,ATTCHD,1959.0,RFN,1,270,TA,TA,Y,224,88,0,0,0,0,,MNPRV,,0,7,2009-01-01,WD,NORMAL,124500
511,20,RL,75.0,14559,PAVE,,REG,LVL,ALLPUB,INSIDE,GTL,NAMES,NORM,NORM,1FAM,1STORY,5,7,1951-01-01,2000-01-01,HIP,COMPSHG,WD SDNG,WD SDNG,BRKCMN,70.0,GD,TA,CBLOCK,TA,TA,NO,BLQ,650,REC,180,178,1008,GASA,EX,Y,SBRKR,1363,0,0,1363,1,0,1,0,2,1,TA,6,MIN1,2,TA,CARPORT,1951.0,UNF,1,288,TA,TA,Y,324,42,0,0,168,0,,,SHED,2000,6,2009-01-01,WD,NORMAL,164900
512,120,RL,40.0,6792,PAVE,,IR1,LVL,ALLPUB,INSIDE,GTL,NRIDGHT,NORM,NORM,TWNHSE,1STORY,7,5,2005-01-01,2006-01-01,GABLE,COMPSHG,VINYLSD,VINYLSD,STONE,94.0,GD,TA,PCONC,GD,TA,NO,UNF,0,UNF,0,1368,1368,GASA,EX,Y,SBRKR,1368,0,0,1368,0,0,2,0,2,1,GD,6,TYP,1,GD,ATTCHD,2005.0,RFN,2,474,TA,TA,Y,132,35,0,0,0,0,,,,0,3,2006-01-01,NEW,PARTIAL,202665
513,20,RL,70.0,9100,PAVE,,REG,LVL,ALLPUB,CORNER,GTL,NAMES,FEEDR,NORM,1FAM,1STORY,5,5,1958-01-01,1958-01-01,GABLE,COMPSHG,VINYLSD,VINYLSD,,0.0,TA,TA,CBLOCK,TA,TA,NO,BLQ,521,LWQ,174,169,864,GASA,TA,Y,SBRKR,864,0,0,864,1,0,1,0,3,1,TA,5,TYP,0,,DETCHD,1964.0,UNF,2,624,TA,TA,Y,0,0,0,0,0,0,,,,0,7,2006-01-01,WD,NORMAL,129900
514,20,RL,71.0,9187,PAVE,,REG,BNK,ALLPUB,CORNER,GTL,MITCHEL,NORM,NORM,1FAM,1STORY,6,5,1983-01-01,1983-01-01,GABLE,COMPSHG,VINYLSD,VINYLSD,,0.0,TA,GD,PCONC,TA,TA,NO,ALQ,336,UNF,0,748,1084,GASA,TA,Y,SBRKR,1080,0,0,1080,0,0,1,1,3,1,TA,5,TYP,0,,ATTCHD,1983.0,UNF,2,484,TA,TA,Y,120,0,158,0,0,0,,,,0,6,2007-01-01,WD,NORMAL,134000
515,45,RL,55.0,10594,PAVE,,REG,LVL,ALLPUB,INSIDE,GTL,CRAWFOR,NORM,NORM,1FAM,1.5UNF,5,5,1926-01-01,1950-01-01,GABLE,COMPSHG,WD SDNG,WD SDNG,,0.0,TA,TA,BRKTIL,TA,TA,NO,UNF,0,UNF,0,768,768,GRAV,FA,N,SBRKR,789,0,0,789,0,0,1,0,2,1,TA,5,TYP,0,,DETCHD,1926.0,UNF,1,200,PO,PO,Y,0,0,112,0,0,0,,MNPRV,,0,6,2007-01-01,WD,NORMAL,96500
516,20,RL,94.0,12220,PAVE,,REG,LVL,ALLPUB,INSIDE,GTL,NRIDGHT,NORM,NORM,1FAM,1STORY,10,5,2009-01-01,2009-01-01,HIP,COMPSHG,CEMNTBD,CMENTBD,BRKFACE,305.0,EX,TA,CBLOCK,EX,TA,NO,GLQ,1436,UNF,0,570,2006,GASA,EX,Y,SBRKR,2020,0,0,2020,1,0,2,1,3,1,EX,9,TYP,1,GD,ATTCHD,2009.0,FIN,3,900,TA,TA,Y,156,54,0,0,0,0,,,,0,9,2009-01-01,NEW,PARTIAL,402861
517,80,RL,,10448,PAVE,,IR1,LVL,ALLPUB,CORNER,GTL,NWAMES,NORM,NORM,1FAM,SLVL,6,6,1972-01-01,1972-01-01,GABLE,COMPSHG,HDBOARD,HDBOARD,BRKFACE,333.0,TA,TA,CBLOCK,TA,TA,NO,UNF,0,UNF,0,689,689,GASA,TA,Y,SBRKR,1378,741,0,2119,0,0,2,1,3,1,TA,7,TYP,1,TA,ATTCHD,1972.0,RFN,2,583,TA,TA,Y,0,104,0,0,0,0,,GDPRV,,0,8,2009-01-01,COD,ABNORML,158000
518,60,RL,79.0,10208,PAVE,,IR1,LVL,ALLPUB,INSIDE,GTL,NORIDGE,NORM,NORM,1FAM,2STORY,7,5,1996-01-01,1997-01-01,GABLE,COMPSHG,VINYLSD,VINYLSD,BRKFACE,921.0,GD,TA,PCONC,GD,TA,NO,UNF,0,UNF,0,1264,1264,GASA,EX,Y,SBRKR,1277,1067,0,2344,0,0,2,1,3,1,GD,7,TYP,1,TA,ATTCHD,1996.0,RFN,3,889,TA,TA,Y,220,0,0,0,0,0,,,,0,7,2009-01-01,WD,NORMAL,265000
519,60,RL,,9531,PAVE,,IR1,LVL,ALLPUB,CULDSAC,GTL,COLLGCR,NORM,NORM,1FAM,2STORY,6,5,1998-01-01,1998-01-01,GABLE,COMPSHG,VINYLSD,VINYLSD,,0.0,TA,TA,PCONC,GD,TA,MN,GLQ,706,UNF,0,88,794,GASA,EX,Y,SBRKR,882,914,0,1796,1,0,2,1,3,1,TA,7,TYP,0,,ATTCHD,1998.0,RFN,2,546,TA,TA,Y,0,36,0,0,0,0,,MNPRV,,0,5,2007-01-01,WD,NORMAL,211000
520,70,RL,53.0,10918,PAVE,,REG,LVL,ALLPUB,INSIDE,GTL,CRAWFOR,NORM,NORM,1FAM,2STORY,7,9,1926-01-01,2004-01-01,GAMBREL,COMPSHG,METALSD,METALSD,,0.0,GD,TA,BRKTIL,GD,TA,NO,UNF,0,UNF,0,1276,1276,GASA,EX,Y,SBRKR,1276,804,0,2080,0,0,1,1,3,1,GD,9,TYP,2,GD,DETCHD,1926.0,UNF,1,282,TA,TA,Y,0,0,0,0,145,0,,MNPRV,,0,6,2009-01-01,WD,NORMAL,234000
521,190,RL,60.0,10800,PAVE,GRVL,REG,LVL,ALLPUB,INSIDE,GTL,OLDTOWN,NORM,NORM,2FMCON,2STORY,4,7,1900-01-01,2000-01-01,GABLE,COMPSHG,METALSD,METALSD,,0.0,TA,TA,BRKTIL,,,,,0,,0,0,0,GASA,TA,N,FUSEA,694,600,0,1294,0,0,2,0,3,2,TA,7,TYP,0,,,,,0,0,,,N,220,114,210,0,0,0,,,,0,8,2008-01-01,WD,NORMAL,106250
522,20,RL,90.0,11988,PAVE,,IR1,LVL,ALLPUB,CORNER,GTL,NAMES,FEEDR,NORM,1FAM,1STORY,6,6,1957-01-01,1957-01-01,GABLE,COMPSHG,VINYLSD,VINYLSD,,0.0,TA,TA,CBLOCK,TA,TA,NO,REC,777,UNF,0,467,1244,GASA,EX,Y,FUSEA,1244,0,0,1244,0,0,1,1,3,1,TA,6,TYP,2,GD,ATTCHD,1957.0,UNF,1,336,TA,TA,Y,0,40,0,0,0,0,,,,0,5,2007-01-01,WD,NORMAL,150000
523,50,RM,50.0,5000,PAVE,,REG,LVL,ALLPUB,CORNER,GTL,BRKSIDE,FEEDR,NORM,1FAM,1.5FIN,6,7,1947-01-01,1950-01-01,GABLE,COMPSHG,CEMNTBD,CMENTBD,,0.0,TA,GD,CBLOCK,TA,TA,NO,ALQ,399,UNF,0,605,1004,GASA,EX,Y,SBRKR,1004,660,0,1664,0,0,2,0,3,1,TA,7,TYP,2,GD,DETCHD,1950.0,UNF,2,420,TA,TA,Y,0,24,36,0,0,0,,,,0,10,2006-01-01,WD,NORMAL,159000
524,60,RL,130.0,40094,PAVE,,IR1,BNK,ALLPUB,INSIDE,GTL,EDWARDS,POSN,POSN,1FAM,2STORY,10,5,2007-01-01,2008-01-01,HIP,COMPSHG,CEMNTBD,CMENTBD,STONE,762.0,EX,TA,PCONC,EX,TA,GD,GLQ,2260,UNF,0,878,3138,GASA,EX,Y,SBRKR,3138,1538,0,4676,1,0,3,1,3,1,EX,11,TYP,1,GD,BUILTIN,2007.0,FIN,3,884,TA,TA,Y,208,406,0,0,0,0,,,,0,10,2007-01-01,NEW,PARTIAL,184750
525,60,RL,95.0,11787,PAVE,,IR1,LVL,ALLPUB,INSIDE,GTL,NORIDGE,NORM,NORM,1FAM,2STORY,7,5,1996-01-01,1997-01-01,GABLE,COMPSHG,VINYLSD,VINYLSD,BRKFACE,594.0,GD,TA,PCONC,GD,TA,NO,GLQ,719,UNF,0,660,1379,GASA,EX,Y,SBRKR,1383,1015,0,2398,1,0,2,1,3,1,GD,8,TYP,1,TA,ATTCHD,1996.0,FIN,3,834,TA,TA,Y,239,60,0,0,0,0,,,,0,8,2007-01-01,WD,NORMAL,315750
526,20,FV,62.0,7500,PAVE,PAVE,REG,LVL,ALLPUB,INSIDE,GTL,SOMERST,NORM,NORM,1FAM,1STORY,7,5,2005-01-01,2005-01-01,GABLE,COMPSHG,VINYLSD,VINYLSD,,0.0,GD,TA,PCONC,GD,TA,NO,UNF,0,UNF,0,1257,1257,GASA,EX,Y,SBRKR,1266,0,0,1266,0,0,2,0,3,1,GD,6,TYP,1,TA,ATTCHD,2005.0,UNF,2,453,TA,TA,Y,38,144,0,0,0,0,,,,0,4,2006-01-01,WD,NORMAL,176000
527,20,RL,70.0,13300,PAVE,,REG,LVL,ALLPUB,INSIDE,GTL,NAMES,NORM,NORM,1FAM,1STORY,5,7,1956-01-01,2000-01-01,HIP,COMPSHG,WD SDNG,WD SDNG,,0.0,TA,TA,CBLOCK,GD,TA,NO,REC,377,UNF,0,551,928,GASA,TA,Y,SBRKR,928,0,0,928,0,0,1,0,2,1,TA,4,TYP,0,,ATTCHD,1956.0,UNF,1,252,TA,TA,Y,261,0,156,0,0,0,,,,0,6,2007-01-01,WD,NORMAL,132000
528,60,RL,67.0,14948,PAVE,,IR1,LVL,ALLPUB,INSIDE,GTL,NRIDGHT,NORM,NORM,1FAM,2STORY,9,5,2008-01-01,2008-01-01,HIP,COMPSHG,VINYLSD,VINYLSD,STONE,268.0,EX,TA,PCONC,EX,TA,AV,GLQ,1330,UNF,0,122,1452,GASA,EX,Y,SBRKR,1476,1237,0,2713,1,0,2,1,3,1,EX,11,TYP,1,GD,ATTCHD,2008.0,FIN,3,858,TA,TA,Y,126,66,0,0,0,0,,,,0,11,2008-01-01,NEW,PARTIAL,446261
529,30,RL,58.0,9098,PAVE,,IR1,LVL,ALLPUB,INSIDE,GTL,EDWARDS,NORM,NORM,1FAM,1STORY,4,7,1920-01-01,2002-01-01,GABLE,COMPSHG,WD SDNG,WD SDNG,,0.0,TA,TA,BRKTIL,TA,TA,MN,ALQ,348,UNF,0,180,528,GASA,EX,Y,SBRKR,605,0,0,605,1,0,1,0,2,1,TA,5,TYP,0,,,,,0,0,,,N,0,0,144,0,0,0,,,,0,7,2007-01-01,WD,NORMAL,86000
530,20,RL,,32668,PAVE,,IR1,LVL,ALLPUB,CULDSAC,GTL,CRAWFOR,NORM,NORM,1FAM,1STORY,6,3,1957-01-01,1975-01-01,HIP,COMPSHG,WD SDNG,STONE,,,GD,TA,PCONC,TA,TA,NO,REC,1219,UNF,0,816,2035,GASA,TA,Y,SBRKR,2515,0,0,2515,1,0,3,0,4,2,TA,9,MAJ1,2,TA,ATTCHD,1975.0,RFN,2,484,TA,TA,Y,0,0,200,0,0,0,,,,0,3,2007-01-01,WD,ALLOCA,200624
531,80,RL,85.0,10200,PAVE,,REG,LVL,ALLPUB,INSIDE,GTL,TIMBER,NORM,NORM,1FAM,SLVL,6,5,1988-01-01,1989-01-01,GABLE,COMPSHG,HDBOARD,HDBOARD,BRKFACE,219.0,GD,TA,CBLOCK,GD,TA,AV,GLQ,783,UNF,0,678,1461,GASA,EX,Y,SBRKR,1509,0,0,1509,1,0,2,0,3,1,GD,5,TYP,1,FA,ATTCHD,1988.0,RFN,2,600,TA,TA,Y,224,0,0,0,0,0,,,,0,8,2008-01-01,WD,ABNORML,175000
532,70,RM,60.0,6155,PAVE,,IR1,LVL,ALLPUB,FR3,GTL,BRKSIDE,RRNN,FEEDR,1FAM,2STORY,6,8,1920-01-01,1999-01-01,GABLE,COMPSHG,WD SDNG,WD SDNG,,0.0,TA,TA,BRKTIL,FA,FA,MN,UNF,0,UNF,0,611,611,GASA,EX,Y,SBRKR,751,611,0,1362,0,0,2,0,3,1,TA,6,TYP,0,,DETCHD,1920.0,FIN,2,502,TA,FA,Y,0,0,84,0,0,0,,,,0,6,2008-01-01,WD,NORMAL,128000
533,20,RL,60.0,7200,PAVE,,REG,LVL,ALLPUB,INSIDE,GTL,NAMES,NORM,NORM,1FAM,1STORY,5,7,1955-01-01,2007-01-01,GABLE,COMPSHG,VINYLSD,VINYLSD,,0.0,TA,TA,SLAB,,,,,0,,0,0,0,GASA,EX,Y,SBRKR,827,0,0,827,0,0,1,0,2,1,TA,5,MOD,1,PO,DETCHD,1967.0,UNF,1,392,TA,TA,Y,0,0,0,0,0,0,,,,0,4,2010-01-01,WD,NORMAL,107500
534,20,RL,50.0,5000,PAVE,,REG,LOW,ALLPUB,INSIDE,MOD,BRKSIDE,NORM,NORM,1FAM,1STORY,1,3,1946-01-01,1950-01-01,GABLE,COMPSHG,VINYLSD,VINYLSD,,0.0,FA,FA,SLAB,,,,,0,,0,0,0,GASA,FA,N,FUSEF,334,0,0,334,0,0,1,0,1,1,FA,2,TYP,0,,,,,0,0,,,N,0,0,0,0,0,0,,,,0,1,2007-01-01,WD,NORMAL,39300
535,60,RL,74.0,9056,PAVE,,IR1,LVL,ALLPUB,INSIDE,GTL,GILBERT,NORM,NORM,1FAM,2STORY,8,5,2004-01-01,2004-01-01,GABLE,COMPSHG,VINYLSD,VINYLSD,,0.0,GD,TA,PCONC,EX,GD,AV,UNF,0,UNF,0,707,707,GASA,EX,Y,SBRKR,707,707,0,1414,0,0,2,1,3,1,GD,6,TYP,1,GD,ATTCHD,2004.0,FIN,2,403,TA,TA,Y,100,35,0,0,0,0,,,,0,10,2006-01-01,WD,NORMAL,178000
536,190,RL,70.0,7000,PAVE,,REG,LVL,ALLPUB,INSIDE,GTL,EDWARDS,NORM,NORM,2FMCON,2STORY,5,7,1910-01-01,1991-01-01,GABLE,COMPSHG,METALSD,METALSD,,0.0,TA,TA,CBLOCK,GD,TA,GD,GLQ,969,UNF,0,148,1117,GASA,TA,Y,SBRKR,820,527,0,1347,1,0,1,0,3,1,TA,5,TYP,0,,,,,0,0,,,N,85,0,148,0,0,0,,,,0,1,2008-01-01,WD,NORMAL,107500
537,60,RL,57.0,8924,PAVE,,IR1,LVL,ALLPUB,CULDSAC,GTL,COLLGCR,NORM,NORM,1FAM,2STORY,7,5,1998-01-01,1999-01-01,GABLE,COMPSHG,VINYLSD,VINYLSD,,0.0,TA,TA,PCONC,GD,TA,AV,UNF,0,UNF,0,880,880,GASA,EX,Y,SBRKR,880,844,0,1724,0,0,2,1,3,1,GD,8,TYP,0,,ATTCHD,1998.0,FIN,2,527,TA,TA,Y,120,155,0,0,0,0,,,,0,7,2008-01-01,WD,NORMAL,188000
538,20,RL,,12735,PAVE,,IR1,LVL,ALLPUB,FR2,GTL,NAMES,NORM,NORM,1FAM,1STORY,4,5,1972-01-01,1972-01-01,HIP,COMPSHG,METALSD,METALSD,,0.0,TA,TA,CBLOCK,TA,TA,NO,BLQ,600,UNF,0,264,864,GASA,TA,Y,SBRKR,864,0,0,864,0,0,1,0,3,1,TA,5,TYP,0,,DETCHD,1980.0,UNF,2,576,TA,TA,Y,216,0,0,0,0,0,,MNWW,,0,4,2008-01-01,COD,NORMAL,111250
539,20,RL,,11553,PAVE,,IR1,LVL,ALLPUB,INSIDE,GTL,SAWYER,NORM,NORM,1FAM,1STORY,5,5,1968-01-01,1968-01-01,HIP,COMPSHG,PLYWOOD,PLYWOOD,BRKFACE,188.0,TA,TA,CBLOCK,TA,TA,NO,BLQ,673,UNF,0,378,1051,GASA,TA,Y,SBRKR,1159,0,0,1159,0,0,1,1,3,1,TA,7,TYP,1,FA,ATTCHD,1968.0,UNF,1,336,TA,TA,Y,466,0,0,0,0,0,,,,0,7,2006-01-01,WD,NORMAL,158000
540,20,RL,,11423,PAVE,,REG,LVL,ALLPUB,INSIDE,GTL,COLLGCR,NORM,NORM,1FAM,1STORY,8,5,2001-01-01,2002-01-01,GABLE,COMPSHG,VINYLSD,VINYLSD,BRKFACE,479.0,GD,TA,PCONC,GD,TA,AV,GLQ,1358,UNF,0,223,1581,GASA,EX,Y,SBRKR,1601,0,0,1601,1,0,2,0,3,1,GD,6,TYP,1,TA,ATTCHD,2001.0,RFN,2,670,TA,TA,Y,180,0,0,0,0,0,,MNPRV,SHED,2000,5,2010-01-01,WD,NORMAL,272000
541,20,RL,85.0,14601,PAVE,,REG,LVL,ALLPUB,INSIDE,GTL,TIMBER,NORM,NORM,1FAM,1STORY,9,5,2006-01-01,2006-01-01,HIP,COMPSHG,VINYLSD,VINYLSD,BRKFACE,584.0,EX,TA,PCONC,EX,TA,AV,GLQ,1260,UNF,0,578,1838,GASA,EX,Y,SBRKR,1838,0,0,1838,1,0,2,0,2,1,EX,8,TYP,1,GD,ATTCHD,2006.0,FIN,3,765,TA,TA,Y,270,68,0,0,0,0,,,,0,3,2009-01-01,WD,NORMAL,315000
542,60,RL,,11000,PAVE,,REG,LVL,ALLPUB,FR2,GTL,NORIDGE,NORM,NORM,1FAM,2STORY,8,5,2000-01-01,2000-01-01,GABLE,COMPSHG,VINYLSD,VINYLSD,BRKFACE,72.0,GD,TA,PCONC,GD,TA,NO,UNF,0,UNF,0,969,969,GASA,EX,Y,SBRKR,997,1288,0,2285,0,0,2,1,4,1,GD,8,TYP,1,TA,BUILTIN,2000.0,FIN,3,648,TA,TA,Y,0,56,0,0,0,0,,,,0,6,2007-01-01,WD,NORMAL,248000
543,20,RL,78.0,10140,PAVE,,REG,LVL,ALLPUB,INSIDE,GTL,NWAMES,RRAN,NORM,1FAM,1STORY,7,5,1998-01-01,1999-01-01,HIP,COMPSHG,VINYLSD,VINYLSD,,0.0,GD,TA,PCONC,EX,TA,NO,LWQ,144,GLQ,1127,379,1650,GASA,EX,Y,SBRKR,1680,0,0,1680,1,0,2,0,3,1,GD,7,MAJ1,1,TA,ATTCHD,1998.0,FIN,2,583,TA,TA,Y,78,73,0,0,0,0,,,,0,6,2009-01-01,WD,NORMAL,213250
544,120,RH,34.0,4058,PAVE,,REG,LVL,ALLPUB,INSIDE,GTL,NAMES,NORM,NORM,TWNHSE,SFOYER,7,5,1998-01-01,1998-01-01,GABLE,COMPSHG,METALSD,METALSD,BRKFACE,182.0,TA,TA,PCONC,GD,TA,AV,GLQ,584,LWQ,139,0,723,GASA,EX,Y,SBRKR,767,0,0,767,1,0,1,0,1,1,TA,4,TYP,0,,ATTCHD,1998.0,FIN,1,367,TA,TA,Y,120,40,0,0,0,0,,,,0,6,2007-01-01,WD,NORMAL,133000
545,60,RL,58.0,17104,PAVE,,IR1,LVL,ALLPUB,INSIDE,GTL,GILBERT,NORM,NORM,1FAM,2STORY,7,5,2006-01-01,2006-01-01,GABLE,COMPSHG,VINYLSD,VINYLSD,,0.0,GD,TA,PCONC,GD,GD,AV,GLQ,554,UNF,0,100,654,GASA,EX,Y,SBRKR,664,832,0,1496,1,0,2,1,3,1,GD,7,TYP,1,GD,ATTCHD,2006.0,RFN,2,426,TA,TA,Y,100,24,0,0,0,0,,,,0,9,2006-01-01,NEW,PARTIAL,179665
546,50,RL,,13837,PAVE,,IR1,LVL,ALLPUB,CORNER,GTL,NWAMES,NORM,NORM,1FAM,1.5FIN,7,5,1988-01-01,1988-01-01,GABLE,COMPSHG,HDBOARD,HDBOARD,BRKFACE,178.0,GD,GD,PCONC,GD,GD,NO,GLQ,1002,LWQ,202,0,1204,GASA,GD,Y,SBRKR,1377,806,0,2183,0,0,2,1,4,1,GD,9,TYP,0,,ATTCHD,1988.0,UNF,3,786,TA,TA,Y,0,0,0,0,0,0,,,,0,2,2006-01-01,WD,NORMAL,229000
547,50,RL,70.0,8737,PAVE,,IR1,BNK,ALLPUB,INSIDE,GTL,BRKSIDE,NORM,NORM,1FAM,1.5FIN,6,7,1923-01-01,1950-01-01,GABLE,COMPSHG,BRKFACE,WD SDNG,,0.0,TA,TA,BRKTIL,GD,TA,NO,REC,300,UNF,0,765,1065,GASA,EX,Y,FUSEA,915,720,0,1635,0,0,1,1,3,1,TA,6,TYP,1,GD,DETCHD,1950.0,UNF,2,440,TA,TA,Y,0,38,0,144,0,0,,,,0,5,2007-01-01,WD,NORMAL,210000
548,85,RL,54.0,7244,PAVE,,REG,LVL,ALLPUB,INSIDE,GTL,MITCHEL,NORM,NORM,1FAM,SFOYER,5,7,1970-01-01,1970-01-01,GABLE,COMPSHG,VINYLSD,VINYLSD,,0.0,TA,GD,CBLOCK,GD,TA,AV,ALQ,619,UNF,0,149,768,GASA,EX,Y,SBRKR,768,0,0,768,1,0,1,0,2,1,TA,5,TYP,0,,DETCHD,1987.0,UNF,2,624,TA,TA,Y,104,0,0,0,0,0,,,,0,4,2007-01-01,WD,NORMAL,129500
549,20,RM,49.0,8235,PAVE,,IR1,HLS,ALLPUB,INSIDE,GTL,OLDTOWN,FEEDR,RRNN,1FAM,1STORY,5,7,1955-01-01,1995-01-01,GABLE,COMPSHG,METALSD,METALSD,,0.0,TA,GD,CBLOCK,TA,TA,NO,LWQ,180,REC,645,0,825,GASA,TA,Y,SBRKR,825,0,0,825,1,0,1,0,2,1,TA,4,TYP,0,,DETCHD,1963.0,RFN,2,720,TA,TA,Y,140,50,0,0,0,0,,MNPRV,,0,6,2008-01-01,WD,NORMAL,125000
550,60,FV,75.0,9375,PAVE,,REG,LVL,ALLPUB,INSIDE,GTL,SOMERST,NORM,NORM,1FAM,2STORY,7,5,2003-01-01,2004-01-01,GABLE,COMPSHG,VINYLSD,VINYLSD,,0.0,GD,TA,PCONC,GD,TA,NO,UNF,0,UNF,0,912,912,GASA,EX,Y,SBRKR,912,1182,0,2094,0,0,2,1,4,1,GD,8,TYP,1,GD,BUILTIN,2003.0,FIN,2,615,TA,TA,Y,182,182,0,0,0,0,,,,0,11,2009-01-01,WD,NORMAL,263000
551,120,RL,53.0,4043,PAVE,,REG,LVL,ALLPUB,INSIDE,GTL,NPKVILL,NORM,NORM,TWNHSE,1STORY,6,6,1977-01-01,1977-01-01,GABLE,COMPSHG,PLYWOOD,PLYWOOD,,0.0,TA,TA,CBLOCK,GD,TA,NO,ALQ,559,UNF,0,510,1069,GASA,TA,Y,SBRKR,1069,0,0,1069,0,0,2,0,2,1,TA,4,TYP,0,,ATTCHD,1977.0,RFN,2,440,TA,TA,Y,0,55,0,0,200,0,,,,0,10,2008-01-01,COD,ABNORML,140000
552,20,RM,50.0,6000,PAVE,,REG,LVL,ALLPUB,INSIDE,GTL,OLDTOWN,NORM,NORM,1FAM,1STORY,5,6,1957-01-01,1957-01-01,HIP,COMPSHG,BRKFACE,BRKFACE,,0.0,TA,TA,CBLOCK,TA,TA,NO,REC,308,UNF,0,620,928,GASA,GD,Y,FUSEA,928,0,0,928,0,0,1,0,3,1,TA,5,TYP,0,,ATTCHD,1957.0,FIN,1,288,TA,TA,Y,0,0,0,0,0,0,,,,0,6,2008-01-01,WD,NORMAL,112500
553,20,RL,87.0,11146,PAVE,,IR1,LVL,ALLPUB,INSIDE,GTL,NRIDGHT,NORM,NORM,1FAM,1STORY,8,5,2006-01-01,2006-01-01,GABLE,COMPSHG,VINYLSD,VINYLSD,STONE,250.0,GD,TA,PCONC,EX,TA,AV,UNF,0,UNF,0,1709,1709,GASA,EX,Y,SBRKR,1717,0,0,1717,0,0,2,0,3,1,GD,7,TYP,1,GD,ATTCHD,2006.0,RFN,3,908,TA,TA,Y,169,39,0,0,0,0,,,,0,7,2009-01-01,WD,NORMAL,255500
554,20,RL,67.0,8777,PAVE,,REG,LVL,ALLPUB,INSIDE,GTL,EDWARDS,FEEDR,NORM,1FAM,1STORY,4,5,1949-01-01,2003-01-01,GABLE,COMPSHG,VINYLSD,VINYLSD,,0.0,TA,TA,CBLOCK,,,,,0,,0,0,0,GASA,EX,Y,SBRKR,1126,0,0,1126,0,0,2,0,2,1,GD,5,TYP,0,,DETCHD,2002.0,FIN,2,520,TA,TA,N,0,96,0,0,0,0,,MNPRV,,0,5,2009-01-01,WD,NORMAL,108000
555,60,RL,85.0,10625,PAVE,,REG,LVL,ALLPUB,INSIDE,GTL,NRIDGHT,NORM,NORM,1FAM,2STORY,7,5,2003-01-01,2004-01-01,GABLE,COMPSHG,VINYLSD,VINYLSD,BRKFACE,292.0,GD,TA,PCONC,GD,TA,NO,GLQ,866,UNF,0,132,998,GASA,EX,Y,SBRKR,1006,1040,0,2046,1,0,2,1,3,1,GD,8,TYP,1,GD,BUILTIN,2003.0,RFN,3,871,TA,TA,Y,320,62,0,0,0,0,,,,0,8,2008-01-01,WD,NORMAL,284000
556,45,RM,58.0,6380,PAVE,,REG,LVL,ALLPUB,INSIDE,GTL,BRKSIDE,NORM,NORM,1FAM,1.5UNF,5,6,1922-01-01,1950-01-01,GABLE,COMPSHG,METALSD,METALSD,,0.0,TA,TA,BRKTIL,TA,FA,NO,UNF,0,UNF,0,993,993,GASA,TA,Y,FUSEA,1048,0,0,1048,0,0,1,0,2,1,TA,5,TYP,1,GD,DETCHD,1922.0,UNF,1,280,TA,TA,Y,0,0,116,0,0,0,,,,0,8,2006-01-01,WD,NORMAL,113000
557,20,RL,69.0,14850,PAVE,,IR1,LVL,ALLPUB,INSIDE,GTL,NAMES,NORM,NORM,1FAM,1STORY,5,5,1957-01-01,1957-01-01,GABLE,COMPSHG,WD SDNG,WD SDNG,,0.0,TA,TA,CBLOCK,TA,TA,NO,REC,895,UNF,0,197,1092,GASA,TA,Y,FUSEA,1092,0,0,1092,1,0,1,0,2,1,TA,6,TYP,1,TA,ATTCHD,1957.0,FIN,1,299,TA,TA,Y,268,0,0,0,122,0,,MNWW,,0,5,2006-01-01,WD,NORMAL,141000
558,50,C (ALL),60.0,11040,PAVE,,REG,LOW,ALLPUB,INSIDE,MOD,IDOTRR,NORM,NORM,1FAM,1.5FIN,4,6,1920-01-01,1950-01-01,GABLE,COMPSHG,METALSD,METALSD,,0.0,TA,TA,CBLOCK,TA,TA,NO,REC,637,UNF,0,0,637,GASA,GD,Y,SBRKR,897,439,0,1336,0,0,1,1,3,1,TA,7,TYP,0,,CARPORT,1994.0,UNF,1,570,TA,TA,Y,0,47,120,0,0,0,,,,0,9,2006-01-01,COD,NORMAL,108000
559,60,RL,57.0,21872,PAVE,,IR2,HLS,ALLPUB,FR2,GTL,GILBERT,NORM,NORM,1FAM,2STORY,7,5,1996-01-01,1997-01-01,GABLE,COMPSHG,HDBOARD,HDBOARD,,0.0,TA,TA,PCONC,GD,TA,GD,GLQ,604,UNF,0,125,729,GASA,EX,Y,SBRKR,729,717,0,1446,0,1,2,1,3,1,TA,6,TYP,1,TA,ATTCHD,1996.0,UNF,2,406,TA,TA,Y,264,22,0,0,0,0,,,,0,8,2008-01-01,WD,NORMAL,175000
560,120,RL,,3196,PAVE,,REG,LVL,ALLPUB,INSIDE,GTL,BLMNGTN,NORM,NORM,TWNHSE,1STORY,7,5,2003-01-01,2004-01-01,GABLE,COMPSHG,VINYLSD,VINYLSD,BRKFACE,18.0,GD,TA,PCONC,GD,TA,GD,UNF,0,UNF,0,1374,1374,GASA,EX,Y,SBRKR,1557,0,0,1557,0,0,2,0,2,1,GD,7,TYP,1,TA,ATTCHD,2003.0,FIN,2,420,TA,TA,Y,143,20,0,0,0,0,,,,0,10,2006-01-01,WD,NORMAL,234000
561,20,RL,,11341,PAVE,,IR1,LVL,ALLPUB,INSIDE,GTL,SAWYER,NORM,NORM,1FAM,1STORY,5,6,1957-01-01,1996-01-01,HIP,COMPSHG,WD SDNG,WD SDNG,BRKFACE,180.0,TA,TA,CBLOCK,GD,TA,NO,ALQ,1302,UNF,0,90,1392,GASA,TA,Y,SBRKR,1392,0,0,1392,1,0,1,1,3,1,TA,5,MOD,1,GD,DETCHD,1957.0,UNF,2,528,TA,TA,Y,0,0,0,0,95,0,,,,0,5,2010-01-01,WD,NORMAL,121500
562,20,RL,77.0,10010,PAVE,,REG,LVL,ALLPUB,INSIDE,MOD,MITCHEL,NORM,NORM,1FAM,1STORY,5,5,1974-01-01,1975-01-01,GABLE,COMPSHG,HDBOARD,HDBOARD,,0.0,TA,TA,CBLOCK,GD,TA,AV,ALQ,1071,LWQ,123,195,1389,GASA,GD,Y,SBRKR,1389,0,0,1389,1,0,1,0,2,1,TA,6,TYP,1,TA,ATTCHD,1975.0,RFN,2,418,TA,TA,Y,240,38,0,0,0,0,,,,0,4,2006-01-01,WD,NORMAL,170000
563,30,RL,63.0,13907,PAVE,,REG,LVL,ALLPUB,INSIDE,GTL,EDWARDS,NORM,NORM,1FAM,1STORY,5,6,1940-01-01,1969-01-01,GABLE,COMPSHG,WDSHING,WD SHNG,,0.0,TA,TA,CBLOCK,TA,TA,NO,BLQ,290,UNF,0,706,996,GASA,EX,Y,SBRKR,996,0,0,996,1,0,1,0,3,1,TA,6,TYP,1,GD,,,,0,0,,,Y,144,0,0,0,0,0,,,,0,7,2008-01-01,WD,NORMAL,108000
564,50,RL,66.0,21780,PAVE,,REG,LVL,ALLPUB,INSIDE,GTL,EDWARDS,NORM,NORM,1FAM,1.5FIN,6,7,1918-01-01,1950-01-01,GABLE,COMPSHG,WD SDNG,WD SDNG,,0.0,TA,TA,BRKTIL,GD,TA,MN,UNF,0,UNF,0,1163,1163,GASA,EX,Y,SBRKR,1163,511,0,1674,0,0,2,0,4,1,TA,8,TYP,1,GD,DETCHD,1955.0,FIN,2,396,TA,TA,N,72,36,0,0,144,0,,,,0,7,2008-01-01,WD,NORMAL,185000
565,60,RL,,13346,PAVE,,IR1,LVL,ALLPUB,CULDSAC,GTL,NORIDGE,NORM,NORM,1FAM,2STORY,7,5,1992-01-01,2000-01-01,GABLE,COMPSHG,HDBOARD,HDBOARD,,0.0,GD,TA,PCONC,GD,TA,NO,GLQ,728,UNF,0,367,1095,GASA,EX,Y,SBRKR,1166,1129,0,2295,1,0,2,1,4,1,GD,9,TYP,1,TA,ATTCHD,1992.0,RFN,2,590,TA,TA,Y,0,40,0,0,0,0,,,,0,7,2006-01-01,WD,NORMAL,268000
566,70,RL,66.0,6858,PAVE,,REG,BNK,ALLPUB,CORNER,GTL,SWISU,NORM,NORM,1FAM,2STORY,6,4,1915-01-01,1950-01-01,GABLE,COMPSHG,WD SDNG,WD SDNG,,0.0,TA,TA,PCONC,GD,TA,NO,UNF,0,UNF,0,806,806,GASA,TA,N,FUSEF,841,806,0,1647,1,0,1,1,4,1,FA,6,TYP,0,,DETCHD,1920.0,UNF,1,216,TA,TA,Y,0,66,136,0,0,0,,,,0,5,2010-01-01,WD,NORMAL,128000
567,60,RL,77.0,11198,PAVE,,IR1,LVL,ALLPUB,INSIDE,GTL,STONEBR,NORM,NORM,1FAM,2STORY,9,5,2005-01-01,2007-01-01,HIP,COMPSHG,VINYLSD,VINYLSD,BRKFACE,245.0,GD,TA,PCONC,GD,GD,NO,UNF,0,UNF,0,1122,1122,GASA,EX,Y,SBRKR,1134,1370,0,2504,0,0,2,1,4,1,EX,11,TYP,1,GD,BUILTIN,2005.0,FIN,3,656,TA,TA,Y,144,39,0,0,0,0,,,,0,6,2008-01-01,WD,NORMAL,325000
568,20,RL,70.0,10171,PAVE,,IR1,LVL,ALLPUB,INSIDE,GTL,NRIDGHT,NORM,NORM,1FAM,1STORY,7,5,2004-01-01,2004-01-01,GABLE,COMPSHG,VINYLSD,VINYLSD,BRKFACE,168.0,GD,TA,PCONC,GD,TA,NO,GLQ,2,UNF,0,1515,1517,GASA,EX,Y,SBRKR,1535,0,0,1535,0,0,2,0,3,1,GD,7,TYP,0,,ATTCHD,2004.0,RFN,2,532,TA,TA,Y,0,0,0,0,0,0,,,,0,3,2010-01-01,WD,NORMAL,214000
569,50,RL,79.0,12327,PAVE,,IR1,LOW,ALLPUB,INSIDE,MOD,SAWYERW,NORM,NORM,1FAM,1.5FIN,8,8,1983-01-01,2009-01-01,GABLE,COMPSHG,WD SDNG,WD SDNG,,0.0,GD,TA,CBLOCK,GD,TA,GD,GLQ,1441,UNF,0,55,1496,GASA,EX,Y,SBRKR,1496,636,0,2132,1,0,1,1,1,1,GD,5,MIN2,1,GD,BUILTIN,1983.0,FIN,2,612,GD,TA,Y,349,40,0,0,0,0,,,,0,9,2009-01-01,WD,NORMAL,316600
570,90,RL,,7032,PAVE,,IR1,LVL,ALLPUB,CORNER,GTL,NAMES,NORM,NORM,DUPLEX,SFOYER,5,5,1979-01-01,1979-01-01,GABLE,COMPSHG,METALSD,METALSD,,0.0,TA,TA,CBLOCK,GD,TA,GD,GLQ,943,UNF,0,0,943,GASA,TA,Y,SBRKR,943,0,0,943,1,0,1,0,2,1,TA,4,TYP,2,TA,DETCHD,1979.0,UNF,2,600,TA,TA,Y,42,0,0,0,0,0,,,,0,12,2006-01-01,WD,NORMAL,135960
571,90,RL,74.0,13101,PAVE,,IR1,LVL,ALLPUB,INSIDE,GTL,NAMES,NORM,NORM,DUPLEX,1STORY,5,5,1965-01-01,1965-01-01,GABLE,COMPSHG,HDBOARD,HDBOARD,BRKFACE,108.0,TA,TA,CBLOCK,TA,TA,NO,LWQ,231,UNF,0,1497,1728,GASA,TA,Y,SBRKR,1728,0,0,1728,0,0,2,0,6,2,TA,10,TYP,0,,DETCHD,1987.0,UNF,2,576,TA,TA,Y,0,0,0,0,0,0,,,,0,11,2008-01-01,WD,NORMAL,142600
572,20,RL,60.0,7332,PAVE,,REG,LVL,ALLPUB,INSIDE,GTL,NAMES,NORM,NORM,1FAM,1STORY,6,6,1959-01-01,1959-01-01,GABLE,COMPSHG,WDSHING,WD SHNG,BRKFACE,207.0,TA,TA,CBLOCK,TA,TA,NO,BLQ,414,UNF,0,450,864,GASA,EX,Y,SBRKR,864,0,0,864,1,0,1,0,2,1,GD,4,TYP,0,,ATTCHD,1959.0,UNF,1,288,TA,TA,Y,168,0,0,0,0,0,,,,0,10,2006-01-01,WD,ABNORML,120000
573,60,RL,83.0,13159,PAVE,,IR1,HLS,ALLPUB,CORNER,GTL,TIMBER,NORM,NORM,1FAM,2STORY,7,5,2009-01-01,2009-01-01,GABLE,COMPSHG,VINYLSD,VINYLSD,,0.0,TA,TA,PCONC,EX,TA,AV,UNF,0,UNF,0,846,846,GASA,GD,Y,SBRKR,846,846,0,1692,0,0,2,1,3,1,GD,6,TYP,0,,ATTCHD,2009.0,RFN,2,650,TA,TA,Y,208,114,0,0,0,0,,,,0,7,2009-01-01,NEW,PARTIAL,224500
574,80,RL,76.0,9967,PAVE,,IR1,LVL,ALLPUB,INSIDE,GTL,GILBERT,NORM,NORM,1FAM,SLVL,7,5,2000-01-01,2000-01-01,GABLE,COMPSHG,VINYLSD,VINYLSD,,0.0,TA,TA,PCONC,GD,TA,NO,UNF,0,UNF,0,384,384,GASA,EX,Y,SBRKR,774,656,0,1430,0,0,2,1,3,1,TA,8,TYP,1,TA,BUILTIN,2000.0,RFN,2,400,TA,TA,Y,100,0,0,0,0,0,,,,0,12,2007-01-01,WD,NORMAL,170000
575,80,RL,70.0,10500,PAVE,,REG,LVL,ALLPUB,FR2,GTL,NAMES,NORM,NORM,1FAM,SLVL,5,7,1971-01-01,2005-01-01,GAMBREL,COMPSHG,METALSD,ASPHSHN,BRKFACE,82.0,TA,TA,CBLOCK,TA,TA,AV,ALQ,349,UNF,0,23,372,GASA,TA,Y,SBRKR,576,533,0,1109,0,1,1,0,3,1,TA,5,TYP,0,,BUILTIN,1971.0,UNF,1,288,TA,TA,Y,35,0,0,0,0,0,,GDWO,,0,12,2007-01-01,WD,NORMAL,139000
576,50,RL,80.0,8480,PAVE,,REG,LVL,ALLPUB,INSIDE,GTL,NAMES,NORM,NORM,1FAM,1.5FIN,5,5,1947-01-01,1950-01-01,GABLE,COMPSHG,METALSD,METALSD,,0.0,TA,TA,CBLOCK,TA,TA,NO,REC,442,UNF,0,390,832,GASA,TA,Y,SBRKR,832,384,0,1216,0,0,1,0,2,1,TA,6,TYP,0,,DETCHD,1947.0,UNF,1,336,TA,TA,Y,158,0,102,0,0,0,,,,0,10,2008-01-01,COD,ABNORML,118500
577,50,RL,52.0,6292,PAVE,,REG,LVL,ALLPUB,INSIDE,GTL,SWISU,NORM,NORM,1FAM,1.5FIN,7,7,1928-01-01,1950-01-01,GABLE,COMPSHG,WD SDNG,WD SDNG,,0.0,TA,TA,BRKTIL,TA,TA,NO,UNF,0,UNF,0,861,861,GASA,GD,Y,SBRKR,877,600,0,1477,0,1,2,0,3,1,TA,6,TYP,1,GD,DETCHD,1928.0,UNF,1,216,TA,TA,Y,0,50,0,0,0,0,,,,0,8,2009-01-01,WD,NORMAL,145000
578,80,RL,96.0,11777,PAVE,,IR1,LVL,ALLPUB,INSIDE,GTL,SAWYER,NORM,NORM,1FAM,SLVL,5,6,1966-01-01,1966-01-01,GABLE,COMPSHG,VINYLSD,VINYLSD,BRKFACE,97.0,TA,TA,CBLOCK,TA,TA,AV,LWQ,328,ALQ,551,285,1164,GASA,EX,Y,SBRKR,1320,0,0,1320,1,0,1,0,3,1,TA,6,TYP,2,FA,ATTCHD,1966.0,RFN,2,564,TA,TA,Y,160,68,240,0,0,0,,,,0,5,2006-01-01,WD,ABNORML,164500
579,160,FV,34.0,3604,PAVE,PAVE,REG,LVL,ALLPUB,CORNER,GTL,SOMERST,NORM,NORM,TWNHSE,2STORY,7,5,2007-01-01,2007-01-01,GABLE,COMPSHG,VINYLSD,VINYLSD,,0.0,GD,TA,PCONC,GD,TA,NO,UNF,0,UNF,0,689,689,GASA,EX,Y,SBRKR,703,689,0,1392,0,0,2,0,2,1,GD,5,TYP,0,,DETCHD,2007.0,UNF,2,540,TA,TA,Y,0,102,0,0,0,0,,,,0,2,2008-01-01,WD,ABNORML,146000
580,50,RM,81.0,12150,PAVE,GRVL,REG,LVL,ALLPUB,INSIDE,GTL,OLDTOWN,NORM,NORM,1FAM,1.5FIN,5,5,1954-01-01,1954-01-01,GABLE,COMPSHG,METALSD,METALSD,BRKFACE,335.0,TA,TA,BRKTIL,TA,TA,NO,UNF,0,UNF,0,1050,1050,GASA,EX,N,FUSEF,1050,745,0,1795,0,0,2,0,4,1,TA,7,TYP,0,,ATTCHD,1954.0,UNF,1,352,FA,TA,Y,0,0,0,0,0,0,,,,0,11,2008-01-01,WD,NORMAL,131500
581,20,RL,,14585,PAVE,,IR1,LVL,ALLPUB,CULDSAC,GTL,NAMES,NORM,NORM,1FAM,1STORY,6,6,1960-01-01,1987-01-01,GABLE,COMPSHG,WD SDNG,WD SDNG,BRKFACE,85.0,TA,TA,CBLOCK,TA,TA,NO,BLQ,594,REC,219,331,1144,GASA,EX,Y,SBRKR,1429,0,0,1429,0,1,1,0,3,1,GD,7,TYP,2,GD,ATTCHD,1960.0,UNF,2,572,TA,TA,Y,216,110,0,0,0,0,,,,0,6,2007-01-01,WD,NORMAL,181900
582,20,RL,98.0,12704,PAVE,,REG,LVL,ALLPUB,INSIDE,GTL,NRIDGHT,NORM,NORM,1FAM,1STORY,8,5,2008-01-01,2009-01-01,HIP,COMPSHG,VINYLSD,VINYLSD,BRKFACE,306.0,EX,TA,PCONC,EX,TA,NO,UNF,0,UNF,0,2042,2042,GASA,EX,Y,SBRKR,2042,0,0,2042,0,0,2,1,3,1,EX,8,TYP,1,GD,ATTCHD,2009.0,RFN,3,1390,TA,TA,Y,0,90,0,0,0,0,,,,0,8,2009-01-01,NEW,PARTIAL,253293
583,90,RL,81.0,11841,GRVL,,REG,LVL,ALLPUB,INSIDE,GTL,EDWARDS,NORM,NORM,DUPLEX,SFOYER,6,5,1990-01-01,1990-01-01,GABLE,COMPSHG,HDBOARD,HDBOARD,BRKFACE,104.0,TA,GD,CBLOCK,GD,TA,AV,GLQ,816,UNF,0,0,816,GASA,TA,Y,SBRKR,816,0,0,816,1,0,1,0,3,1,TA,5,TYP,0,,,,,0,0,,,Y,0,32,0,0,0,0,,,,0,5,2007-01-01,WD,NORMAL,118500
584,75,RM,75.0,13500,PAVE,,REG,LVL,ALLPUB,INSIDE,GTL,OLDTOWN,ARTERY,POSA,1FAM,2.5UNF,10,9,1893-01-01,2000-01-01,GABLE,COMPSHG,WD SDNG,WD SDNG,,0.0,EX,EX,BRKTIL,TA,TA,NO,UNF,0,UNF,0,1237,1237,GASA,GD,Y,SBRKR,1521,1254,0,2775,0,0,3,1,3,1,GD,9,TYP,1,GD,DETCHD,1988.0,UNF,2,880,GD,TA,Y,105,502,0,0,0,0,,,,0,7,2008-01-01,WD,NORMAL,325000
585,50,RM,51.0,6120,PAVE,,REG,LVL,ALLPUB,INSIDE,GTL,BRKSIDE,NORM,NORM,1FAM,1.5FIN,4,7,1935-01-01,1995-01-01,GABLE,COMPSHG,ASBSHNG,ASBSHNG,,0.0,TA,TA,BRKTIL,TA,TA,NO,UNF,0,UNF,0,884,884,GASA,EX,Y,SBRKR,989,584,0,1573,0,0,1,0,3,1,GD,6,TYP,0,,DETCHD,1935.0,UNF,1,240,TA,TA,Y,0,0,54,0,120,0,,,,0,7,2009-01-01,WD,NORMAL,133000
586,20,RL,88.0,11443,PAVE,,REG,LVL,ALLPUB,INSIDE,GTL,TIMBER,NORM,NORM,1FAM,1STORY,8,5,2005-01-01,2006-01-01,HIP,COMPSHG,VINYLSD,VINYLSD,BRKFACE,208.0,GD,TA,PCONC,EX,TA,GD,GLQ,1460,UNF,0,408,1868,GASA,EX,Y,SBRKR,2028,0,0,2028,1,0,2,0,2,1,GD,7,TYP,2,GD,ATTCHD,2005.0,RFN,3,880,TA,TA,Y,326,66,0,0,0,0,,,,0,3,2006-01-01,NEW,PARTIAL,369900
587,30,RL,55.0,10267,PAVE,,REG,LVL,ALLPUB,INSIDE,GTL,BRKSIDE,RRAN,NORM,1FAM,1STORY,6,7,1918-01-01,2000-01-01,GABLE,COMPSHG,STUCCO,WD SHNG,,0.0,TA,GD,BRKTIL,TA,GD,MN,REC,210,ALQ,606,0,816,GASA,EX,Y,SBRKR,838,0,0,838,1,0,1,0,2,1,FA,5,TYP,0,,DETCHD,1961.0,FIN,1,275,TA,TA,N,0,0,112,0,0,0,,MNWW,,0,5,2008-01-01,WD,NORMAL,130000
588,85,RL,74.0,8740,PAVE,,IR1,LVL,ALLPUB,INSIDE,GTL,SAWYER,NORM,NORM,1FAM,SFOYER,5,6,1982-01-01,1982-01-01,HIP,COMPSHG,HDBOARD,HDBOARD,,0.0,TA,TA,CBLOCK,TA,TA,AV,ALQ,672,UNF,0,168,840,GASA,TA,Y,SBRKR,860,0,0,860,1,0,1,0,2,1,TA,4,TYP,0,,DETCHD,1996.0,UNF,2,528,TA,TA,Y,0,0,0,0,0,0,,,,0,7,2009-01-01,WD,NORMAL,137000
589,20,RL,65.0,25095,PAVE,,IR1,LOW,ALLPUB,INSIDE,SEV,CLEARCR,NORM,NORM,1FAM,1STORY,5,8,1968-01-01,2003-01-01,FLAT,TAR&GRV,WD SDNG,WD SDNG,,0.0,TA,TA,CBLOCK,TA,TA,GD,GLQ,1324,UNF,0,113,1437,GASA,EX,Y,SBRKR,1473,0,0,1473,2,0,1,0,1,1,EX,5,TYP,2,GD,ATTCHD,1968.0,UNF,1,452,TA,TA,Y,0,48,0,0,60,0,,,,0,6,2009-01-01,WD,PARTIAL,143000
590,40,RM,50.0,9100,PAVE,,REG,LVL,ALLPUB,INSIDE,GTL,BRKSIDE,RRAN,FEEDR,1FAM,1STORY,5,6,1930-01-01,1960-01-01,GABLE,COMPSHG,VINYLSD,VINYLSD,,0.0,TA,TA,BRKTIL,TA,TA,NO,UNF,0,UNF,0,742,742,GASA,TA,Y,FUSEA,779,0,156,935,0,0,1,0,2,1,TA,4,TYP,0,,DETCHD,1988.0,UNF,1,308,TA,TA,P,0,0,0,0,0,0,,,SHED,600,8,2008-01-01,WD,NORMAL,79500
591,60,RL,64.0,8320,PAVE,,REG,LVL,ALLPUB,INSIDE,GTL,COLLGCR,NORM,NORM,1FAM,2STORY,7,5,2004-01-01,2004-01-01,GABLE,COMPSHG,VINYLSD,VINYLSD,,0.0,GD,TA,PCONC,GD,TA,NO,GLQ,490,UNF,0,280,770,GASA,EX,Y,SBRKR,770,812,0,1582,0,0,2,1,3,1,GD,6,TYP,0,,ATTCHD,2004.0,RFN,2,520,TA,TA,Y,0,45,0,0,0,0,,,,0,9,2008-01-01,WD,NORMAL,185900
592,60,RL,97.0,13478,PAVE,,IR1,LVL,ALLPUB,CORNER,GTL,NRIDGHT,NORM,NORM,1FAM,2STORY,10,5,2008-01-01,2008-01-01,GABLE,COMPSHG,CEMNTBD,CMENTBD,STONE,420.0,EX,TA,PCONC,EX,TA,GD,GLQ,1338,UNF,0,384,1722,GASA,EX,Y,SBRKR,1728,568,0,2296,1,0,2,1,3,1,EX,10,TYP,1,GD,BUILTIN,2008.0,RFN,3,842,TA,TA,Y,382,274,0,0,0,0,,,,0,6,2009-01-01,CONLI,NORMAL,451950
593,20,RL,60.0,6600,PAVE,,REG,LVL,ALLPUB,INSIDE,GTL,MITCHEL,NORM,NORM,1FAM,1STORY,5,8,1982-01-01,2003-01-01,GABLE,COMPSHG,HDBOARD,HDBOARD,,0.0,TA,GD,PCONC,TA,GD,NO,GLQ,816,UNF,0,0,816,GASA,EX,Y,SBRKR,816,0,0,816,1,0,1,0,2,1,TA,4,TYP,0,,DETCHD,1985.0,FIN,2,816,TA,TA,Y,0,0,0,0,0,0,,,,0,6,2008-01-01,WD,NORMAL,138000
594,120,RM,,4435,PAVE,,REG,LVL,ALLPUB,INSIDE,GTL,COLLGCR,NORM,NORM,TWNHSE,1STORY,6,5,2003-01-01,2003-01-01,GABLE,COMPSHG,VINYLSD,VINYLSD,BRKFACE,170.0,GD,TA,PCONC,GD,TA,AV,GLQ,685,UNF,0,163,848,GASA,EX,Y,SBRKR,848,0,0,848,1,0,1,0,1,1,GD,4,TYP,0,,ATTCHD,2003.0,FIN,2,420,TA,TA,Y,140,0,0,0,0,0,,,,0,5,2009-01-01,WD,NORMAL,140000
595,20,RL,88.0,7990,PAVE,,IR1,LVL,ALLPUB,INSIDE,GTL,COLLGCR,NORM,NORM,1FAM,1STORY,5,6,1975-01-01,1975-01-01,HIP,COMPSHG,HDBOARD,HDBOARD,,0.0,TA,TA,CBLOCK,GD,TA,NO,UNF,0,UNF,0,924,924,GASA,TA,Y,SBRKR,924,0,0,924,0,0,1,0,3,1,TA,5,TYP,0,,DETCHD,1981.0,UNF,1,280,TA,TA,Y,0,0,0,0,0,0,,MNPRV,,0,4,2008-01-01,WD,NORMAL,110000
596,20,RL,69.0,11302,PAVE,,IR1,LVL,ALLPUB,INSIDE,GTL,STONEBR,NORM,NORM,1FAM,1STORY,8,5,2005-01-01,2006-01-01,GABLE,COMPSHG,VINYLSD,OTHER,BRKFACE,238.0,GD,TA,PCONC,GD,TA,GD,GLQ,1422,UNF,0,392,1814,GASA,EX,Y,SBRKR,1826,0,0,1826,1,0,2,0,3,1,GD,7,TYP,1,TA,ATTCHD,2005.0,FIN,3,758,TA,TA,Y,180,75,0,0,120,0,,,,0,8,2006-01-01,NEW,PARTIAL,319000
597,70,RM,60.0,3600,PAVE,GRVL,REG,LVL,ALLPUB,INSIDE,GTL,OLDTOWN,NORM,NORM,1FAM,2STORY,6,7,1910-01-01,1993-01-01,GABLE,COMPSHG,VINYLSD,VINYLSD,,0.0,TA,TA,CBLOCK,TA,TA,NO,UNF,0,UNF,0,684,684,GASA,EX,N,FUSEA,684,684,0,1368,0,0,1,0,3,1,TA,7,TYP,0,,DETCHD,1930.0,UNF,1,216,TA,FA,N,0,158,0,0,0,0,,,,0,10,2006-01-01,WD,NORMAL,114504
598,120,RL,53.0,3922,PAVE,,REG,LVL,ALLPUB,INSIDE,GTL,BLMNGTN,NORM,NORM,TWNHSE,1STORY,7,5,2006-01-01,2007-01-01,GABLE,COMPSHG,VINYLSD,VINYLSD,BRKFACE,72.0,GD,TA,PCONC,EX,TA,AV,UNF,0,UNF,0,1258,1258,GASA,EX,Y,SBRKR,1402,0,0,1402,0,2,0,2,2,1,GD,7,TYP,1,GD,ATTCHD,2006.0,FIN,3,648,TA,TA,Y,120,16,0,0,0,0,,,,0,2,2007-01-01,NEW,PARTIAL,194201
599,20,RL,80.0,12984,PAVE,,REG,BNK,ALLPUB,INSIDE,GTL,CRAWFOR,NORM,NORM,1FAM,1STORY,5,6,1977-01-01,1977-01-01,GABLE,COMPSHG,PLYWOOD,PLYWOOD,BRKFACE,459.0,TA,TA,CBLOCK,GD,TA,MN,ALQ,1283,LWQ,147,0,1430,GASA,EX,Y,SBRKR,1647,0,0,1647,1,0,2,0,3,1,GD,7,TYP,1,TA,ATTCHD,1977.0,FIN,2,621,TA,TA,Y,0,0,0,0,0,0,,,,0,3,2006-01-01,WD,NORMAL,217500
600,160,RM,24.0,1950,PAVE,,REG,LVL,ALLPUB,INSIDE,GTL,BLUESTE,NORM,NORM,TWNHS,2STORY,6,6,1980-01-01,1980-01-01,GABLE,COMPSHG,METALSD,METALSD,,0.0,TA,GD,CBLOCK,GD,TA,NO,LWQ,81,GLQ,612,23,716,GASA,TA,Y,SBRKR,716,840,0,1556,1,0,2,1,3,1,TA,6,TYP,1,TA,ATTCHD,1980.0,FIN,2,452,TA,TA,Y,161,0,0,0,0,0,,GDPRV,,0,7,2008-01-01,COD,NORMAL,151000
601,60,RL,74.0,10927,PAVE,,REG,LVL,ALLPUB,INSIDE,GTL,NRIDGHT,NORM,NORM,1FAM,2STORY,8,5,2005-01-01,2005-01-01,GABLE,COMPSHG,VINYLSD,VINYLSD,BRKFACE,280.0,GD,TA,PCONC,GD,TA,AV,GLQ,546,UNF,0,512,1058,GASA,EX,Y,SBRKR,1058,846,0,1904,1,0,2,1,3,1,EX,8,TYP,1,GD,BUILTIN,2003.0,FIN,2,736,TA,TA,Y,179,60,0,0,0,0,,,,0,6,2006-01-01,WD,NORMAL,275000
602,50,RM,50.0,9000,PAVE,,REG,BNK,ALLPUB,INSIDE,GTL,IDOTRR,NORM,NORM,1FAM,1.5FIN,6,6,1937-01-01,1950-01-01,GABLE,COMPSHG,WD SDNG,WD SDNG,,0.0,TA,GD,PCONC,TA,TA,NO,UNF,0,UNF,0,780,780,GASA,TA,Y,SBRKR,780,595,0,1375,0,0,1,1,3,1,GD,6,TYP,1,GD,DETCHD,1979.0,UNF,1,544,TA,TA,P,0,162,0,0,126,0,,,,0,12,2007-01-01,WD,NORMAL,141000
603,60,RL,80.0,10041,PAVE,,IR1,LVL,ALLPUB,INSIDE,GTL,SAWYERW,NORM,NORM,1FAM,2STORY,8,5,1992-01-01,1992-01-01,GABLE,COMPSHG,HDBOARD,HDBOARD,,0.0,GD,TA,PCONC,GD,TA,MN,GLQ,789,UNF,0,119,908,GASA,EX,Y,SBRKR,927,988,0,1915,1,0,2,1,3,1,GD,8,TYP,1,TA,ATTCHD,1992.0,FIN,2,506,TA,TA,Y,120,150,0,0,0,0,,,,0,2,2006-01-01,WD,ABNORML,220000
604,160,FV,30.0,3182,PAVE,PAVE,REG,LVL,ALLPUB,INSIDE,GTL,SOMERST,NORM,NORM,TWNHSE,2STORY,7,5,2004-01-01,2005-01-01,GABLE,COMPSHG,METALSD,METALSD,,0.0,GD,TA,PCONC,GD,TA,NO,UNF,0,UNF,0,600,600,GASA,EX,Y,SBRKR,600,600,0,1200,0,0,2,1,2,1,GD,4,TYP,0,,DETCHD,2004.0,RFN,2,480,TA,TA,Y,0,172,0,0,0,0,,,,0,6,2010-01-01,WD,NORMAL,151000
605,20,RL,88.0,12803,PAVE,,IR1,LVL,ALLPUB,INSIDE,GTL,COLLGCR,NORM,NORM,1FAM,1STORY,7,5,2002-01-01,2002-01-01,GABLE,COMPSHG,VINYLSD,VINYLSD,BRKFACE,99.0,GD,TA,PCONC,GD,TA,MN,GLQ,922,UNF,0,572,1494,GASA,EX,Y,SBRKR,1494,0,0,1494,1,0,2,0,3,1,GD,6,TYP,1,TA,ATTCHD,2002.0,RFN,2,530,TA,TA,Y,192,36,0,0,0,0,,,,0,9,2008-01-01,WD,NORMAL,221000
606,60,RL,85.0,13600,PAVE,,REG,LVL,ALLPUB,INSIDE,GTL,NAMES,NORM,NORM,1FAM,2STORY,7,6,1965-01-01,1990-01-01,GABLE,COMPSHG,HDBOARD,HDBOARD,BRKFACE,176.0,TA,TA,CBLOCK,TA,TA,NO,BLQ,454,UNF,0,314,768,GASA,TA,Y,SBRKR,1186,800,0,1986,0,0,2,1,3,1,TA,7,TYP,3,FA,ATTCHD,1965.0,UNF,2,486,TA,TA,Y,0,42,0,0,189,0,,,,0,10,2009-01-01,WD,NORMAL,205000
607,20,RL,82.0,12464,PAVE,,IR2,LOW,ALLPUB,CORNER,MOD,COLLGCR,NORM,NORM,1FAM,1STORY,5,5,1996-01-01,1996-01-01,GABLE,COMPSHG,VINYLSD,VINYLSD,,0.0,TA,GD,PCONC,GD,TA,NO,GLQ,732,UNF,0,308,1040,GASA,GD,Y,SBRKR,1040,0,0,1040,1,0,1,0,3,1,GD,6,TYP,0,,DETCHD,2000.0,UNF,2,576,TA,TA,Y,168,0,0,0,0,0,,GDPRV,,0,11,2009-01-01,WD,NORMAL,152000
608,20,RL,78.0,7800,PAVE,,REG,BNK,ALLPUB,INSIDE,MOD,EDWARDS,NORM,NORM,1FAM,2STORY,5,8,1948-01-01,2002-01-01,GABLE,COMPSHG,METALSD,METALSD,,0.0,TA,GD,CBLOCK,TA,GD,NO,GLQ,603,UNF,0,293,896,GASA,EX,Y,SBRKR,1112,896,0,2008,1,0,3,0,3,1,EX,8,TYP,0,,ATTCHD,1948.0,UNF,1,230,TA,TA,Y,103,0,0,0,0,0,,,,0,8,2006-01-01,WD,NORMAL,225000
609,70,RL,78.0,12168,PAVE,,REG,HLS,ALLPUB,INSIDE,MOD,CRAWFOR,NORM,NORM,1FAM,2STORY,8,6,1934-01-01,1998-01-01,GABLE,COMPSHG,BRKFACE,WD SDNG,,0.0,TA,TA,PCONC,GD,TA,MN,BLQ,428,UNF,0,537,965,GASA,TA,Y,SBRKR,1940,1254,0,3194,0,0,2,1,4,1,TA,10,TYP,2,GD,BASMENT,1934.0,UNF,2,380,TA,TA,Y,0,0,0,0,0,0,,,,0,9,2007-01-01,WD,ALLOCA,359100
610,20,RL,61.0,7943,PAVE,,REG,LVL,ALLPUB,INSIDE,GTL,SAWYER,FEEDR,NORM,1FAM,1STORY,4,5,1961-01-01,1961-01-01,GABLE,COMPSHG,VINYLSD,VINYLSD,BRKCMN,192.0,TA,FA,CBLOCK,TA,TA,MN,REC,903,UNF,0,126,1029,GASA,GD,Y,SBRKR,1029,0,0,1029,1,0,1,0,3,1,TA,5,TYP,0,,ATTCHD,1961.0,UNF,1,261,TA,TA,Y,64,0,39,0,0,0,,,,0,4,2007-01-01,WD,NORMAL,118500
611,60,RL,,11050,PAVE,,REG,LVL,ALLPUB,INSIDE,GTL,COLLGCR,POSN,NORM,1FAM,2STORY,9,5,2000-01-01,2000-01-01,HIP,COMPSHG,VINYLSD,VINYLSD,BRKFACE,204.0,GD,TA,PCONC,EX,TA,MN,GLQ,904,UNF,0,536,1440,GASA,EX,Y,SBRKR,1476,677,0,2153,1,0,2,1,3,1,EX,8,TYP,2,EX,ATTCHD,2000.0,FIN,3,736,TA,TA,Y,253,142,0,0,0,0,,,,0,5,2009-01-01,WD,NORMAL,313000
612,80,RL,,10395,PAVE,,IR1,LVL,ALLPUB,FR2,GTL,NWAMES,NORM,NORM,1FAM,SLVL,6,6,1978-01-01,1978-01-01,GABLE,COMPSHG,HDBOARD,HDBOARD,BRKFACE,233.0,TA,TA,CBLOCK,GD,TA,AV,ALQ,605,UNF,0,427,1032,GASA,TA,Y,SBRKR,1032,0,0,1032,0,1,2,0,3,1,TA,6,TYP,1,TA,ATTCHD,1978.0,UNF,2,564,TA,TA,Y,0,0,0,0,0,0,,MNPRV,SHED,500,7,2007-01-01,WD,NORMAL,148000
613,60,RL,,11885,PAVE,,REG,LVL,ALLPUB,INSIDE,GTL,COLLGCR,NORM,NORM,1FAM,2STORY,8,5,2001-01-01,2001-01-01,GABLE,COMPSHG,VINYLSD,VINYLSD,BRKFACE,108.0,GD,TA,PCONC,GD,TA,AV,GLQ,990,UNF,0,309,1299,GASA,EX,Y,SBRKR,1299,573,0,1872,1,0,2,1,3,1,EX,7,TYP,1,TA,BUILTIN,2001.0,RFN,2,531,TA,TA,Y,160,122,0,0,0,0,,,,0,11,2009-01-01,WD,NORMAL,261500
614,20,RL,70.0,8402,PAVE,,REG,LVL,ALLPUB,INSIDE,GTL,MITCHEL,FEEDR,NORM,1FAM,1STORY,5,5,2007-01-01,2007-01-01,GABLE,COMPSHG,VINYLSD,VINYLSD,,0.0,TA,TA,PCONC,GD,TA,NO,ALQ,206,UNF,0,914,1120,GASA,EX,Y,SBRKR,1120,0,0,1120,0,0,1,0,3,1,TA,6,TYP,0,,,,,0,0,,,Y,0,30,0,0,0,0,,,,0,12,2007-01-01,NEW,PARTIAL,147000
615,180,RM,21.0,1491,PAVE,,REG,LVL,ALLPUB,INSIDE,GTL,MEADOWV,NORM,NORM,TWNHSE,SFOYER,4,6,1972-01-01,1972-01-01,GABLE,COMPSHG,CEMNTBD,CMENTBD,,0.0,TA,TA,CBLOCK,GD,TA,AV,LWQ,150,GLQ,480,0,630,GASA,EX,Y,SBRKR,630,0,0,630,1,0,1,0,1,1,TA,3,TYP,0,,,,,0,0,,,Y,96,24,0,0,0,0,,,,0,5,2010-01-01,WD,NORMAL,75500
616,85,RL,80.0,8800,PAVE,,REG,LVL,ALLPUB,INSIDE,GTL,NAMES,FEEDR,NORM,1FAM,SFOYER,6,7,1963-01-01,1963-01-01,GABLE,COMPSHG,METALSD,METALSD,BRKFACE,156.0,TA,GD,PCONC,TA,TA,GD,GLQ,763,UNF,0,173,936,GASA,EX,Y,SBRKR,1054,0,0,1054,1,0,1,0,3,1,GD,6,TYP,0,,ATTCHD,1963.0,RFN,2,480,TA,TA,Y,120,0,0,0,0,0,,MNPRV,,0,5,2010-01-01,WD,ABNORML,137500
617,60,RL,,7861,PAVE,,IR1,LVL,ALLPUB,INSIDE,GTL,GILBERT,NORM,NORM,1FAM,2STORY,6,5,2002-01-01,2003-01-01,GABLE,COMPSHG,VINYLSD,VINYLSD,,0.0,GD,TA,PCONC,GD,TA,NO,GLQ,457,UNF,0,326,783,GASA,EX,Y,SBRKR,807,702,0,1509,1,0,2,1,3,1,GD,7,TYP,1,GD,ATTCHD,2002.0,FIN,2,393,TA,TA,Y,100,75,0,0,0,0,,,,0,6,2006-01-01,WD,NORMAL,183200
618,45,RL,59.0,7227,PAVE,,REG,HLS,ALLPUB,CORNER,MOD,NAMES,ARTERY,NORM,1FAM,1.5UNF,6,6,1954-01-01,1954-01-01,GABLE,COMPSHG,METALSD,METALSD,,0.0,TA,TA,CBLOCK,TA,TA,NO,UNF,0,UNF,0,832,832,GASA,GD,Y,SBRKR,832,0,0,832,0,0,1,0,2,1,GD,4,TYP,0,,DETCHD,1962.0,UNF,2,528,TA,TA,Y,0,0,0,0,0,0,,,,0,6,2008-01-01,WD,NORMAL,105500
619,20,RL,90.0,11694,PAVE,,REG,LVL,ALLPUB,INSIDE,GTL,NRIDGHT,NORM,NORM,1FAM,1STORY,9,5,2007-01-01,2007-01-01,HIP,COMPSHG,CEMNTBD,CMENTBD,BRKFACE,452.0,EX,TA,PCONC,EX,TA,AV,GLQ,48,UNF,0,1774,1822,GASA,EX,Y,SBRKR,1828,0,0,1828,0,0,2,0,3,1,GD,9,TYP,1,GD,ATTCHD,2007.0,UNF,3,774,TA,TA,Y,0,108,0,0,260,0,,,,0,7,2007-01-01,NEW,PARTIAL,314813
620,60,RL,85.0,12244,PAVE,,REG,LVL,ALLPUB,INSIDE,GTL,TIMBER,NORM,NORM,1FAM,2STORY,8,5,2003-01-01,2003-01-01,HIP,COMPSHG,VINYLSD,VINYLSD,STONE,226.0,GD,TA,PCONC,GD,TA,GD,GLQ,871,UNF,0,611,1482,GASA,EX,Y,SBRKR,1482,780,0,2262,1,0,2,1,4,1,GD,10,TYP,2,GD,ATTCHD,2003.0,FIN,3,749,TA,TA,Y,168,0,0,0,0,0,,,,0,8,2008-01-01,WD,NORMAL,305000
621,30,RL,45.0,8248,PAVE,GRVL,REG,LVL,ALLPUB,INSIDE,GTL,EDWARDS,NORM,NORM,1FAM,1STORY,3,3,1914-01-01,1950-01-01,GABLE,COMPSHG,STUCCO,STUCCO,,0.0,TA,TA,BRKTIL,TA,TA,NO,BLQ,41,UNF,0,823,864,GASA,TA,N,FUSEF,864,0,0,864,1,0,1,0,2,1,TA,5,TYP,0,,,,,0,0,,,N,0,0,100,0,0,0,,,,0,9,2008-01-01,WD,NORMAL,67000
622,60,RL,90.0,10800,PAVE,,REG,LVL,ALLPUB,INSIDE,GTL,NWAMES,NORM,NORM,1FAM,2STORY,6,7,1974-01-01,1997-01-01,GABLE,COMPSHG,HDBOARD,HDBOARD,,0.0,TA,TA,CBLOCK,TA,TA,NO,ALQ,956,REC,182,384,1522,GASA,TA,Y,SBRKR,1548,1066,0,2614,0,0,2,1,4,1,TA,9,TYP,1,TA,ATTCHD,1974.0,RFN,2,624,TA,TA,Y,38,243,0,0,0,0,,,,0,6,2008-01-01,WD,NORMAL,240000
623,20,RL,71.0,7064,PAVE,,REG,LVL,ALLPUB,INSIDE,GTL,SAWYER,NORM,NORM,1FAM,1STORY,5,6,1977-01-01,1977-01-01,GABLE,COMPSHG,PLYWOOD,PLYWOOD,BRKFACE,153.0,TA,TA,CBLOCK,TA,TA,NO,BLQ,560,UNF,0,420,980,GASA,TA,Y,SBRKR,980,0,0,980,0,0,1,0,3,1,TA,6,TYP,0,,DETCHD,1986.0,UNF,2,484,TA,TA,Y,192,0,0,0,0,0,,,,0,7,2009-01-01,WD,NORMAL,135000
624,160,FV,,2117,PAVE,,REG,LVL,ALLPUB,INSIDE,GTL,SOMERST,NORM,NORM,TWNHSE,2STORY,6,5,2000-01-01,2000-01-01,GABLE,COMPSHG,METALSD,METALSD,BRKFACE,513.0,GD,TA,PCONC,GD,TA,NO,GLQ,420,UNF,0,336,756,GASA,EX,Y,SBRKR,756,756,0,1512,0,0,2,1,2,1,GD,4,TYP,1,TA,DETCHD,2000.0,UNF,2,440,TA,TA,Y,0,32,0,0,0,0,,,,0,6,2007-01-01,WD,NORMAL,168500
625,60,RL,80.0,10400,PAVE,,REG,LVL,ALLPUB,INSIDE,GTL,NWAMES,NORM,NORM,1FAM,2STORY,6,5,1972-01-01,1972-01-01,GABLE,COMPSHG,VINYLSD,VINYLSD,,288.0,TA,TA,CBLOCK,TA,TA,NO,REC,247,UNF,0,485,732,GASA,GD,Y,SBRKR,1012,778,0,1790,1,0,1,2,4,1,TA,8,MIN2,1,TA,ATTCHD,1972.0,RFN,2,484,TA,TA,Y,148,0,0,0,147,0,,,,0,11,2006-01-01,WD,NORMAL,165150
626,20,RL,87.0,10000,PAVE,,IR1,LVL,ALLPUB,CORNER,GTL,NAMES,NORM,NORM,1FAM,1STORY,6,6,1962-01-01,1962-01-01,HIP,COMPSHG,WD SDNG,WD SDNG,BRKFACE,261.0,TA,TA,CBLOCK,TA,TA,NO,UNF,0,UNF,0,1116,1116,GASA,TA,Y,SBRKR,1116,0,0,1116,0,0,1,1,3,1,TA,5,TYP,0,,ATTCHD,1962.0,UNF,2,440,TA,TA,Y,0,0,0,0,385,0,,,,0,2,2010-01-01,WD,NORMAL,160000
627,20,RL,,12342,PAVE,,IR1,LVL,ALLPUB,INSIDE,GTL,NAMES,NORM,NORM,1FAM,1STORY,5,5,1960-01-01,1978-01-01,HIP,COMPSHG,WD SDNG,WD SDNG,,0.0,TA,TA,CBLOCK,TA,TA,NO,UNF,0,UNF,0,978,978,GASA,TA,Y,SBRKR,1422,0,0,1422,0,0,1,0,3,1,TA,6,MIN1,1,TA,ATTCHD,1960.0,RFN,1,286,TA,TA,Y,0,0,36,0,0,0,,GDWO,SHED,600,8,2007-01-01,WD,NORMAL,139900
628,80,RL,80.0,9600,PAVE,,REG,LVL,ALLPUB,INSIDE,GTL,NAMES,NORM,NORM,1FAM,SLVL,6,6,1955-01-01,1972-01-01,GABLE,COMPSHG,ASBSHNG,ASBSHNG,BRKFACE,164.0,TA,TA,CBLOCK,TA,TA,AV,BLQ,674,LWQ,132,350,1156,GASA,EX,Y,SBRKR,1520,0,0,1520,1,0,1,0,3,1,TA,7,TYP,2,GD,BASMENT,1955.0,RFN,1,364,TA,TA,Y,0,0,189,0,0,0,,,,0,3,2010-01-01,WD,NORMAL,153000
629,60,RL,70.0,11606,PAVE,,IR1,HLS,ALLPUB,INSIDE,SEV,NAMES,NORM,NORM,1FAM,2STORY,5,5,1969-01-01,1969-01-01,GABLE,COMPSHG,PLYWOOD,PLYWOOD,BRKFACE,192.0,TA,TA,PCONC,GD,TA,AV,REC,650,UNF,0,390,1040,GASA,TA,Y,SBRKR,1040,1040,0,2080,0,1,1,2,5,1,FA,9,TYP,2,TA,ATTCHD,1969.0,UNF,2,504,TA,TA,Y,335,0,0,0,0,0,,,,0,9,2007-01-01,WD,FAMILY,135000
630,80,RL,82.0,9020,PAVE,,REG,LVL,ALLPUB,CORNER,GTL,NAMES,FEEDR,NORM,1FAM,SLVL,6,5,1964-01-01,1964-01-01,GABLE,WDSHNGL,PLYWOOD,WD SDNG,BRKFACE,259.0,TA,TA,CBLOCK,TA,TA,GD,GLQ,624,REC,336,288,1248,GASA,TA,Y,SBRKR,1350,0,0,1350,1,0,1,1,3,1,TA,6,TYP,0,,ATTCHD,1964.0,RFN,2,520,TA,TA,Y,176,0,0,0,0,0,,GDPRV,,0,6,2008-01-01,WD,NORMAL,168500
631,70,RM,50.0,9000,PAVE,GRVL,REG,LVL,ALLPUB,CORNER,GTL,OLDTOWN,ARTERY,NORM,1FAM,2STORY,5,6,1880-01-01,1991-01-01,GABLE,COMPSHG,VINYLSD,VINYLSD,,0.0,TA,TA,BRKTIL,FA,FA,NO,UNF,0,UNF,0,636,636,GASA,TA,Y,FUSEA,1089,661,0,1750,0,0,1,0,3,1,EX,8,TYP,0,,DETCHD,1937.0,UNF,1,240,FA,PO,N,0,0,293,0,0,0,,MNPRV,,0,6,2006-01-01,WD,ABNORML,124000
632,120,RL,34.0,4590,PAVE,,REG,LVL,ALLPUB,INSIDE,GTL,NRIDGHT,NORM,NORM,TWNHS,1STORY,8,5,2006-01-01,2006-01-01,GABLE,COMPSHG,VINYLSD,VINYLSD,STONE,108.0,GD,TA,PCONC,GD,GD,MN,GLQ,24,UNF,0,1530,1554,GASA,EX,Y,SBRKR,1554,0,0,1554,0,0,2,0,2,1,GD,6,TYP,1,GD,ATTCHD,2006.0,RFN,2,627,TA,TA,Y,156,73,0,0,0,0,,,,0,8,2007-01-01,WD,NORMAL,209500
633,20,RL,85.0,11900,PAVE,,REG,LVL,ALLPUB,INSIDE,GTL,NWAMES,NORM,NORM,1FAM,1STORY,7,5,1977-01-01,1977-01-01,HIP,COMPSHG,PLYWOOD,PLYWOOD,BRKFACE,209.0,TA,GD,CBLOCK,TA,TA,NO,ALQ,822,UNF,0,564,1386,GASA,TA,Y,SBRKR,1411,0,0,1411,0,0,2,0,3,1,TA,6,TYP,1,TA,ATTCHD,1977.0,FIN,2,544,TA,TA,Y,192,0,0,0,0,0,,,,0,4,2009-01-01,WD,FAMILY,82500
634,20,RL,80.0,9250,PAVE,,REG,LVL,ALLPUB,CORNER,GTL,NAMES,NORM,NORM,1FAM,1STORY,5,7,1954-01-01,2005-01-01,GABLE,COMPSHG,WD SDNG,WD SDNG,,0.0,TA,TA,CBLOCK,TA,TA,NO,BLQ,480,LWQ,468,108,1056,GASA,TA,Y,SBRKR,1056,0,0,1056,0,1,1,0,3,1,TA,6,TYP,0,,ATTCHD,1954.0,UNF,1,260,TA,TA,Y,390,0,0,0,0,0,,,,0,7,2007-01-01,WD,NORMAL,139400
635,90,RL,64.0,6979,PAVE,,REG,LVL,ALLPUB,INSIDE,GTL,OLDTOWN,NORM,NORM,DUPLEX,SFOYER,6,5,1980-01-01,1980-01-01,GABLE,COMPSHG,PLYWOOD,PLYWOOD,,0.0,TA,TA,CBLOCK,TA,TA,NO,GLQ,1056,UNF,0,0,1056,GASA,GD,Y,SBRKR,1056,0,0,1056,2,0,0,0,0,2,TA,4,TYP,0,,DETCHD,1980.0,UNF,2,576,TA,TA,Y,264,56,0,0,0,0,,GDPRV,SHED,600,6,2010-01-01,WD,NORMAL,144000
636,190,RH,60.0,10896,PAVE,PAVE,REG,BNK,ALLPUB,INSIDE,GTL,SWISU,FEEDR,NORM,2FMCON,2.5FIN,6,7,1914-01-01,1995-01-01,HIP,COMPSHG,VINYLSD,VINYLSD,,0.0,FA,TA,CBLOCK,TA,FA,NO,LWQ,256,UNF,0,1184,1440,GASA,EX,Y,FUSEA,1440,1440,515,3395,0,0,2,0,8,2,FA,14,TYP,0,,,,,0,0,,,N,0,110,0,0,0,0,,,,0,3,2007-01-01,WD,ABNORML,200000
637,30,RM,51.0,6120,PAVE,,REG,LVL,ALLPUB,INSIDE,GTL,BRKSIDE,NORM,NORM,1FAM,1STORY,2,3,1936-01-01,1950-01-01,GABLE,COMPSHG,ASBSHNG,ASBSHNG,,0.0,FA,FA,BRKTIL,TA,FA,NO,UNF,0,UNF,0,264,264,GRAV,FA,N,FUSEA,800,0,0,800,0,0,1,0,1,1,FA,4,MAJ1,1,PO,,,,0,0,,,N,0,0,0,0,0,0,,,,0,1,2009-01-01,CONLW,NORMAL,60000
638,190,RM,50.0,6000,PAVE,,REG,LVL,ALLPUB,INSIDE,GTL,OLDTOWN,NORM,NORM,2FMCON,1.5FIN,5,4,1954-01-01,1954-01-01,GABLE,COMPSHG,WD SDNG,WD SDNG,,0.0,TA,TA,CBLOCK,TA,TA,NO,UNF,0,UNF,0,811,811,GASA,TA,Y,FUSEA,811,576,0,1387,0,0,2,0,3,2,GD,7,TYP,0,,BUILTIN,1954.0,UNF,1,256,TA,TA,Y,0,0,0,0,0,0,,,,0,11,2009-01-01,WD,NORMAL,93000
639,30,RL,67.0,8777,PAVE,,REG,LVL,ALLPUB,INSIDE,GTL,EDWARDS,FEEDR,NORM,1FAM,1STORY,5,7,1910-01-01,1950-01-01,GABLE,COMPSHG,METALSD,WD SDNG,,0.0,TA,TA,CBLOCK,FA,TA,NO,UNF,0,UNF,0,796,796,GASA,GD,Y,FUSEA,796,0,0,796,0,0,1,0,2,1,TA,4,TYP,0,,,,,0,0,,,P,328,0,164,0,0,0,,MNPRV,,0,5,2008-01-01,WD,NORMAL,85000
640,120,RL,53.0,3982,PAVE,,REG,LVL,ALLPUB,INSIDE,GTL,BLMNGTN,NORM,NORM,TWNHSE,1STORY,8,5,2006-01-01,2006-01-01,HIP,COMPSHG,VINYLSD,VINYLSD,,0.0,GD,TA,PCONC,GD,GD,AV,GLQ,1154,UNF,0,366,1520,GASA,EX,Y,SBRKR,1567,0,0,1567,1,0,2,0,1,1,EX,7,TYP,1,GD,ATTCHD,2006.0,FIN,3,648,TA,TA,Y,312,0,0,0,0,0,,,,0,10,2006-01-01,NEW,PARTIAL,264561
641,120,RL,62.0,12677,PAVE,,IR1,LVL,ALLPUB,INSIDE,GTL,NRIDGHT,NORM,NORM,TWNHSE,1STORY,8,5,2003-01-01,2004-01-01,HIP,COMPSHG,METALSD,METALSD,BRKFACE,472.0,EX,TA,PCONC,EX,TA,GD,GLQ,1218,UNF,0,300,1518,GASA,EX,Y,SBRKR,1518,0,0,1518,0,0,1,1,1,1,EX,6,TYP,1,GD,ATTCHD,2003.0,RFN,2,588,TA,TA,Y,185,140,0,0,0,0,,,,0,4,2008-01-01,WD,NORMAL,274000
642,60,FV,,7050,PAVE,,REG,LVL,ALLPUB,INSIDE,GTL,SOMERST,NORM,NORM,1FAM,2STORY,7,5,2001-01-01,2001-01-01,GABLE,COMPSHG,VINYLSD,VINYLSD,,0.0,GD,TA,PCONC,GD,TA,NO,GLQ,738,UNF,0,319,1057,GASA,EX,Y,SBRKR,1057,872,0,1929,1,0,2,1,3,1,GD,7,TYP,1,TA,ATTCHD,2001.0,FIN,2,650,TA,TA,Y,0,235,0,0,0,0,,,,0,5,2007-01-01,WD,NORMAL,226000
643,80,RL,75.0,13860,PAVE,,REG,LVL,ALLPUB,INSIDE,GTL,NAMES,NORM,NORM,1FAM,SLVL,8,7,1972-01-01,1995-01-01,GABLE,COMPSHG,PLYWOOD,WD SDNG,,0.0,GD,TA,CBLOCK,GD,TA,GD,GLQ,1410,UNF,0,542,1952,GASA,GD,Y,SBRKR,2000,704,0,2704,1,0,2,1,4,1,EX,9,TYP,3,TA,ATTCHD,1972.0,FIN,2,538,TA,TA,Y,269,111,0,0,0,0,,MNPRV,,0,7,2009-01-01,WD,NORMAL,345000
644,60,RL,80.0,10793,PAVE,,REG,LVL,ALLPUB,INSIDE,GTL,NWAMES,RRAN,NORM,1FAM,2STORY,5,5,1969-01-01,1969-01-01,MANSARD,COMPSHG,WDSHING,HDBOARD,BRKFACE,263.0,TA,TA,CBLOCK,TA,TA,NO,REC,493,BLQ,287,0,780,GASA,EX,Y,SBRKR,780,840,0,1620,0,0,2,1,4,1,TA,7,MIN1,0,,ATTCHD,1969.0,FIN,2,462,TA,TA,Y,208,0,0,0,0,0,,GDWO,,0,4,2007-01-01,WD,NORMAL,152000
645,20,FV,85.0,9187,PAVE,,REG,LVL,ALLPUB,INSIDE,GTL,SOMERST,NORM,NORM,1FAM,1STORY,9,5,2009-01-01,2009-01-01,GABLE,COMPSHG,CEMNTBD,CMENTBD,STONE,162.0,EX,TA,PCONC,EX,TA,MN,GLQ,1121,UNF,0,645,1766,GASA,EX,Y,SBRKR,1766,0,0,1766,1,0,2,1,2,1,EX,7,TYP,1,GD,ATTCHD,2009.0,FIN,3,478,TA,TA,Y,195,130,0,0,0,0,,,,0,10,2009-01-01,NEW,PARTIAL,370878
646,20,RL,,10530,PAVE,,IR1,LVL,ALLPUB,CORNER,GTL,NAMES,NORM,NORM,1FAM,1STORY,6,5,1971-01-01,1971-01-01,HIP,COMPSHG,PLYWOOD,PLYWOOD,,0.0,TA,TA,CBLOCK,TA,TA,NO,ALQ,282,LWQ,35,664,981,GASA,TA,Y,SBRKR,981,0,0,981,1,0,1,1,3,1,TA,5,TYP,0,,DETCHD,1979.0,UNF,2,576,TA,TA,Y,0,312,40,0,0,0,,,,0,3,2007-01-01,WD,NORMAL,143250
647,20,RL,60.0,7200,PAVE,,REG,LVL,ALLPUB,INSIDE,GTL,NAMES,NORM,NORM,1FAM,1STORY,5,5,1950-01-01,1950-01-01,HIP,COMPSHG,METALSD,METALSD,,0.0,TA,TA,CBLOCK,,,,,0,,0,0,0,GASA,GD,Y,SBRKR,1048,0,0,1048,0,0,1,0,3,1,TA,7,MIN1,0,,DETCHD,1950.0,UNF,2,420,TA,TA,Y,0,27,0,0,0,0,,,,0,7,2008-01-01,WD,NORMAL,98300
648,20,RL,85.0,10452,PAVE,,IR1,LVL,ALLPUB,INSIDE,GTL,EDWARDS,NORM,NORM,1FAM,1STORY,6,5,1953-01-01,1953-01-01,HIP,COMPSHG,WD SDNG,WD SDNG,STONE,216.0,TA,TA,CBLOCK,TA,TA,MN,REC,500,UNF,0,594,1094,GASA,EX,Y,SBRKR,1094,0,0,1094,0,0,1,0,3,1,TA,5,TYP,2,GD,ATTCHD,1953.0,RFN,2,495,TA,TA,Y,0,0,0,0,287,0,,,,0,6,2008-01-01,WD,NORMAL,155000
649,60,RL,70.0,7700,PAVE,,REG,LVL,ALLPUB,INSIDE,GTL,NAMES,POSN,NORM,1FAM,2STORY,6,5,1966-01-01,1966-01-01,GABLE,COMPSHG,METALSD,METALSD,BRKFACE,351.0,TA,TA,CBLOCK,TA,TA,NO,UNF,0,UNF,0,756,756,GASA,TA,Y,SBRKR,1051,788,0,1839,0,0,1,1,4,1,TA,7,TYP,1,TA,ATTCHD,1966.0,UNF,2,442,TA,TA,Y,0,124,216,0,0,0,,,,0,6,2010-01-01,WD,NORMAL,155000
650,180,RM,21.0,1936,PAVE,,REG,LVL,ALLPUB,INSIDE,GTL,MEADOWV,NORM,NORM,TWNHS,SFOYER,4,6,1970-01-01,1970-01-01,GABLE,COMPSHG,CEMNTBD,CMENTBD,,0.0,TA,TA,CBLOCK,GD,TA,AV,BLQ,131,GLQ,499,0,630,GASA,GD,Y,SBRKR,630,0,0,630,1,0,1,0,1,1,TA,3,TYP,0,,,,,0,0,,,Y,0,0,0,0,0,0,,MNPRV,,0,12,2007-01-01,WD,NORMAL,84500
651,60,FV,65.0,8125,PAVE,,REG,LVL,ALLPUB,INSIDE,GTL,SOMERST,NORM,NORM,1FAM,2STORY,7,6,2007-01-01,2007-01-01,GABLE,COMPSHG,CEMNTBD,CMENTBD,,,GD,TA,PCONC,GD,TA,NO,UNF,0,UNF,0,813,813,GASA,EX,Y,SBRKR,822,843,0,1665,0,0,2,1,3,1,GD,7,TYP,0,,ATTCHD,2007.0,RFN,2,562,TA,TA,Y,0,0,0,0,0,0,,,,0,5,2008-01-01,WD,NORMAL,205950
652,70,RL,60.0,9084,PAVE,,REG,LVL,ALLPUB,INSIDE,GTL,EDWARDS,ARTERY,NORM,1FAM,2STORY,4,5,1940-01-01,1950-01-01,GABLE,COMPSHG,METALSD,METALSD,,0.0,TA,TA,CBLOCK,TA,TA,MN,UNF,0,UNF,0,755,755,GASA,TA,Y,SBRKR,755,755,0,1510,1,0,1,0,4,1,TA,7,TYP,1,GD,DETCHD,1940.0,UNF,1,296,FA,PO,P,120,0,0,0,0,0,,MNPRV,,0,10,2009-01-01,WD,NORMAL,108000
653,60,RL,70.0,8750,PAVE,,REG,LVL,ALLPUB,INSIDE,GTL,COLLGCR,NORM,NORM,1FAM,2STORY,7,5,1996-01-01,1996-01-01,GABLE,COMPSHG,VINYLSD,VINYLSD,,0.0,GD,TA,PCONC,GD,TA,NO,UNF,0,UNF,0,880,880,GASA,EX,Y,SBRKR,909,807,0,1716,0,0,2,1,2,1,GD,7,TYP,1,TA,ATTCHD,1996.0,RFN,2,512,TA,TA,Y,0,120,0,0,0,0,,,,0,7,2009-01-01,WD,NORMAL,191000
654,50,RM,60.0,10320,PAVE,GRVL,REG,LVL,ALLPUB,INSIDE,GTL,IDOTRR,NORM,NORM,1FAM,1.5FIN,6,7,1906-01-01,1995-01-01,GABLE,COMPSHG,METALSD,METALSD,,0.0,TA,TA,CBLOCK,TA,TA,NO,UNF,0,UNF,0,756,756,GASA,EX,Y,SBRKR,756,713,0,1469,0,0,1,0,3,1,TA,7,TYP,0,,DETCHD,1906.0,UNF,1,216,TA,TA,Y,57,0,239,0,0,0,,MNPRV,,0,6,2008-01-01,WD,NORMAL,135000
655,20,RL,91.0,10437,PAVE,,IR1,LVL,ALLPUB,INSIDE,GTL,NORIDGE,NORM,NORM,1FAM,1STORY,8,6,1995-01-01,1995-01-01,HIP,COMPSHG,METALSD,METALSD,BRKFACE,660.0,GD,GD,PCONC,GD,TA,GD,GLQ,1696,UNF,0,413,2109,GASA,EX,Y,SBRKR,2113,0,0,2113,1,0,2,1,2,1,GD,7,TYP,1,TA,ATTCHD,1995.0,FIN,3,839,TA,TA,Y,236,46,0,0,0,0,,,,0,8,2008-01-01,WD,NORMAL,350000
656,160,RM,21.0,1680,PAVE,,REG,LVL,ALLPUB,INSIDE,GTL,BRDALE,NORM,NORM,TWNHS,2STORY,6,5,1971-01-01,1971-01-01,GABLE,COMPSHG,HDBOARD,IMSTUCC,BRKFACE,381.0,TA,TA,CBLOCK,TA,TA,NO,UNF,0,UNF,0,525,525,GASA,TA,Y,SBRKR,525,567,0,1092,0,0,1,1,3,1,TA,6,TYP,0,,DETCHD,1971.0,UNF,1,264,TA,TA,Y,0,0,0,0,0,0,,,,0,3,2010-01-01,WD,FAMILY,88000
657,20,RL,72.0,10007,PAVE,,IR1,LVL,ALLPUB,INSIDE,GTL,NAMES,NORM,NORM,1FAM,1STORY,5,7,1959-01-01,2006-01-01,GABLE,COMPSHG,HDBOARD,HDBOARD,BRKFACE,54.0,GD,TA,CBLOCK,TA,TA,NO,ALQ,806,UNF,0,247,1053,GASA,EX,Y,SBRKR,1053,0,0,1053,1,0,1,1,3,1,GD,5,TYP,0,,ATTCHD,1959.0,RFN,1,312,TA,TA,Y,0,0,0,0,0,0,,MNPRV,,0,8,2008-01-01,WD,NORMAL,145500
658,70,RL,60.0,7200,PAVE,,REG,HLS,ALLPUB,INSIDE,MOD,CRAWFOR,NORM,NORM,1FAM,2STORY,7,6,1931-01-01,2000-01-01,GABLE,COMPSHG,STUCCO,WD SHNG,,0.0,TA,FA,BRKTIL,GD,TA,NO,UNF,0,UNF,0,776,776,GASA,TA,Y,SBRKR,851,651,0,1502,0,0,1,1,3,1,TA,6,TYP,1,GD,ATTCHD,1931.0,RFN,1,270,TA,TA,P,0,0,112,0,0,0,,MNPRV,,0,2,2008-01-01,WD,NORMAL,149000
659,50,RL,78.0,17503,PAVE,,REG,LVL,ALLPUB,INSIDE,GTL,NAMES,ARTERY,NORM,1FAM,1.5FIN,6,5,1948-01-01,1950-01-01,GABLE,COMPSHG,VINYLSD,VINYLSD,,0.0,TA,TA,CBLOCK,TA,TA,NO,UNF,0,UNF,0,912,912,GASA,TA,Y,SBRKR,912,546,0,1458,0,1,1,0,3,1,TA,6,TYP,1,GD,ATTCHD,1948.0,UNF,1,330,TA,TA,Y,192,0,0,0,0,0,,,,0,1,2010-01-01,WD,ABNORML,97500
660,20,RL,75.0,9937,PAVE,,REG,LVL,ALLPUB,CORNER,GTL,EDWARDS,NORM,NORM,1FAM,1STORY,5,7,1964-01-01,1999-01-01,HIP,COMPSHG,METALSD,METALSD,,0.0,TA,GD,PCONC,TA,TA,NO,BLQ,637,UNF,0,849,1486,GASA,EX,Y,SBRKR,1486,0,0,1486,1,0,1,0,3,1,TA,7,TYP,0,,DETCHD,1968.0,FIN,2,480,TA,TA,Y,0,0,0,0,0,0,,MNPRV,,0,3,2009-01-01,WD,NORMAL,167000
661,60,RL,,12384,PAVE,,REG,LVL,ALLPUB,CULDSAC,GTL,NWAMES,NORM,NORM,1FAM,2STORY,7,7,1976-01-01,1976-01-01,GABLE,COMPSHG,PLYWOOD,PLYWOOD,BRKFACE,233.0,TA,TA,CBLOCK,GD,TA,NO,UNF,0,UNF,0,793,793,GASA,TA,Y,SBRKR,1142,793,0,1935,0,0,2,1,3,1,TA,7,TYP,1,TA,ATTCHD,1976.0,RFN,2,550,TA,TA,Y,0,113,252,0,0,0,,,,0,11,2007-01-01,WD,NORMAL,197900
662,60,RL,52.0,46589,PAVE,,IR2,LVL,ALLPUB,CULDSAC,GTL,NORIDGE,NORM,NORM,1FAM,2STORY,8,7,1994-01-01,2005-01-01,HIP,COMPSHG,VINYLSD,VINYLSD,BRKFACE,528.0,GD,TA,PCONC,GD,GD,NO,GLQ,1361,REC,180,88,1629,GASA,EX,Y,SBRKR,1686,762,0,2448,1,0,2,1,4,1,GD,8,TYP,1,TA,ATTCHD,1994.0,RFN,3,711,TA,TA,Y,517,76,0,0,0,0,,,,0,7,2009-01-01,WD,NORMAL,402000
663,20,RL,120.0,13560,PAVE,,REG,LVL,ALLPUB,CORNER,GTL,NAMES,NORM,NORM,1FAM,1STORY,6,3,1968-01-01,1968-01-01,HIP,COMPSHG,WD SDNG,WD SDNG,BRKFACE,216.0,TA,TA,CBLOCK,FA,FA,NO,UNF,0,UNF,0,1392,1392,GASA,GD,Y,SBRKR,1392,0,0,1392,1,0,1,0,2,1,TA,5,MAJ2,2,TA,ATTCHD,1968.0,RFN,2,576,TA,TA,Y,0,0,240,0,0,0,,,,0,7,2009-01-01,WD,NORMAL,110000
664,85,RL,90.0,10012,PAVE,,REG,LVL,ALLPUB,INSIDE,GTL,EDWARDS,NORM,NORM,1FAM,SFOYER,4,5,1972-01-01,1972-01-01,GABLE,COMPSHG,PLYWOOD,PLYWOOD,,0.0,TA,TA,CBLOCK,GD,TA,AV,BLQ,920,REC,180,38,1138,GASA,TA,Y,SBRKR,1181,0,0,1181,1,0,2,0,3,1,TA,6,TYP,0,,DETCHD,1974.0,RFN,2,588,TA,TA,Y,0,0,180,0,0,0,,MNPRV,,0,4,2008-01-01,WD,NORMAL,137500
665,20,RL,49.0,20896,PAVE,,IR2,LVL,ALLPUB,CULDSAC,GTL,SOMERST,RRAN,NORM,1FAM,1STORY,8,5,2005-01-01,2006-01-01,GABLE,COMPSHG,VINYLSD,VINYLSD,,0.0,GD,TA,PCONC,EX,TA,MN,GLQ,1721,UNF,0,356,2077,GASA,EX,Y,SBRKR,2097,0,0,2097,1,0,1,1,1,1,EX,8,TYP,1,EX,ATTCHD,2005.0,FIN,3,1134,TA,TA,Y,192,267,0,0,0,0,,,,0,1,2006-01-01,NEW,PARTIAL,423000
666,60,RL,106.0,11194,PAVE,,IR1,LVL,ALLPUB,CORNER,GTL,GILBERT,NORM,NORM,1FAM,2STORY,8,5,2000-01-01,2000-01-01,GABLE,COMPSHG,VINYLSD,VINYLSD,BRKFACE,40.0,GD,TA,PCONC,GD,TA,NO,UNF,0,UNF,0,1406,1406,GASA,EX,Y,SBRKR,1454,482,0,1936,0,0,2,1,3,1,GD,7,TYP,1,TA,ATTCHD,2000.0,RFN,2,504,TA,TA,Y,188,124,0,0,0,0,,,,0,11,2006-01-01,WD,NORMAL,230500
667,60,RL,,18450,PAVE,,IR1,LVL,ALLPUB,INSIDE,GTL,NAMES,NORM,NORM,1FAM,2STORY,6,5,1965-01-01,1979-01-01,FLAT,TAR&GRV,PLYWOOD,PLYWOOD,BRKCMN,113.0,TA,GD,CBLOCK,GD,TA,NO,LWQ,187,REC,723,111,1021,GASA,TA,Y,SBRKR,1465,915,0,2380,0,0,2,1,3,1,TA,7,SEV,1,PO,CARPORT,1965.0,UNF,2,596,TA,TA,Y,0,265,0,0,0,0,,,,0,8,2007-01-01,WD,ABNORML,129000
668,20,RL,65.0,8125,PAVE,,REG,LVL,ALLPUB,INSIDE,GTL,SAWYERW,NORM,NORM,1FAM,1STORY,6,5,1994-01-01,1998-01-01,GABLE,COMPSHG,HDBOARD,HDBOARD,BRKFACE,258.0,TA,TA,PCONC,GD,TA,NO,GLQ,1138,UNF,0,270,1408,GASA,EX,Y,SBRKR,1679,0,0,1679,1,0,2,0,3,1,GD,7,TYP,1,FA,ATTCHD,1994.0,RFN,2,575,TA,TA,Y,224,42,0,0,0,0,,,,0,10,2008-01-01,WD,NORMAL,193500
669,20,RL,,14175,PAVE,,REG,BNK,ALLPUB,CORNER,MOD,SAWYER,NORM,NORM,1FAM,1STORY,5,6,1956-01-01,1987-01-01,GABLE,COMPSHG,CEMNTBD,WD SDNG,,0.0,TA,TA,CBLOCK,TA,TA,NO,REC,988,UNF,0,200,1188,GASA,GD,Y,SBRKR,1437,0,0,1437,1,0,1,1,3,1,TA,6,MIN2,1,TA,DETCHD,1999.0,UNF,2,576,TA,TA,Y,304,0,0,0,0,0,,,,0,11,2006-01-01,WD,NORMAL,168000
670,30,RL,80.0,11600,PAVE,,REG,LVL,ALLPUB,INSIDE,GTL,CRAWFOR,NORM,NORM,1FAM,1STORY,4,5,1922-01-01,1950-01-01,GABLE,COMPSHG,METALSD,METALSD,,0.0,TA,TA,BRKTIL,FA,TA,NO,UNF,0,UNF,0,700,700,GASA,EX,Y,SBRKR,1180,0,0,1180,0,0,1,0,2,1,FA,5,TYP,1,GD,DETCHD,1922.0,UNF,1,252,TA,FA,Y,0,0,67,0,0,0,,,,0,7,2006-01-01,WD,NORMAL,137500
671,60,RL,64.0,8633,PAVE,,REG,LVL,ALLPUB,FR2,GTL,COLLGCR,NORM,NORM,1FAM,2STORY,6,5,2005-01-01,2005-01-01,GABLE,COMPSHG,VINYLSD,VINYLSD,,0.0,GD,TA,PCONC,GD,TA,NO,GLQ,193,UNF,0,545,738,GASA,EX,Y,SBRKR,738,738,0,1476,1,0,2,1,3,1,GD,7,TYP,0,,ATTCHD,2005.0,FIN,2,540,TA,TA,Y,100,35,0,0,0,0,,,,0,2,2009-01-01,WD,NORMAL,173500
672,70,RH,54.0,6629,PAVE,,REG,LVL,ALLPUB,INSIDE,GTL,EDWARDS,ARTERY,NORM,1FAM,2STORY,6,6,1925-01-01,1950-01-01,GAMBREL,COMPSHG,WD SDNG,WD SDNG,,0.0,TA,GD,BRKTIL,TA,TA,NO,BLQ,551,UNF,0,121,672,GASA,TA,N,SBRKR,697,672,0,1369,1,0,2,0,3,1,TA,6,TYP,0,,DETCHD,1930.0,UNF,1,300,TA,TA,Y,147,0,0,0,0,0,,,,0,7,2009-01-01,WD,NORMAL,103600
673,20,RL,,11250,PAVE,,IR1,LVL,ALLPUB,INSIDE,GTL,VEENKER,NORM,NORM,1FAM,1STORY,6,6,1977-01-01,1977-01-01,GABLE,COMPSHG,PLYWOOD,PLYWOOD,,0.0,GD,TA,CBLOCK,GD,TA,NO,ALQ,767,UNF,0,441,1208,GASA,TA,Y,SBRKR,1208,0,0,1208,1,0,1,1,3,1,TA,6,TYP,1,TA,ATTCHD,1977.0,RFN,2,546,TA,TA,Y,198,42,0,0,0,0,,,,0,6,2006-01-01,WD,NORMAL,165000
674,20,RL,110.0,14442,PAVE,,REG,LVL,ALLPUB,INSIDE,GTL,CRAWFOR,NORM,NORM,1FAM,1STORY,6,7,1957-01-01,2004-01-01,HIP,COMPSHG,CEMNTBD,CMENTBD,BRKFACE,106.0,TA,TA,PCONC,TA,TA,NO,GLQ,1186,UNF,0,291,1477,GASA,EX,Y,SBRKR,1839,0,0,1839,1,0,2,0,3,1,GD,7,TYP,2,TA,ATTCHD,1957.0,FIN,2,416,TA,TA,Y,0,87,0,0,200,0,,,,0,6,2007-01-01,WD,NORMAL,257500
675,20,RL,80.0,9200,PAVE,,REG,LVL,ALLPUB,INSIDE,GTL,NAMES,NORM,NORM,1FAM,1STORY,6,6,1965-01-01,1965-01-01,GABLE,COMPSHG,HDBOARD,HDBOARD,,0.0,TA,TA,CBLOCK,TA,TA,NO,REC,892,UNF,0,244,1136,GASA,TA,Y,SBRKR,1136,0,0,1136,1,0,1,0,3,1,TA,5,TYP,1,GD,ATTCHD,1965.0,RFN,1,384,TA,TA,Y,426,0,0,0,0,0,,,,0,7,2008-01-01,WD,NORMAL,140000
676,160,RL,24.0,2289,PAVE,,REG,LVL,ALLPUB,INSIDE,GTL,NPKVILL,NORM,NORM,TWNHS,2STORY,6,6,1978-01-01,1978-01-01,GABLE,COMPSHG,PLYWOOD,BRK CMN,,0.0,TA,TA,CBLOCK,TA,TA,NO,ALQ,311,UNF,0,544,855,GASA,TA,Y,SBRKR,855,586,0,1441,0,0,2,1,3,1,TA,7,TYP,1,TA,ATTCHD,1978.0,UNF,2,440,TA,TA,Y,28,0,0,0,0,0,,,,0,4,2009-01-01,WD,NORMAL,148500
677,70,RM,60.0,9600,PAVE,GRVL,REG,LVL,ALLPUB,INSIDE,GTL,OLDTOWN,NORM,NORM,1FAM,2STORY,4,2,1900-01-01,1950-01-01,GABLE,COMPSHG,ASBSHNG,STUCCO,,0.0,TA,TA,BRKTIL,TA,FA,NO,UNF,0,UNF,0,1095,1095,GASW,FA,N,SBRKR,1095,679,0,1774,1,0,2,0,4,2,TA,8,MIN2,0,,2TYPES,1920.0,UNF,3,779,FA,FA,N,0,0,90,0,0,0,,,,0,5,2006-01-01,WD,NORMAL,87000
678,30,RL,52.0,9022,PAVE,,REG,LVL,ALLPUB,INSIDE,GTL,OLDTOWN,NORM,NORM,1FAM,1STORY,5,8,1924-01-01,2006-01-01,GABLE,COMPSHG,VINYLSD,VINYLSD,,0.0,GD,TA,BRKTIL,TA,TA,NO,UNF,0,UNF,0,768,768,GASA,EX,Y,SBRKR,792,0,0,792,0,0,1,0,2,1,GD,5,TYP,0,,DETCHD,1924.0,UNF,1,240,FA,FA,N,316,0,120,0,0,0,,,,0,5,2009-01-01,WD,NORMAL,109500
679,20,RL,80.0,11844,PAVE,,IR1,LVL,ALLPUB,INSIDE,GTL,STONEBR,NORM,NORM,1FAM,1STORY,8,5,2008-01-01,2008-01-01,HIP,COMPSHG,VINYLSD,VINYLSD,STONE,464.0,GD,TA,PCONC,EX,TA,MN,UNF,0,UNF,0,2046,2046,GASA,EX,Y,SBRKR,2046,0,0,2046,0,0,2,1,3,1,GD,7,TYP,1,GD,ATTCHD,2008.0,FIN,3,834,TA,TA,Y,322,82,0,0,0,0,,,,0,7,2009-01-01,NEW,PARTIAL,372500
680,20,RL,,9945,PAVE,,IR1,LVL,ALLPUB,INSIDE,GTL,SAWYER,NORM,NORM,1FAM,1STORY,5,5,1961-01-01,1961-01-01,HIP,COMPSHG,WD SDNG,WD SDNG,BRKFACE,57.0,TA,TA,CBLOCK,TA,TA,NO,REC,827,UNF,0,161,988,GASA,TA,Y,SBRKR,988,0,0,988,1,0,1,0,3,1,TA,5,TYP,0,,DETCHD,1963.0,UNF,2,572,TA,TA,Y,0,0,0,0,0,0,,,,0,10,2007-01-01,WD,NORMAL,128500
681,120,RL,50.0,8012,PAVE,,REG,LVL,ALLPUB,INSIDE,GTL,SAWYERW,NORM,NORM,TWNHSE,1STORY,6,5,1980-01-01,1980-01-01,GABLE,COMPSHG,PLYWOOD,PLYWOOD,,0.0,TA,TA,CBLOCK,GD,TA,NO,BLQ,543,BLQ,119,261,923,GASA,TA,Y,SBRKR,923,0,0,923,0,0,2,0,2,1,TA,5,TYP,1,TA,ATTCHD,1980.0,RFN,1,264,TA,TA,Y,80,0,0,0,0,0,,,,0,5,2010-01-01,WD,NORMAL,143000
682,50,RH,55.0,4500,PAVE,PAVE,IR2,BNK,ALLPUB,INSIDE,GTL,SWISU,NORM,NORM,1FAM,1.5FIN,5,5,1932-01-01,2000-01-01,GABLE,COMPSHG,VINYLSD,STUCCO,,0.0,TA,TA,BRKTIL,TA,TA,NO,REC,182,UNF,0,611,793,GASA,EX,Y,SBRKR,848,672,0,1520,0,0,1,0,3,1,TA,6,TYP,0,,DETCHD,1968.0,UNF,1,281,TA,TA,Y,0,0,56,0,0,0,,,,0,7,2009-01-01,WD,ABNORML,159434
683,120,RL,,2887,PAVE,,REG,HLS,ALLPUB,INSIDE,GTL,CLEARCR,NORM,NORM,1FAM,1STORY,6,5,1996-01-01,1997-01-01,GABLE,COMPSHG,WD SDNG,WD SDNG,,0.0,TA,TA,PCONC,GD,TA,MN,GLQ,1003,UNF,0,288,1291,GASA,EX,Y,SBRKR,1291,0,0,1291,1,0,1,0,2,1,GD,6,TYP,1,GD,ATTCHD,1996.0,UNF,2,431,TA,TA,Y,307,0,0,0,0,0,,,,0,11,2008-01-01,WD,NORMAL,173000
684,20,RL,90.0,11248,PAVE,,IR1,LVL,ALLPUB,CORNER,GTL,COLLGCR,NORM,NORM,1FAM,1STORY,9,5,2002-01-01,2002-01-01,HIP,COMPSHG,VINYLSD,VINYLSD,STONE,215.0,GD,TA,PCONC,GD,TA,AV,GLQ,1059,UNF,0,567,1626,GASA,EX,Y,SBRKR,1668,0,0,1668,1,0,2,0,3,1,GD,7,TYP,1,TA,ATTCHD,2002.0,FIN,3,702,TA,TA,Y,257,45,0,0,0,0,,,,0,7,2007-01-01,WD,NORMAL,285000
685,60,RL,58.0,16770,PAVE,,IR2,LVL,ALLPUB,CULDSAC,GTL,NORIDGE,NORM,NORM,1FAM,2STORY,7,5,1998-01-01,1998-01-01,GABLE,COMPSHG,VINYLSD,VINYLSD,BRKFACE,30.0,GD,TA,PCONC,GD,TA,NO,UNF,0,UNF,0,1195,1195,GASA,GD,Y,SBRKR,1195,644,0,1839,0,0,2,1,4,1,TA,7,TYP,0,,ATTCHD,1998.0,FIN,2,486,TA,TA,Y,0,81,0,0,0,0,,,,0,6,2010-01-01,WD,NORMAL,221000
686,160,RL,,5062,PAVE,,IR1,LVL,ALLPUB,CULDSAC,GTL,STONEBR,NORM,NORM,TWNHSE,2STORY,7,5,1984-01-01,1984-01-01,GABLE,COMPSHG,HDBOARD,HDBOARD,,0.0,GD,TA,CBLOCK,GD,TA,MN,GLQ,828,LWQ,182,180,1190,GASA,GD,Y,SBRKR,1190,900,0,2090,1,0,2,0,3,1,GD,6,MIN1,1,TA,ATTCHD,1984.0,FIN,2,577,TA,TA,Y,219,0,0,0,0,0,,,,0,9,2007-01-01,WD,NORMAL,207500
687,60,FV,84.0,10207,PAVE,,REG,LVL,ALLPUB,INSIDE,GTL,SOMERST,NORM,NORM,1FAM,2STORY,7,6,2007-01-01,2007-01-01,GABLE,COMPSHG,VINYLSD,VINYLSD,,0.0,GD,TA,PCONC,GD,TA,NO,UNF,0,UNF,0,874,874,GASA,EX,Y,SBRKR,874,887,0,1761,0,0,3,0,3,1,GD,7,TYP,0,,ATTCHD,2007.0,FIN,2,578,TA,TA,Y,144,105,0,0,0,0,,,,0,8,2007-01-01,NEW,PARTIAL,227875
688,160,FV,,5105,PAVE,,IR2,LVL,ALLPUB,FR2,GTL,SOMERST,NORM,NORM,TWNHSE,2STORY,7,5,2004-01-01,2004-01-01,GABLE,COMPSHG,METALSD,METALSD,,0.0,GD,TA,PCONC,GD,TA,NO,GLQ,239,UNF,0,312,551,GASA,EX,Y,SBRKR,551,551,0,1102,0,0,2,1,2,1,GD,4,TYP,0,,DETCHD,2004.0,UNF,2,480,TA,TA,Y,0,60,0,0,0,0,,,,0,3,2007-01-01,WD,NORMAL,148800
689,20,RL,60.0,8089,PAVE,,REG,HLS,ALLPUB,INSIDE,GTL,STONEBR,NORM,NORM,1FAM,1STORY,8,6,2007-01-01,2007-01-01,GABLE,COMPSHG,METALSD,METALSD,BRKFACE,0.0,GD,TA,PCONC,GD,TA,AV,GLQ,945,UNF,0,474,1419,GASA,EX,Y,SBRKR,1419,0,0,1419,1,0,2,0,2,1,GD,7,TYP,1,GD,ATTCHD,2007.0,RFN,2,567,TA,TA,Y,140,0,0,0,0,0,,,,0,10,2007-01-01,NEW,PARTIAL,392000
690,120,RL,61.0,7577,PAVE,,IR1,LVL,ALLPUB,CORNER,GTL,NRIDGHT,NORM,NORM,TWNHSE,1STORY,6,5,2005-01-01,2006-01-01,GABLE,COMPSHG,VINYLSD,VINYLSD,STONE,256.0,GD,TA,PCONC,GD,TA,AV,ALQ,20,UNF,0,1342,1362,GASA,EX,Y,SBRKR,1362,0,0,1362,0,0,2,0,2,1,GD,6,TYP,1,GD,ATTCHD,2005.0,RFN,2,460,TA,TA,Y,192,28,0,0,0,0,,,,0,6,2007-01-01,WD,NORMAL,194700
691,120,RM,,4426,PAVE,,REG,LVL,ALLPUB,INSIDE,GTL,COLLGCR,NORM,NORM,TWNHSE,1STORY,6,5,2004-01-01,2004-01-01,GABLE,COMPSHG,VINYLSD,VINYLSD,BRKFACE,147.0,GD,TA,PCONC,GD,TA,GD,GLQ,697,UNF,0,151,848,GASA,EX,Y,SBRKR,848,0,0,848,1,0,1,0,1,1,GD,3,TYP,1,TA,ATTCHD,2004.0,RFN,2,420,TA,TA,Y,149,0,0,0,0,0,,,,0,5,2008-01-01,WD,NORMAL,141000
692,60,RL,104.0,21535,PAVE,,IR1,LVL,ALLPUB,CORNER,GTL,NORIDGE,NORM,NORM,1FAM,2STORY,10,6,1994-01-01,1995-01-01,GABLE,WDSHNGL,HDBOARD,HDBOARD,BRKFACE,1170.0,EX,TA,PCONC,EX,TA,GD,GLQ,1455,UNF,0,989,2444,GASA,EX,Y,SBRKR,2444,1872,0,4316,0,1,3,1,4,1,EX,10,TYP,2,EX,ATTCHD,1994.0,FIN,3,832,TA,TA,Y,382,50,0,0,0,0,,,,0,1,2007-01-01,WD,NORMAL,755000
693,60,RL,42.0,26178,PAVE,,IR1,LVL,ALLPUB,INSIDE,MOD,TIMBER,NORM,NORM,1FAM,2STORY,7,5,1989-01-01,1990-01-01,HIP,COMPSHG,METALSD,METALSD,BRKFACE,293.0,GD,TA,PCONC,GD,TA,GD,GLQ,965,UNF,0,245,1210,GASA,EX,Y,SBRKR,1238,1281,0,2519,1,0,2,1,4,1,GD,9,TYP,2,GD,ATTCHD,1989.0,RFN,2,628,TA,TA,Y,320,27,0,0,0,0,,,,0,4,2006-01-01,WD,NORMAL,335000
694,30,RL,60.0,5400,PAVE,,REG,LVL,ALLPUB,CORNER,SEV,OLDTOWN,NORM,NORM,1FAM,1STORY,5,6,1921-01-01,1968-01-01,GABLE,COMPSHG,METALSD,METALSD,,0.0,TA,TA,BRKTIL,TA,TA,NO,UNF,0,UNF,0,1073,1073,GASA,EX,Y,SBRKR,1073,0,0,1073,0,0,1,0,2,1,TA,4,TYP,0,,DETCHD,1968.0,UNF,1,326,TA,TA,Y,0,0,112,0,0,0,,,,0,12,2006-01-01,WD,ABNORML,108480
695,50,RM,51.0,6120,PAVE,,REG,LVL,ALLPUB,CORNER,GTL,BRKSIDE,NORM,NORM,1FAM,1.5FIN,5,6,1936-01-01,1950-01-01,GABLE,COMPSHG,WD SDNG,WD SDNG,,0.0,TA,FA,BRKTIL,TA,TA,NO,UNF,0,UNF,0,927,927,GASA,TA,Y,SBRKR,1067,472,0,1539,0,0,1,1,3,1,TA,5,TYP,0,,DETCHD,1995.0,UNF,2,576,TA,TA,Y,112,0,0,0,0,0,,MNPRV,,0,4,2009-01-01,WD,NORMAL,141500
696,20,RL,54.0,13811,PAVE,,IR1,LVL,ALLPUB,INSIDE,GTL,TIMBER,NORM,NORM,1FAM,1STORY,6,6,1987-01-01,1987-01-01,GABLE,COMPSHG,HDBOARD,HDBOARD,BRKFACE,72.0,TA,TA,CBLOCK,GD,GD,NO,GLQ,980,LWQ,40,92,1112,GASA,GD,Y,SBRKR,1137,0,0,1137,1,0,2,0,2,1,GD,5,TYP,1,TA,ATTCHD,1987.0,UNF,2,551,TA,TA,Y,125,0,0,0,0,0,,,,0,7,2006-01-01,WD,NORMAL,176000
697,30,RM,50.0,6000,PAVE,,REG,LVL,ALLPUB,INSIDE,GTL,BRKSIDE,NORM,NORM,1FAM,1STORY,5,7,1921-01-01,1950-01-01,GABLE,COMPSHG,WD SDNG,WD SHNG,,0.0,TA,TA,CBLOCK,TA,TA,NO,LWQ,616,UNF,0,0,616,GASA,GD,Y,SBRKR,616,0,0,616,0,0,1,0,2,1,TA,4,TYP,0,,DETCHD,1921.0,UNF,1,205,TA,TA,Y,0,0,129,0,0,0,,,,0,6,2006-01-01,WD,NORMAL,89000
698,20,RL,57.0,6420,PAVE,,IR1,LVL,ALLPUB,INSIDE,GTL,EDWARDS,NORM,NORM,1FAM,1STORY,5,7,1952-01-01,1952-01-01,GABLE,COMPSHG,WD SDNG,WD SDNG,,0.0,TA,TA,PCONC,EX,GD,MN,LWQ,210,ALQ,551,219,980,GASA,FA,Y,FUSEA,1148,0,0,1148,0,1,1,0,2,1,TA,6,TYP,0,,DETCHD,1952.0,UNF,1,308,TA,TA,Y,0,0,0,0,0,0,,,,0,9,2006-01-01,WD,NORMAL,123500
699,20,RL,65.0,8450,PAVE,,REG,LVL,ALLPUB,INSIDE,GTL,SAWYER,RRAE,NORM,1FAM,1STORY,5,8,1965-01-01,2009-01-01,GABLE,COMPSHG,METALSD,METALSD,,0.0,TA,GD,CBLOCK,TA,TA,NO,GLQ,553,BLQ,117,224,894,GASA,EX,Y,SBRKR,894,0,0,894,1,0,1,0,3,1,TA,5,TYP,1,GD,DETCHD,1973.0,UNF,1,336,TA,TA,Y,416,144,0,0,0,0,,MNPRV,,0,4,2010-01-01,WD,NORMAL,138500
700,120,FV,59.0,4282,PAVE,PAVE,IR2,LVL,ALLPUB,INSIDE,GTL,SOMERST,NORM,NORM,TWNHSE,1STORY,7,5,2004-01-01,2004-01-01,GABLE,COMPSHG,METALSD,METALSD,,0.0,GD,TA,PCONC,GD,TA,MN,GLQ,16,UNF,0,1375,1391,GASA,EX,Y,SBRKR,1391,0,0,1391,0,0,2,0,2,1,GD,5,TYP,0,,ATTCHD,2004.0,RFN,2,530,TA,TA,Y,156,158,0,0,0,0,,,,0,7,2008-01-01,WD,NORMAL,196000
701,20,RL,85.0,14331,PAVE,,REG,LVL,ALLPUB,INSIDE,GTL,TIMBER,NORM,NORM,1FAM,1STORY,8,5,2002-01-01,2002-01-01,HIP,COMPSHG,VINYLSD,VINYLSD,BRKFACE,630.0,GD,TA,PCONC,EX,TA,GD,GLQ,1274,UNF,0,526,1800,GASA,EX,Y,SBRKR,1800,0,0,1800,1,0,2,0,3,1,GD,7,TYP,1,GD,ATTCHD,2002.0,FIN,3,765,TA,TA,Y,270,78,0,0,0,0,,,,0,5,2006-01-01,WD,NORMAL,312500
702,20,RL,80.0,9600,PAVE,,REG,LVL,ALLPUB,INSIDE,GTL,NWAMES,NORM,NORM,1FAM,1STORY,7,5,1969-01-01,1969-01-01,HIP,COMPSHG,HDBOARD,HDBOARD,BRKFACE,168.0,TA,TA,CBLOCK,TA,TA,NO,UNF,0,UNF,0,1164,1164,GASA,TA,Y,SBRKR,1164,0,0,1164,0,0,1,1,3,1,TA,6,TYP,0,,ATTCHD,1969.0,UNF,2,528,TA,TA,Y,0,0,0,0,0,0,,,,0,7,2006-01-01,COD,NORMAL,140000
703,60,RL,82.0,12438,PAVE,,IR1,LVL,ALLPUB,INSIDE,GTL,STONEBR,NORM,NORM,1FAM,2STORY,8,5,2006-01-01,2006-01-01,HIP,COMPSHG,VINYLSD,VINYLSD,BRKFACE,466.0,EX,TA,PCONC,EX,GD,NO,UNF,0,UNF,0,1234,1234,GASA,EX,Y,SBRKR,1264,1312,0,2576,0,0,2,1,4,1,EX,10,TYP,1,GD,BUILTIN,2006.0,FIN,3,666,TA,TA,Y,324,100,0,0,0,0,,,,0,7,2006-01-01,NEW,PARTIAL,361919
704,190,RM,76.0,7630,PAVE,,REG,LVL,ALLPUB,INSIDE,GTL,OLDTOWN,FEEDR,NORM,2FMCON,2STORY,5,9,1900-01-01,1996-01-01,GABLE,COMPSHG,WD SDNG,WD SDNG,,0.0,TA,GD,BRKTIL,GD,TA,NO,UNF,0,UNF,0,360,360,GASA,GD,Y,SBRKR,1032,780,0,1812,0,0,2,0,4,2,GD,8,TYP,1,PO,DETCHD,1999.0,UNF,2,672,TA,TA,N,344,0,40,0,0,0,,MNPRV,,0,5,2010-01-01,WD,NORMAL,140000
705,20,RL,70.0,8400,PAVE,,REG,LVL,ALLPUB,INSIDE,GTL,COLLGCR,NORM,NORM,1FAM,1STORY,7,5,2004-01-01,2005-01-01,GABLE,COMPSHG,VINYLSD,VINYLSD,BRKFACE,109.0,GD,TA,PCONC,GD,TA,AV,GLQ,712,UNF,0,761,1473,GASA,EX,Y,SBRKR,1484,0,0,1484,1,0,2,0,3,1,GD,7,TYP,0,,ATTCHD,2004.0,RFN,2,606,TA,TA,Y,0,35,0,144,0,0,,,,0,5,2010-01-01,WD,NORMAL,213000
706,190,RM,70.0,5600,PAVE,,REG,LVL,ALLPUB,INSIDE,GTL,IDOTRR,NORM,NORM,2FMCON,2STORY,4,5,1930-01-01,1950-01-01,HIP,COMPSHG,VINYLSD,WD SHNG,,0.0,FA,FA,SLAB,,,,,0,,0,0,0,GASA,FA,N,SBRKR,372,720,0,1092,0,0,2,0,3,2,FA,7,MOD,0,,,,,0,0,,,N,0,0,0,0,0,0,,,OTHR,3500,7,2010-01-01,WD,NORMAL,55000
707,20,RL,,115149,PAVE,,IR2,LOW,ALLPUB,CULDSAC,SEV,CLEARCR,NORM,NORM,1FAM,1STORY,7,5,1971-01-01,2002-01-01,GABLE,COMPSHG,PLYWOOD,PLYWOOD,STONE,351.0,TA,TA,CBLOCK,GD,TA,GD,GLQ,1219,UNF,0,424,1643,GASA,TA,Y,SBRKR,1824,0,0,1824,1,0,2,0,2,1,GD,5,TYP,2,TA,ATTCHD,1971.0,UNF,2,739,TA,TA,Y,380,48,0,0,0,0,,,,0,6,2007-01-01,WD,NORMAL,302000
708,120,RL,48.0,6240,PAVE,,REG,LVL,ALLPUB,INSIDE,GTL,NRIDGHT,NORM,NORM,TWNHSE,1STORY,8,5,2006-01-01,2006-01-01,HIP,COMPSHG,METALSD,METALSD,BRKFACE,176.0,GD,TA,PCONC,GD,TA,NO,GLQ,863,UNF,0,461,1324,GASA,EX,Y,SBRKR,1324,0,0,1324,1,0,2,0,2,1,GD,6,TYP,1,GD,ATTCHD,2006.0,FIN,2,550,TA,TA,Y,192,38,0,0,0,0,,,,0,12,2009-01-01,WD,NORMAL,254000
709,60,RL,65.0,9018,PAVE,,IR1,LVL,ALLPUB,INSIDE,GTL,GILBERT,NORM,NORM,1FAM,2STORY,7,5,2007-01-01,2007-01-01,HIP,COMPSHG,VINYLSD,VINYLSD,,0.0,GD,TA,PCONC,GD,TA,AV,UNF,0,UNF,0,728,728,GASA,EX,Y,SBRKR,728,728,0,1456,0,0,2,1,3,1,GD,8,TYP,1,GD,ATTCHD,2007.0,FIN,2,400,TA,TA,Y,100,24,0,0,0,0,,,,0,7,2007-01-01,NEW,PARTIAL,179540
710,20,RL,,7162,PAVE,,IR1,LVL,ALLPUB,INSIDE,GTL,SAWYER,NORM,NORM,1FAM,1STORY,5,7,1966-01-01,1966-01-01,GABLE,COMPSHG,HDBOARD,HDBOARD,BRKCMN,41.0,TA,TA,PCONC,TA,TA,NO,UNF,0,UNF,0,876,876,GASA,TA,Y,SBRKR,904,0,0,904,0,0,1,0,3,1,TA,6,TYP,0,,ATTCHD,1966.0,UNF,1,408,TA,TA,Y,0,0,0,0,0,0,,MNPRV,,0,12,2008-01-01,WD,ABNORML,109900
711,30,RL,56.0,4130,PAVE,,IR1,LVL,ALLPUB,INSIDE,GTL,BRKSIDE,NORM,NORM,1FAM,1STORY,3,6,1935-01-01,2003-01-01,GABLE,COMPSHG,VINYLSD,VINYLSD,,0.0,GD,TA,CBLOCK,TA,TA,NO,UNF,0,UNF,0,270,270,GASA,GD,Y,SBRKR,729,0,0,729,0,0,1,0,2,1,TA,5,MAJ2,0,,,,,0,0,,,N,0,0,0,0,0,0,,,,0,7,2008-01-01,WD,NORMAL,52000
712,50,C (ALL),66.0,8712,PAVE,PAVE,REG,HLS,ALLPUB,INSIDE,MOD,IDOTRR,NORM,NORM,1FAM,1.5FIN,4,7,1900-01-01,1950-01-01,GABLE,COMPSHG,METALSD,METALSD,,0.0,TA,TA,STONE,TA,TA,MN,UNF,0,UNF,0,859,859,GASA,GD,Y,SBRKR,859,319,0,1178,0,0,1,0,2,1,TA,7,TYP,0,,DETCHD,1964.0,RFN,1,384,TA,TA,N,68,0,98,0,0,0,,,,0,1,2010-01-01,WD,ABNORML,102776
713,120,RL,40.0,4671,PAVE,,IR1,HLS,ALLPUB,INSIDE,GTL,STONEBR,NORM,NORM,TWNHSE,1STORY,8,5,1988-01-01,1989-01-01,GABLE,COMPSHG,HDBOARD,HDBOARD,,0.0,GD,TA,PCONC,GD,TA,MN,GLQ,767,UNF,0,461,1228,GASA,GD,Y,SBRKR,1228,0,0,1228,1,0,2,0,2,1,GD,5,TYP,1,GD,ATTCHD,1988.0,FIN,2,472,TA,TA,Y,168,120,0,0,0,0,,,,0,10,2008-01-01,WD,NORMAL,189000
714,190,RL,60.0,9873,PAVE,,REG,LVL,ALLPUB,INSIDE,GTL,BRKSIDE,RRAN,NORM,2FMCON,1STORY,4,5,1970-01-01,1970-01-01,GABLE,COMPSHG,HDBOARD,HDBOARD,BRKFACE,160.0,TA,TA,CBLOCK,TA,TA,AV,ALQ,789,UNF,0,171,960,GASW,TA,N,SBRKR,960,0,0,960,1,0,1,0,3,1,TA,6,TYP,0,,DETCHD,1970.0,UNF,2,576,TA,TA,Y,0,288,0,0,0,0,,,,0,5,2006-01-01,WD,NORMAL,129000
715,60,RL,,13517,PAVE,,IR1,LVL,ALLPUB,CULDSAC,GTL,SAWYER,RRAE,NORM,1FAM,2STORY,6,8,1976-01-01,2005-01-01,GABLE,COMPSHG,HDBOARD,PLYWOOD,BRKFACE,289.0,GD,TA,CBLOCK,TA,TA,NO,GLQ,533,UNF,0,192,725,GASA,EX,Y,SBRKR,725,754,0,1479,0,0,2,1,3,1,GD,6,TYP,0,,ATTCHD,1976.0,RFN,2,475,TA,TA,Y,0,44,0,0,0,0,,,,0,3,2010-01-01,WD,NORMAL,130500
716,20,RL,78.0,10140,PAVE,,REG,LVL,ALLPUB,INSIDE,GTL,NWAMES,NORM,NORM,1FAM,1STORY,6,5,1974-01-01,1974-01-01,HIP,COMPSHG,HDBOARD,HDBOARD,BRKFACE,174.0,TA,TA,CBLOCK,GD,TA,NO,UNF,0,UNF,0,1064,1064,GASA,TA,Y,SBRKR,1350,0,0,1350,0,0,2,0,3,1,TA,7,TYP,1,TA,ATTCHD,1974.0,RFN,2,478,TA,TA,Y,0,0,0,0,0,0,,MNPRV,,0,8,2009-01-01,WD,NORMAL,165000
717,70,RM,60.0,10800,PAVE,GRVL,REG,BNK,ALLPUB,INSIDE,GTL,OLDTOWN,NORM,NORM,1FAM,2STORY,7,8,1890-01-01,1998-01-01,GABLE,COMPSHG,WD SDNG,VINYLSD,,0.0,TA,GD,BRKTIL,TA,TA,NO,UNF,0,UNF,0,718,718,GASA,EX,Y,SBRKR,1576,978,0,2554,0,0,1,1,3,1,TA,8,TYP,0,,DETCHD,1996.0,UNF,2,704,TA,TA,P,0,48,143,0,0,0,,,,0,7,2007-01-01,WD,NORMAL,159500
718,20,RL,80.0,10000,PAVE,,REG,LVL,ALLPUB,INSIDE,GTL,NWAMES,NORM,NORM,1FAM,1STORY,5,6,1973-01-01,2000-01-01,GABLE,COMPSHG,HDBOARD,HDBOARD,,0.0,TA,TA,CBLOCK,GD,TA,NO,BLQ,1084,UNF,0,92,1176,GASA,GD,Y,SBRKR,1178,0,0,1178,0,1,1,1,3,1,GD,5,TYP,1,FA,ATTCHD,1973.0,UNF,2,439,TA,TA,Y,224,0,0,0,0,0,,MNPRV,,0,11,2008-01-01,WD,NORMAL,157000
719,60,RL,96.0,10542,PAVE,,REG,LVL,ALLPUB,INSIDE,GTL,NORIDGE,NORM,NORM,1FAM,2STORY,7,5,1993-01-01,1994-01-01,HIP,COMPSHG,WD SDNG,IMSTUCC,BRKFACE,651.0,GD,TA,PCONC,GD,TA,GD,GLQ,1173,UNF,0,138,1311,GASA,EX,Y,SBRKR,1325,1093,0,2418,1,0,2,1,3,1,GD,9,TYP,1,TA,ATTCHD,1993.0,RFN,3,983,TA,TA,Y,250,154,216,0,0,0,,,,0,8,2008-01-01,WD,NORMAL,341000
720,20,RL,69.0,9920,PAVE,,IR1,LVL,ALLPUB,INSIDE,GTL,COLLGCR,NORM,NORM,1FAM,1STORY,5,6,1969-01-01,1969-01-01,GABLE,COMPSHG,HDBOARD,PLYWOOD,,0.0,TA,TA,CBLOCK,GD,TA,GD,ALQ,523,UNF,0,448,971,GASA,TA,Y,SBRKR,971,0,0,971,0,0,1,1,3,1,TA,5,TYP,1,PO,ATTCHD,1969.0,UNF,1,300,TA,TA,Y,0,0,0,0,0,0,,,,0,5,2006-01-01,WD,NORMAL,128500
721,120,RL,,6563,PAVE,,IR1,LOW,ALLPUB,CULDSAC,MOD,STONEBR,NORM,NORM,1FAM,1STORY,8,5,1985-01-01,1985-01-01,GABLE,COMPSHG,HDBOARD,HDBOARD,,0.0,GD,TA,PCONC,GD,TA,GD,GLQ,1148,UNF,0,594,1742,GASA,TA,Y,SBRKR,1742,0,0,1742,1,0,2,0,2,1,GD,5,TYP,1,TA,ATTCHD,1985.0,RFN,2,564,TA,TA,Y,114,28,234,0,0,0,,,,0,12,2006-01-01,WD,NORMAL,275000
722,120,RM,,4426,PAVE,,REG,LVL,ALLPUB,INSIDE,GTL,COLLGCR,NORM,NORM,TWNHSE,1STORY,6,5,2004-01-01,2004-01-01,GABLE,COMPSHG,VINYLSD,VINYLSD,BRKFACE,169.0,GD,TA,PCONC,GD,TA,AV,GLQ,662,UNF,0,186,848,GASA,EX,Y,SBRKR,848,0,0,848,1,0,1,0,1,1,GD,3,TYP,0,,ATTCHD,2004.0,RFN,2,420,TA,TA,Y,160,0,0,0,0,0,,,,0,5,2010-01-01,WD,NORMAL,143000
723,20,RL,70.0,8120,PAVE,,REG,LVL,ALLPUB,INSIDE,GTL,NAMES,NORM,NORM,1FAM,1STORY,4,7,1970-01-01,1970-01-01,GABLE,COMPSHG,METALSD,METALSD,,0.0,TA,GD,CBLOCK,TA,TA,NO,ALQ,191,UNF,0,673,864,GASA,EX,Y,SBRKR,864,0,0,864,0,0,1,0,3,1,TA,5,TYP,0,,DETCHD,1994.0,UNF,2,463,TA,TA,Y,0,0,0,0,0,0,,,,0,7,2009-01-01,WD,NORMAL,124500
724,50,RL,60.0,8172,PAVE,,REG,LVL,ALLPUB,INSIDE,GTL,EDWARDS,NORM,NORM,1FAM,1.5FIN,4,6,1954-01-01,1972-01-01,GABLE,COMPSHG,METALSD,METALSD,,0.0,TA,TA,PCONC,TA,TA,NO,UNF,0,UNF,0,941,941,GASA,EX,Y,SBRKR,997,473,0,1470,0,0,2,0,4,1,TA,7,TYP,0,,DETCHD,1958.0,UNF,1,548,TA,TA,Y,0,0,0,0,156,0,,,,0,5,2008-01-01,WD,NORMAL,135000
725,20,RL,86.0,13286,PAVE,,IR1,LVL,ALLPUB,INSIDE,GTL,EDWARDS,NORM,NORM,1FAM,1STORY,9,5,2007-01-01,2008-01-01,HIP,COMPSHG,CEMNTBD,CMENTBD,STONE,340.0,EX,TA,PCONC,EX,TA,NO,GLQ,1234,UNF,0,464,1698,GASA,EX,Y,SBRKR,1698,0,0,1698,1,0,2,0,3,1,EX,8,TYP,1,GD,ATTCHD,2007.0,FIN,3,768,TA,TA,Y,327,64,0,0,0,0,,,,0,2,2009-01-01,WD,NORMAL,320000
726,20,RL,60.0,6960,PAVE,,REG,LVL,ALLPUB,INSIDE,GTL,NAMES,NORM,NORM,1FAM,1STORY,4,6,1970-01-01,1970-01-01,GABLE,COMPSHG,HDBOARD,PLYWOOD,,0.0,TA,TA,CBLOCK,TA,TA,NO,ALQ,375,BLQ,239,250,864,GASA,TA,Y,SBRKR,864,0,0,864,0,0,1,0,3,1,GD,5,TYP,0,,DETCHD,1989.0,UNF,2,660,TA,TA,Y,96,0,0,0,0,0,,,SHED,500,11,2009-01-01,WD,NORMAL,120500
727,20,RL,,21695,PAVE,,IR1,LVL,ALLPUB,CORNER,GTL,CRAWFOR,NORM,NORM,1FAM,1STORY,6,9,1988-01-01,2007-01-01,HIP,COMPSHG,WD SDNG,PLYWOOD,BRKFACE,260.0,GD,GD,CBLOCK,GD,TA,NO,GLQ,808,UNF,0,72,880,GASA,EX,Y,SBRKR,1680,0,0,1680,1,0,2,0,3,1,GD,5,TYP,1,GD,ATTCHD,1988.0,FIN,2,540,TA,TA,Y,292,44,0,182,0,0,,,,0,12,2009-01-01,WD,NORMAL,222000
728,20,RL,64.0,7314,PAVE,,REG,LVL,ALLPUB,INSIDE,GTL,COLLGCR,NORM,NORM,1FAM,1STORY,7,5,2007-01-01,2007-01-01,GABLE,COMPSHG,VINYLSD,VINYLSD,STONE,82.0,GD,TA,PCONC,GD,TA,AV,GLQ,724,UNF,0,508,1232,GASA,EX,Y,SBRKR,1232,0,0,1232,1,0,2,0,2,1,GD,6,TYP,0,,ATTCHD,2007.0,RFN,2,632,TA,TA,Y,132,0,0,0,0,0,,,,0,2,2009-01-01,WD,NORMAL,194500
729,90,RL,85.0,11475,PAVE,,REG,LVL,ALLPUB,CORNER,GTL,NAMES,NORM,NORM,DUPLEX,1STORY,5,5,1958-01-01,1958-01-01,GABLE,COMPSHG,VINYLSD,VINYLSD,BRKFACE,95.0,TA,TA,CBLOCK,TA,TA,NO,UNF,0,UNF,0,1584,1584,GASA,TA,Y,SBRKR,1776,0,0,1776,1,0,2,0,4,2,TA,9,TYP,0,,DETCHD,1968.0,UNF,3,888,TA,TA,Y,0,25,0,0,0,0,,,,0,7,2009-01-01,COD,ABNORML,110000
730,30,RM,52.0,6240,PAVE,GRVL,REG,LVL,ALLPUB,INSIDE,GTL,IDOTRR,NORM,NORM,1FAM,1.5FIN,4,5,1925-01-01,1950-01-01,GABLE,COMPSHG,METALSD,METALSD,,0.0,TA,TA,CBLOCK,TA,TA,NO,BLQ,152,UNF,0,628,780,GASA,TA,Y,FUSEA,848,0,360,1208,0,0,1,0,2,1,TA,5,TYP,0,,DETCHD,1962.0,UNF,2,539,TA,TA,Y,0,23,112,0,0,0,,,,0,1,2009-01-01,WD,NORMAL,103000
731,120,RL,39.0,5389,PAVE,,IR1,LVL,ALLPUB,INSIDE,GTL,STONEBR,NORM,NORM,TWNHSE,1STORY,8,5,1995-01-01,1996-01-01,GABLE,COMPSHG,CEMNTBD,CMENTBD,,0.0,GD,TA,PCONC,GD,TA,NO,GLQ,1180,UNF,0,415,1595,GASA,EX,Y,SBRKR,1616,0,0,1616,1,0,2,0,2,1,GD,5,TYP,1,TA,ATTCHD,1995.0,RFN,2,608,TA,TA,Y,237,152,0,0,0,0,,,,0,3,2010-01-01,WD,NORMAL,236500
732,80,RL,73.0,9590,PAVE,,IR1,LVL,ALLPUB,CORNER,GTL,TIMBER,NORM,NORM,1FAM,SLVL,7,5,2003-01-01,2003-01-01,GABLE,COMPSHG,VINYLSD,VINYLSD,BRKFACE,442.0,GD,TA,PCONC,EX,TA,AV,GLQ,786,UNF,0,82,868,GASA,EX,Y,SBRKR,1146,0,0,1146,1,0,2,0,3,1,GD,6,TYP,1,GD,ATTCHD,2003.0,FIN,2,438,TA,TA,Y,160,22,0,0,0,0,,,,0,5,2007-01-01,WD,NORMAL,187500
733,60,RL,75.0,11404,PAVE,,IR1,LVL,ALLPUB,INSIDE,GTL,COLLGCR,NORM,NORM,1FAM,2STORY,7,5,1998-01-01,1999-01-01,GABLE,COMPSHG,VINYLSD,VINYLSD,BRKFACE,202.0,GD,TA,PCONC,GD,TA,AV,ALQ,252,UNF,0,901,1153,GASA,EX,Y,SBRKR,1153,878,0,2031,0,0,2,1,3,1,GD,8,TYP,1,TA,ATTCHD,1998.0,FIN,2,541,TA,TA,Y,192,84,0,0,0,0,,,,0,7,2008-01-01,WD,NORMAL,222500
734,20,RL,80.0,10000,PAVE,,REG,LVL,ALLPUB,CORNER,GTL,SAWYER,FEEDR,NORM,1FAM,1STORY,5,6,1961-01-01,1983-01-01,HIP,COMPSHG,HDBOARD,HDBOARD,,0.0,TA,TA,CBLOCK,TA,TA,NO,BLQ,594,UNF,0,270,864,GASA,EX,Y,SBRKR,1144,0,0,1144,1,0,1,0,3,1,TA,6,TYP,1,TA,ATTCHD,1961.0,RFN,1,264,TA,TA,Y,165,0,0,0,0,0,,GDWO,SHED,400,3,2009-01-01,WD,NORMAL,131400
735,20,RL,,8978,PAVE,,IR1,LVL,ALLPUB,CORNER,GTL,SAWYER,NORM,NORM,1FAM,1STORY,5,5,1968-01-01,1968-01-01,GABLE,COMPSHG,PLYWOOD,PLYWOOD,,0.0,TA,TA,PCONC,TA,TA,NO,UNF,0,UNF,0,948,948,GASA,TA,Y,SBRKR,948,0,0,948,0,0,1,0,3,1,TA,6,TYP,0,,ATTCHD,1968.0,UNF,1,300,TA,TA,Y,147,0,0,0,0,0,,,,0,5,2007-01-01,WD,FAMILY,108000
736,75,RM,60.0,10800,PAVE,,REG,LVL,ALLPUB,INSIDE,GTL,OLDTOWN,NORM,NORM,1FAM,2.5UNF,7,7,1914-01-01,1970-01-01,GABLE,COMPSHG,WD SDNG,WD SDNG,,0.0,TA,TA,BRKTIL,GD,TA,MN,REC,390,UNF,0,490,880,GASW,FA,N,SBRKR,880,888,0,1768,0,0,1,1,2,1,TA,6,TYP,2,TA,DETCHD,1914.0,UNF,2,320,TA,TA,N,0,341,0,0,0,0,,,,0,10,2006-01-01,WD,NORMAL,163000
737,90,RL,60.0,8544,PAVE,,REG,LVL,ALLPUB,INSIDE,GTL,NAMES,NORM,NORM,DUPLEX,1STORY,3,4,1950-01-01,1950-01-01,GABLE,COMPSHG,STUCCO,STONE,,0.0,TA,TA,CBLOCK,,,,,0,,0,0,0,GASA,GD,N,FUSEF,1040,0,0,1040,0,0,2,0,2,2,TA,6,TYP,0,,DETCHD,1949.0,UNF,2,400,TA,TA,Y,0,0,0,0,0,0,,,,0,7,2006-01-01,WD,NORMAL,93500
738,60,RL,72.0,10463,PAVE,,IR1,HLS,ALLPUB,CULDSAC,GTL,GILBERT,NORM,NORM,1FAM,2STORY,8,5,2005-01-01,2005-01-01,GABLE,COMPSHG,VINYLSD,VINYLSD,,0.0,GD,TA,PCONC,GD,TA,NO,UNF,0,UNF,0,893,893,GASA,EX,Y,SBRKR,901,900,0,1801,0,0,2,1,3,1,GD,8,TYP,1,GD,ATTCHD,2005.0,FIN,3,800,TA,TA,Y,0,116,0,0,0,0,,,,0,6,2006-01-01,WD,NORMAL,239900
739,90,RL,60.0,10800,PAVE,,REG,LVL,ALLPUB,INSIDE,GTL,EDWARDS,NORM,NORM,DUPLEX,1STORY,5,5,1987-01-01,1988-01-01,GABLE,COMPSHG,PLYWOOD,PLYWOOD,,0.0,TA,TA,CBLOCK,GD,GD,GD,GLQ,1200,UNF,0,0,1200,GASA,TA,Y,SBRKR,1200,0,0,1200,3,0,3,0,3,1,TA,5,TYP,0,,,,,0,0,,,Y,120,0,0,0,0,0,,,,0,3,2009-01-01,WD,ALLOCA,179000
740,60,RL,65.0,9313,PAVE,,IR1,LVL,ALLPUB,INSIDE,GTL,COLLGCR,NORM,NORM,1FAM,2STORY,7,5,2004-01-01,2004-01-01,GABLE,COMPSHG,VINYLSD,VINYLSD,,0.0,GD,TA,PCONC,GD,TA,NO,UNF,0,UNF,0,864,864,GASA,EX,Y,SBRKR,864,864,0,1728,0,0,2,1,3,1,GD,7,TYP,0,,ATTCHD,2004.0,RFN,2,572,TA,TA,Y,187,56,0,0,0,0,,,,0,4,2009-01-01,WD,NORMAL,190000
741,70,RM,60.0,9600,PAVE,GRVL,REG,LVL,ALLPUB,INSIDE,GTL,OLDTOWN,NORM,NORM,1FAM,2STORY,5,7,1910-01-01,2002-01-01,GABLE,COMPSHG,WD SDNG,WD SHNG,,0.0,TA,GD,BRKTIL,FA,FA,NO,UNF,0,UNF,0,264,264,GASA,EX,Y,SBRKR,768,664,0,1432,0,0,2,0,2,1,TA,7,TYP,0,,DETCHD,1910.0,UNF,2,360,TA,GD,Y,270,0,112,0,0,0,,GDPRV,,0,5,2007-01-01,WD,ABNORML,132000
742,20,RL,65.0,6768,PAVE,,IR1,LVL,ALLPUB,INSIDE,GTL,SAWYER,FEEDR,NORM,1FAM,1STORY,6,8,1961-01-01,1996-01-01,HIP,COMPSHG,HDBOARD,HDBOARD,,0.0,TA,GD,CBLOCK,TA,TA,MN,GLQ,832,UNF,0,80,912,GASA,GD,Y,SBRKR,912,0,0,912,1,1,1,0,3,1,GD,5,TYP,0,,DETCHD,1962.0,UNF,1,288,TA,TA,Y,168,0,0,0,0,0,,GDPRV,,0,5,2008-01-01,WD,NORMAL,142000
743,20,RL,65.0,8450,PAVE,,REG,LVL,ALLPUB,INSIDE,GTL,SAWYERW,NORM,NORM,1FAM,1STORY,7,5,2000-01-01,2001-01-01,GABLE,COMPSHG,VINYLSD,VINYLSD,BRKFACE,108.0,TA,TA,PCONC,GD,TA,NO,UNF,0,UNF,0,1349,1349,GASA,EX,Y,SBRKR,1349,0,0,1349,0,0,2,0,3,1,TA,6,TYP,0,,ATTCHD,2000.0,UNF,2,539,TA,TA,Y,120,55,0,0,0,0,,GDPRV,,0,12,2007-01-01,WD,NORMAL,179000
744,80,RL,70.0,12886,PAVE,,IR1,LVL,ALLPUB,INSIDE,GTL,SAWYER,NORM,NORM,1FAM,SLVL,5,6,1963-01-01,1999-01-01,GABLE,COMPSHG,HDBOARD,HDBOARD,,0.0,TA,TA,CBLOCK,GD,TA,AV,ALQ,444,UNF,0,76,520,GASA,EX,Y,SBRKR,1464,0,0,1464,0,1,2,0,3,1,TA,6,MIN2,1,TA,ATTCHD,1997.0,RFN,2,480,TA,TA,Y,302,0,0,0,100,0,,,,0,10,2009-01-01,WD,NORMAL,175000
745,120,RL,41.0,5395,PAVE,,IR1,HLS,ALLPUB,INSIDE,GTL,STONEBR,NORM,NORM,TWNHSE,1STORY,8,5,1993-01-01,1993-01-01,GABLE,COMPSHG,HDBOARD,HDBOARD,,0.0,GD,TA,PCONC,GD,TA,NO,GLQ,733,UNF,0,604,1337,GASA,GD,Y,SBRKR,1337,0,0,1337,1,0,2,0,2,1,GD,5,TYP,1,TA,ATTCHD,1993.0,RFN,2,462,TA,TA,Y,96,0,70,168,0,0,,,,0,10,2008-01-01,WD,NORMAL,180000
746,60,RL,,8963,PAVE,,IR1,LVL,ALLPUB,INSIDE,GTL,NWAMES,NORM,NORM,1FAM,2STORY,8,9,1976-01-01,1996-01-01,HIP,COMPSHG,VINYLSD,VINYLSD,BRKFACE,289.0,EX,GD,CBLOCK,TA,GD,NO,GLQ,575,ALQ,80,487,1142,GASA,EX,Y,SBRKR,1175,1540,0,2715,0,1,3,1,4,1,GD,11,TYP,2,TA,BUILTIN,1994.0,FIN,2,831,TA,TA,Y,0,204,0,0,0,0,,,,0,7,2008-01-01,WD,NORMAL,299800
747,60,RL,,8795,PAVE,,IR1,LVL,ALLPUB,INSIDE,GTL,GILBERT,NORM,NORM,1FAM,2STORY,7,5,2000-01-01,2000-01-01,GABLE,COMPSHG,VINYLSD,VINYLSD,,0.0,GD,TA,PCONC,GD,TA,NO,GLQ,300,UNF,0,652,952,GASA,EX,Y,SBRKR,980,1276,0,2256,0,0,2,1,4,1,GD,8,TYP,1,TA,BUILTIN,2000.0,FIN,2,554,TA,TA,Y,224,54,0,0,0,0,,,,0,4,2009-01-01,WD,NORMAL,236000
748,70,RM,65.0,11700,PAVE,PAVE,IR1,LVL,ALLPUB,CORNER,GTL,OLDTOWN,NORM,NORM,1FAM,2STORY,7,7,1880-01-01,2003-01-01,MANSARD,COMPSHG,STUCCO,STUCCO,,0.0,GD,TA,STONE,TA,FA,NO,UNF,0,UNF,0,1240,1240,GASW,TA,N,SBRKR,1320,1320,0,2640,0,0,1,1,4,1,GD,8,TYP,1,GD,DETCHD,1950.0,UNF,4,864,TA,TA,N,181,0,386,0,0,0,,,,0,5,2009-01-01,WD,NORMAL,265979
749,20,RL,59.0,10593,PAVE,,IR1,LVL,ALLPUB,INSIDE,GTL,NORIDGE,NORM,NORM,1FAM,1STORY,7,5,1996-01-01,1996-01-01,HIP,COMPSHG,VINYLSD,VINYLSD,BRKFACE,338.0,GD,TA,PCONC,GD,TA,NO,GLQ,919,UNF,0,801,1720,GASA,EX,Y,SBRKR,1720,0,0,1720,1,0,2,0,3,1,GD,7,TYP,1,TA,ATTCHD,1996.0,FIN,2,527,TA,TA,Y,240,56,154,0,0,0,,,,0,3,2010-01-01,WD,NORMAL,260400
750,50,RL,50.0,8405,PAVE,,REG,LVL,ALLPUB,INSIDE,GTL,EDWARDS,NORM,NORM,1FAM,1.5FIN,4,3,1945-01-01,1950-01-01,GABLE,COMPSHG,WDSHING,WD SHNG,,0.0,TA,TA,SLAB,,,,,0,,0,0,0,WALL,TA,N,FUSEF,1088,441,0,1529,0,0,2,0,4,1,TA,9,MOD,0,,DETCHD,1945.0,UNF,1,240,TA,TA,N,92,0,185,0,0,0,,,,0,4,2009-01-01,WD,NORMAL,98000
751,50,RM,55.0,8800,PAVE,GRVL,REG,LVL,ALLPUB,CORNER,GTL,OLDTOWN,NORM,NORM,1FAM,1.5FIN,4,7,1910-01-01,2004-01-01,GABLE,COMPSHG,WD SDNG,WD SDNG,,0.0,TA,TA,BRKTIL,TA,FA,NO,UNF,0,UNF,0,576,576,GASA,GD,Y,SBRKR,792,348,0,1140,0,0,1,0,3,1,TA,7,MIN2,0,,,,,0,0,,,N,0,160,0,0,0,0,,,,0,6,2010-01-01,WD,NORMAL,96500
752,60,RL,,7750,PAVE,,REG,LVL,ALLPUB,INSIDE,GTL,GILBERT,RRAN,NORM,1FAM,2STORY,7,5,2003-01-01,2003-01-01,GABLE,COMPSHG,VINYLSD,VINYLSD,,0.0,GD,TA,PCONC,GD,TA,NO,UNF,0,UNF,0,660,660,GASA,EX,Y,SBRKR,660,660,0,1320,0,0,2,1,3,1,GD,6,TYP,0,,ATTCHD,2003.0,FIN,2,400,TA,TA,Y,0,48,0,0,0,0,,,,0,8,2007-01-01,WD,NORMAL,162000
753,20,RL,79.0,9236,PAVE,,IR1,LVL,ALLPUB,INSIDE,GTL,COLLGCR,NORM,NORM,1FAM,1STORY,6,5,1997-01-01,1997-01-01,GABLE,COMPSHG,VINYLSD,VINYLSD,,0.0,TA,GD,PCONC,GD,TA,GD,GLQ,1200,UNF,0,279,1479,GASA,EX,Y,SBRKR,1494,0,0,1494,1,0,2,0,3,1,GD,6,TYP,0,,ATTCHD,1997.0,RFN,2,576,TA,TA,Y,168,27,0,0,0,0,,,,0,7,2006-01-01,WD,NORMAL,217000
754,60,RL,80.0,10240,PAVE,,REG,LVL,ALLPUB,INSIDE,GTL,NRIDGHT,NORM,NORM,1FAM,2STORY,8,5,2005-01-01,2005-01-01,GABLE,COMPSHG,VINYLSD,VINYLSD,BRKFACE,178.0,GD,TA,PCONC,GD,TA,MN,UNF,0,UNF,0,1030,1030,GASA,GD,Y,SBRKR,1038,1060,0,2098,0,0,2,1,3,1,EX,8,TYP,1,GD,ATTCHD,2005.0,RFN,3,878,TA,TA,Y,192,52,0,0,0,0,,,,0,3,2006-01-01,WD,NORMAL,275500
755,20,RL,61.0,7930,PAVE,,REG,LVL,ALLPUB,INSIDE,GTL,NAMES,NORM,NORM,1FAM,1STORY,6,8,1969-01-01,2005-01-01,GABLE,COMPSHG,PLYWOOD,PLYWOOD,,0.0,TA,TA,CBLOCK,TA,TA,NO,GLQ,439,LWQ,472,115,1026,GASA,GD,Y,SBRKR,1026,0,0,1026,1,0,1,0,3,1,GD,5,TYP,0,,DETCHD,1969.0,RFN,2,440,TA,TA,Y,171,48,0,0,0,0,,,,0,7,2009-01-01,WD,NORMAL,156000
756,160,FV,34.0,3230,PAVE,PAVE,REG,LVL,ALLPUB,INSIDE,GTL,SOMERST,NORM,NORM,TWNHSE,2STORY,6,5,1999-01-01,1999-01-01,GABLE,COMPSHG,METALSD,METALSD,BRKFACE,894.0,TA,TA,PCONC,GD,TA,NO,GLQ,381,UNF,0,348,729,GASA,GD,Y,SBRKR,742,729,0,1471,0,0,2,1,3,1,TA,6,TYP,0,,DETCHD,1999.0,UNF,2,440,TA,TA,Y,0,24,0,0,0,0,,,,0,3,2009-01-01,WD,NORMAL,172500
757,60,RL,68.0,10769,PAVE,,IR1,LVL,ALLPUB,INSIDE,GTL,COLLGCR,NORM,NORM,1FAM,2STORY,8,5,2007-01-01,2007-01-01,GABLE,COMPSHG,VINYLSD,VINYLSD,,0.0,GD,TA,PCONC,GD,TA,AV,GLQ,20,UNF,0,846,866,GASA,EX,Y,SBRKR,866,902,0,1768,0,0,2,1,3,1,GD,7,TYP,0,,ATTCHD,2007.0,RFN,2,578,TA,TA,Y,144,105,0,0,0,0,,,,0,4,2009-01-01,WD,NORMAL,212000
758,60,RL,,11616,PAVE,,IR1,LVL,ALLPUB,CULDSAC,GTL,SAWYER,NORM,NORM,1FAM,2STORY,6,5,1978-01-01,1978-01-01,HIP,COMPSHG,HDBOARD,HDBOARD,BRKCMN,328.0,TA,TA,CBLOCK,TA,TA,MN,REC,438,UNF,0,234,672,GASA,TA,Y,SBRKR,672,714,0,1386,0,0,2,1,3,1,TA,6,TYP,1,TA,ATTCHD,1978.0,FIN,2,440,TA,TA,Y,335,0,0,0,0,0,,GDPRV,,0,4,2010-01-01,WD,ABNORML,158900
759,160,FV,24.0,2280,PAVE,PAVE,REG,LVL,ALLPUB,INSIDE,GTL,SOMERST,NORM,NORM,TWNHS,2STORY,7,5,1999-01-01,1999-01-01,GABLE,COMPSHG,METALSD,METALSD,BRKFACE,360.0,TA,TA,PCONC,GD,TA,NO,ALQ,549,UNF,0,195,744,GASA,GD,Y,SBRKR,757,744,0,1501,0,0,2,1,3,1,TA,6,TYP,0,,DETCHD,1999.0,UNF,2,440,TA,TA,Y,0,0,0,0,0,0,,,,0,8,2008-01-01,WD,NORMAL,179400
760,60,RL,65.0,12257,PAVE,,IR1,LVL,ALLPUB,INSIDE,GTL,NORIDGE,NORM,NORM,1FAM,2STORY,8,5,1995-01-01,1995-01-01,GABLE,COMPSHG,VINYLSD,VINYLSD,BRKFACE,513.0,GD,TA,PCONC,GD,TA,AV,LWQ,56,ALQ,64,1198,1318,GASA,EX,Y,SBRKR,1328,1203,0,2531,0,0,2,1,4,1,GD,9,TYP,1,TA,ATTCHD,1995.0,RFN,3,752,TA,TA,Y,222,98,0,0,0,0,,,,0,11,2007-01-01,WD,NORMAL,290000
761,20,RL,70.0,9100,PAVE,,REG,LVL,ALLPUB,INSIDE,GTL,NAMES,NORM,NORM,1FAM,1STORY,6,6,1959-01-01,1959-01-01,HIP,COMPSHG,WD SDNG,WD SDNG,,0.0,TA,TA,CBLOCK,TA,TA,NO,REC,612,UNF,0,252,864,GASA,EX,Y,SBRKR,864,0,0,864,0,0,1,0,2,1,TA,5,TYP,0,,DETCHD,2008.0,UNF,1,300,EX,EX,Y,0,0,0,0,0,0,,,SHED,450,10,2009-01-01,WD,NORMAL,127500
762,30,RM,60.0,6911,PAVE,,REG,LVL,ALLPUB,FR2,GTL,BRKSIDE,FEEDR,NORM,1FAM,1STORY,5,5,1924-01-01,1950-01-01,GABLE,COMPSHG,WD SDNG,WD SDNG,,0.0,TA,TA,PCONC,TA,TA,MN,LWQ,405,UNF,0,740,1145,GASA,TA,Y,SBRKR,1301,0,0,1301,0,0,1,0,2,1,FA,5,MIN1,0,,DETCHD,1965.0,UNF,2,440,TA,TA,Y,0,0,0,0,0,0,,,,0,10,2009-01-01,WD,NORMAL,100000
763,60,FV,72.0,8640,PAVE,,REG,LVL,ALLPUB,INSIDE,GTL,SOMERST,NORM,NORM,1FAM,2STORY,7,5,2009-01-01,2009-01-01,GABLE,COMPSHG,VINYLSD,VINYLSD,,0.0,TA,TA,PCONC,GD,TA,MN,GLQ,24,UNF,0,732,756,GASA,EX,Y,SBRKR,764,783,0,1547,0,0,2,1,3,1,GD,7,TYP,0,,ATTCHD,2009.0,UNF,2,614,TA,TA,Y,169,45,0,0,0,0,,,,0,6,2010-01-01,CON,NORMAL,215200
764,60,RL,82.0,9430,PAVE,,REG,LVL,ALLPUB,INSIDE,GTL,NORIDGE,NORM,NORM,1FAM,2STORY,8,5,1999-01-01,1999-01-01,GABLE,COMPSHG,VINYLSD,VINYLSD,BRKFACE,673.0,GD,TA,PCONC,GD,TA,MN,GLQ,1163,UNF,0,89,1252,GASA,EX,Y,SBRKR,1268,1097,0,2365,1,0,2,1,3,1,GD,8,TYP,1,GD,ATTCHD,1999.0,RFN,3,856,TA,TA,Y,0,128,0,0,180,0,,,,0,7,2009-01-01,WD,NORMAL,337000
765,120,RL,30.0,9549,PAVE,,IR1,LVL,ALLPUB,CULDSAC,GTL,VEENKER,NORM,NORM,TWNHSE,1STORY,8,5,1995-01-01,1996-01-01,HIP,COMPSHG,BRKFACE,BRKFACE,,0.0,GD,GD,PCONC,GD,GD,AV,LWQ,437,GLQ,1057,0,1494,GASA,EX,Y,SBRKR,1494,0,0,1494,1,0,1,1,2,1,EX,6,TYP,1,GD,ATTCHD,1995.0,FIN,2,481,TA,TA,Y,0,30,0,0,216,0,,,,0,4,2006-01-01,WD,NORMAL,270000
766,20,RL,75.0,14587,PAVE,,IR1,LVL,ALLPUB,INSIDE,GTL,SOMERST,NORM,NORM,1FAM,1STORY,9,5,2008-01-01,2008-01-01,GABLE,COMPSHG,VINYLSD,VINYLSD,STONE,284.0,GD,TA,PCONC,GD,TA,NO,UNF,0,UNF,0,1498,1498,GASA,EX,Y,SBRKR,1506,0,0,1506,0,0,2,0,2,1,EX,6,TYP,1,GD,ATTCHD,2008.0,FIN,2,592,TA,TA,Y,0,174,0,0,0,0,,,,0,8,2008-01-01,NEW,PARTIAL,264132
767,60,RL,80.0,10421,PAVE,,REG,LVL,ALLPUB,INSIDE,GTL,NWAMES,NORM,NORM,1FAM,2STORY,7,5,1988-01-01,1988-01-01,GABLE,COMPSHG,HDBOARD,HDBOARD,BRKFACE,42.0,TA,TA,CBLOCK,GD,TA,NO,GLQ,394,UNF,0,586,980,GASA,TA,Y,SBRKR,980,734,0,1714,0,0,2,1,3,1,TA,7,TYP,1,TA,ATTCHD,1988.0,UNF,2,496,TA,TA,Y,228,66,156,0,0,0,,MNPRV,SHED,500,3,2010-01-01,WD,NORMAL,196500
768,50,RL,75.0,12508,PAVE,,IR1,LVL,ALLPUB,INSIDE,GTL,MITCHEL,NORM,NORM,1FAM,1.5FIN,6,7,1940-01-01,1985-01-01,GABLE,COMPSHG,VINYLSD,VINYLSD,,0.0,TA,TA,CBLOCK,GD,TA,MN,ALQ,660,UNF,0,323,983,GASA,EX,Y,SBRKR,983,767,0,1750,1,0,2,0,4,1,TA,7,MOD,0,,ATTCHD,1989.0,UNF,1,423,TA,TA,Y,245,0,156,0,0,0,,,SHED,1300,7,2008-01-01,WD,NORMAL,160000
769,20,RL,70.0,9100,PAVE,,REG,LVL,ALLPUB,INSIDE,GTL,COLLGCR,NORM,NORM,1FAM,1STORY,7,5,2004-01-01,2005-01-01,HIP,COMPSHG,VINYLSD,VINYLSD,,0.0,GD,TA,PCONC,GD,TA,NO,GLQ,24,UNF,0,1836,1860,GASA,EX,Y,SBRKR,1836,0,0,1836,0,0,2,0,3,1,GD,8,TYP,1,GD,ATTCHD,2004.0,FIN,2,484,TA,TA,Y,120,33,0,0,0,0,,,,0,10,2006-01-01,WD,NORMAL,216837
770,60,RL,47.0,53504,PAVE,,IR2,HLS,ALLPUB,CULDSAC,MOD,STONEBR,NORM,NORM,1FAM,2STORY,8,5,2003-01-01,2003-01-01,HIP,COMPSHG,CEMNTBD,WD SHNG,BRKFACE,603.0,EX,TA,PCONC,GD,TA,GD,ALQ,1416,UNF,0,234,1650,GASA,EX,Y,SBRKR,1690,1589,0,3279,1,0,3,1,4,1,EX,12,MOD,1,GD,BUILTIN,2003.0,FIN,3,841,TA,TA,Y,503,36,0,0,210,0,,,,0,6,2010-01-01,WD,NORMAL,538000
771,85,RL,,7252,PAVE,,IR1,LVL,ALLPUB,CULDSAC,GTL,SAWYER,NORM,NORM,1FAM,SFOYER,5,5,1982-01-01,1982-01-01,HIP,COMPSHG,WD SDNG,WD SDNG,,0.0,TA,TA,CBLOCK,GD,TA,AV,GLQ,685,UNF,0,173,858,GASA,TA,Y,SBRKR,858,0,0,858,1,0,1,0,2,1,TA,5,TYP,0,,DETCHD,1983.0,UNF,2,576,TA,TA,Y,120,0,0,0,0,0,,,,0,4,2009-01-01,WD,NORMAL,134900
772,20,RL,67.0,8877,PAVE,,REG,LVL,ALLPUB,INSIDE,GTL,EDWARDS,NORM,NORM,1FAM,1STORY,4,5,1951-01-01,1951-01-01,GABLE,COMPSHG,WD SDNG,WD SDNG,,0.0,TA,TA,CBLOCK,FA,FA,NO,LWQ,836,UNF,0,0,836,GASA,TA,Y,FUSEF,1220,0,0,1220,0,0,1,0,2,1,TA,6,TYP,0,,DETCHD,1951.0,UNF,2,396,TA,TA,Y,0,0,0,0,0,0,,,,0,4,2006-01-01,COD,NORMAL,102000
773,80,RL,94.0,7819,PAVE,,REG,LVL,ALLPUB,INSIDE,GTL,EDWARDS,NORM,NORM,1FAM,SLVL,6,5,1976-01-01,1976-01-01,GABLE,COMPSHG,PLYWOOD,PLYWOOD,,0.0,TA,TA,CBLOCK,TA,TA,AV,ALQ,422,BLQ,127,480,1029,GASA,TA,Y,SBRKR,1117,0,0,1117,1,0,1,0,3,1,TA,6,TYP,1,TA,DETCHD,1976.0,UNF,2,672,TA,TA,Y,144,0,0,0,0,0,,MNPRV,,0,3,2010-01-01,WD,ABNORML,107000
774,20,RL,70.0,10150,PAVE,,REG,LVL,ALLPUB,INSIDE,GTL,NAMES,FEEDR,NORM,1FAM,1STORY,5,5,1958-01-01,1958-01-01,GABLE,COMPSHG,WD SDNG,WD SDNG,,1.0,TA,TA,CBLOCK,TA,TA,NO,REC,456,UNF,0,456,912,GASA,EX,Y,FUSEA,912,0,0,912,0,0,1,0,2,1,TA,5,TYP,0,,ATTCHD,1958.0,RFN,1,275,TA,TA,Y,0,0,0,0,0,0,,,,0,7,2007-01-01,COD,NORMAL,114500
775,20,RL,110.0,14226,PAVE,,REG,LVL,ALLPUB,CORNER,GTL,NRIDGHT,NORM,NORM,1FAM,1STORY,8,5,2006-01-01,2006-01-01,HIP,COMPSHG,VINYLSD,VINYLSD,BRKFACE,375.0,GD,TA,PCONC,GD,TA,AV,UNF,0,UNF,0,1935,1935,GASA,GD,Y,SBRKR,1973,0,0,1973,0,0,2,0,3,1,GD,9,TYP,1,GD,ATTCHD,2006.0,FIN,3,895,TA,TA,Y,315,45,0,0,0,0,,,,0,7,2007-01-01,NEW,PARTIAL,395000
776,120,RM,32.0,4500,PAVE,,REG,LVL,ALLPUB,FR2,GTL,MITCHEL,NORM,NORM,TWNHSE,1STORY,6,5,1998-01-01,1998-01-01,HIP,COMPSHG,VINYLSD,VINYLSD,BRKFACE,320.0,TA,TA,PCONC,EX,TA,NO,GLQ,866,UNF,0,338,1204,GASA,EX,Y,SBRKR,1204,0,0,1204,1,0,2,0,2,1,TA,5,TYP,0,,ATTCHD,1998.0,FIN,2,412,TA,TA,Y,0,247,0,0,0,0,,,,0,6,2009-01-01,WD,NORMAL,162000
777,20,RL,86.0,11210,PAVE,,IR1,LVL,ALLPUB,INSIDE,GTL,COLLGCR,NORM,NORM,1FAM,1STORY,7,5,2005-01-01,2006-01-01,GABLE,COMPSHG,VINYLSD,VINYLSD,BRKFACE,240.0,GD,TA,PCONC,GD,TA,AV,GLQ,20,UNF,0,1594,1614,GASA,EX,Y,SBRKR,1614,0,0,1614,0,0,2,0,3,1,GD,7,TYP,0,,ATTCHD,2005.0,RFN,3,865,TA,TA,Y,144,59,0,0,0,0,,,,0,7,2006-01-01,NEW,PARTIAL,221500
778,20,RL,100.0,13350,PAVE,,IR1,LVL,ALLPUB,INSIDE,GTL,SAWYER,NORM,NORM,1FAM,1STORY,5,5,1974-01-01,1974-01-01,HIP,COMPSHG,HDBOARD,PLYWOOD,,0.0,TA,TA,CBLOCK,TA,TA,NO,ALQ,762,UNF,0,102,864,GASA,TA,Y,SBRKR,894,0,0,894,1,0,1,0,3,1,TA,5,TYP,1,FA,ATTCHD,1974.0,UNF,2,440,TA,TA,Y,241,0,0,0,0,0,,MNPRV,,0,6,2006-01-01,WD,NORMAL,142500
779,90,RH,60.0,8400,PAVE,,REG,LVL,ALLPUB,INSIDE,GTL,SAWYERW,FEEDR,NORM,DUPLEX,1STORY,5,5,1977-01-01,1977-01-01,GABLE,COMPSHG,PLYWOOD,PLYWOOD,BRKFACE,320.0,TA,TA,SLAB,,,,,0,,0,0,0,GASA,TA,Y,SBRKR,2020,0,0,2020,0,0,2,0,4,2,TA,10,TYP,2,TA,DETCHD,1977.0,UNF,2,630,TA,TA,Y,0,0,0,0,0,0,,,,0,10,2007-01-01,WD,NORMAL,144000
780,90,RL,78.0,10530,PAVE,,REG,LVL,ALLPUB,INSIDE,GTL,MITCHEL,NORM,NORM,DUPLEX,SFOYER,6,5,1977-01-01,1977-01-01,GABLE,COMPSHG,PLYWOOD,IMSTUCC,BRKFACE,90.0,TA,TA,CBLOCK,GD,TA,GD,GLQ,975,UNF,0,0,975,GASA,TA,Y,SBRKR,1004,0,0,1004,1,0,1,0,2,1,TA,4,TYP,0,,ATTCHD,1977.0,UNF,2,504,TA,TA,Y,0,0,0,0,0,0,,,,0,5,2006-01-01,WD,NORMAL,135000
781,20,RL,63.0,7875,PAVE,,REG,LVL,ALLPUB,INSIDE,GTL,GILBERT,NORM,NORM,1FAM,1STORY,7,5,1995-01-01,1996-01-01,GABLE,COMPSHG,HDBOARD,HDBOARD,BRKFACE,38.0,TA,TA,PCONC,GD,GD,NO,UNF,0,UNF,0,1237,1237,GASA,GD,Y,SBRKR,1253,0,0,1253,0,0,2,0,3,1,TA,6,TYP,1,TA,ATTCHD,1995.0,FIN,2,402,TA,TA,Y,220,21,0,0,0,0,,,,0,6,2007-01-01,WD,NORMAL,176000
782,60,RL,65.0,7153,PAVE,,REG,LVL,ALLPUB,INSIDE,GTL,SAWYERW,NORM,NORM,1FAM,2STORY,6,5,1992-01-01,1992-01-01,GABLE,COMPSHG,VINYLSD,VINYLSD,,0.0,GD,GD,PCONC,GD,TA,NO,ALQ,387,UNF,0,374,761,GASA,EX,Y,SBRKR,810,793,0,1603,0,0,2,1,3,1,GD,7,TYP,0,,ATTCHD,1992.0,RFN,2,484,TA,TA,Y,0,124,0,0,0,0,,,,0,7,2006-01-01,WD,NORMAL,175900
783,20,RL,67.0,16285,PAVE,,IR2,LVL,ALLPUB,INSIDE,GTL,COLLGCR,NORM,NORM,1FAM,1STORY,7,5,2001-01-01,2002-01-01,GABLE,COMPSHG,VINYLSD,VINYLSD,,0.0,GD,TA,PCONC,GD,TA,NO,UNF,0,UNF,0,1413,1413,GASA,EX,Y,SBRKR,1430,0,0,1430,0,0,2,0,3,1,GD,6,TYP,0,,ATTCHD,2001.0,RFN,2,605,TA,TA,Y,0,33,0,0,0,0,,,,0,6,2009-01-01,WD,NORMAL,187100
784,85,RL,,9101,PAVE,,IR1,LVL,ALLPUB,CORNER,GTL,MITCHEL,NORM,NORM,1FAM,SFOYER,5,6,1978-01-01,1978-01-01,GABLE,COMPSHG,PLYWOOD,PLYWOOD,BRKFACE,104.0,TA,GD,PCONC,GD,TA,AV,GLQ,1097,UNF,0,0,1097,GASA,EX,Y,SBRKR,1110,0,0,1110,1,0,1,0,1,1,GD,4,TYP,1,TA,ATTCHD,1978.0,FIN,2,602,TA,TA,Y,303,30,0,0,0,0,,,,0,7,2009-01-01,WD,NORMAL,165500
785,75,RM,35.0,6300,PAVE,GRVL,REG,LVL,ALLPUB,INSIDE,GTL,OLDTOWN,NORM,NORM,1FAM,2.5UNF,6,6,1914-01-01,2001-01-01,GABLE,COMPSHG,WD SDNG,WD SHNG,,0.0,TA,TA,CBLOCK,TA,TA,NO,UNF,0,UNF,0,742,742,GASA,EX,Y,SBRKR,742,742,0,1484,0,0,2,0,3,1,TA,9,TYP,1,GD,,,,0,0,,,Y,0,291,134,0,0,0,,,,0,6,2008-01-01,WD,NORMAL,128000
786,20,RL,,9790,PAVE,,REG,LVL,ALLPUB,INSIDE,GTL,NWAMES,FEEDR,NORM,1FAM,1STORY,6,5,1967-01-01,1967-01-01,GABLE,COMPSHG,BRKFACE,WD SDNG,,0.0,TA,TA,CBLOCK,TA,TA,NO,REC,251,LWQ,630,491,1372,GASA,TA,Y,SBRKR,1342,0,0,1342,0,0,2,0,3,1,TA,7,TYP,1,GD,ATTCHD,1967.0,UNF,2,457,TA,TA,Y,0,0,0,0,197,0,,,,0,9,2009-01-01,WD,NORMAL,161500
787,50,RM,60.0,10800,PAVE,,REG,LVL,ALLPUB,INSIDE,GTL,OLDTOWN,ARTERY,NORM,1FAM,1.5FIN,5,6,1915-01-01,1950-01-01,GABLE,COMPSHG,METALSD,METALSD,,0.0,TA,GD,PCONC,FA,TA,NO,LWQ,686,UNF,0,0,686,GASA,TA,Y,SBRKR,966,686,0,1652,1,0,2,0,4,1,TA,7,TYP,0,,DETCHD,1961.0,UNF,1,416,TA,TA,Y,0,0,196,0,0,0,,,SHED,1200,6,2010-01-01,WD,NORMAL,139000
788,60,RL,76.0,10142,PAVE,,IR1,LVL,ALLPUB,INSIDE,GTL,SAWYERW,NORM,NORM,1FAM,2STORY,7,5,2004-01-01,2004-01-01,GABLE,COMPSHG,VINYLSD,VINYLSD,,0.0,GD,TA,PCONC,GD,TA,NO,GLQ,656,UNF,0,300,956,GASA,EX,Y,SBRKR,956,1128,0,2084,1,0,2,1,4,1,GD,8,TYP,0,,BUILTIN,2004.0,RFN,2,618,TA,TA,Y,0,45,0,0,0,0,,,,0,1,2010-01-01,WD,NORMAL,233000
789,20,RM,50.0,6000,PAVE,,REG,LVL,ALLPUB,CORNER,GTL,OLDTOWN,NORM,NORM,1FAM,1STORY,4,7,1954-01-01,2000-01-01,GABLE,COMPSHG,METALSD,METALSD,,0.0,TA,TA,CBLOCK,TA,TA,NO,UNF,0,UNF,0,901,901,GASA,EX,Y,SBRKR,901,0,0,901,0,0,1,0,2,1,TA,4,TYP,0,,DETCHD,1954.0,UNF,1,281,FA,TA,Y,0,0,0,0,0,0,,,,0,8,2008-01-01,WD,NORMAL,107900
790,60,RL,,12205,PAVE,,IR1,LOW,ALLPUB,INSIDE,GTL,CLEARCR,NORM,NORM,1FAM,2STORY,6,8,1966-01-01,2007-01-01,GABLE,COMPSHG,HDBOARD,HDBOARD,BRKFACE,157.0,TA,TA,CBLOCK,TA,FA,GD,LWQ,568,UNF,0,264,832,GASA,GD,Y,SBRKR,976,1111,0,2087,0,0,2,1,5,1,GD,9,TYP,0,,ATTCHD,1966.0,FIN,2,444,TA,TA,Y,133,168,0,0,0,0,,,,0,7,2007-01-01,WD,NORMAL,187500
791,120,RL,43.0,3182,PAVE,,REG,LVL,ALLPUB,INSIDE,GTL,BLMNGTN,NORM,NORM,TWNHSE,1STORY,7,5,2005-01-01,2006-01-01,GABLE,COMPSHG,VINYLSD,VINYLSD,BRKFACE,11.0,GD,TA,PCONC,GD,TA,NO,GLQ,16,UNF,0,1129,1145,GASA,EX,Y,SBRKR,1145,0,0,1145,0,0,2,0,2,1,GD,5,TYP,1,GD,ATTCHD,2005.0,FIN,2,397,TA,TA,Y,100,16,0,0,0,0,,,,0,9,2009-01-01,WD,NORMAL,160200
792,80,RL,,11333,PAVE,,IR1,LVL,ALLPUB,CORNER,GTL,MITCHEL,NORM,NORM,1FAM,SLVL,6,5,1976-01-01,1976-01-01,GABLE,COMPSHG,HDBOARD,HDBOARD,,0.0,TA,TA,PCONC,GD,TA,AV,ALQ,539,UNF,0,490,1029,GASA,TA,Y,SBRKR,1062,0,0,1062,1,0,1,0,3,1,TA,5,TYP,2,TA,ATTCHD,1976.0,RFN,2,539,TA,TA,Y,120,0,0,0,0,0,,,,0,5,2007-01-01,WD,NORMAL,146800
793,60,RL,92.0,9920,PAVE,,IR1,LVL,ALLPUB,CULDSAC,GTL,NORIDGE,NORM,NORM,1FAM,2STORY,7,5,1996-01-01,1997-01-01,GABLE,COMPSHG,METALSD,METALSD,,0.0,GD,TA,PCONC,GD,TA,AV,GLQ,862,UNF,0,255,1117,GASA,EX,Y,SBRKR,1127,886,0,2013,1,0,2,1,3,1,TA,8,TYP,1,TA,ATTCHD,1997.0,UNF,2,455,TA,TA,Y,180,130,0,0,0,0,,,,0,6,2007-01-01,WD,NORMAL,269790
794,20,RL,76.0,9158,PAVE,,REG,LVL,ALLPUB,INSIDE,GTL,SOMERST,NORM,NORM,1FAM,1STORY,8,5,2007-01-01,2007-01-01,GABLE,COMPSHG,CEMNTBD,CMENTBD,STONE,140.0,GD,TA,PCONC,GD,TA,AV,UNF,0,UNF,0,1496,1496,GASA,EX,Y,SBRKR,1496,0,0,1496,0,0,2,0,3,1,GD,7,TYP,0,,ATTCHD,2007.0,FIN,2,474,TA,TA,Y,168,130,0,0,0,0,,,,0,6,2007-01-01,NEW,PARTIAL,225000
795,60,RL,,10832,PAVE,,IR1,LVL,ALLPUB,CORNER,GTL,GILBERT,NORM,NORM,1FAM,2STORY,7,5,1994-01-01,1996-01-01,GABLE,COMPSHG,METALSD,METALSD,,0.0,GD,TA,PCONC,GD,TA,NO,UNF,0,UNF,0,712,712,GASA,EX,Y,SBRKR,1086,809,0,1895,0,0,2,1,3,1,GD,7,TYP,1,TA,ATTCHD,1994.0,FIN,2,409,TA,TA,Y,143,46,0,0,0,0,,,SHED,500,10,2008-01-01,WD,NORMAL,194500
796,60,RL,70.0,8400,PAVE,,REG,LVL,ALLPUB,INSIDE,GTL,SAWYERW,NORM,NORM,1FAM,2STORY,6,6,1980-01-01,1981-01-01,GABLE,COMPSHG,HDBOARD,HDBOARD,BRKFACE,130.0,TA,TA,CBLOCK,GD,TA,NO,UNF,0,UNF,0,650,650,GASA,TA,Y,SBRKR,888,676,0,1564,0,0,2,1,3,1,TA,7,TYP,1,TA,ATTCHD,1980.0,UNF,2,476,TA,TA,Y,0,50,0,0,204,0,,MNPRV,,0,4,2010-01-01,WD,NORMAL,171000
797,20,RL,71.0,8197,PAVE,,REG,LVL,ALLPUB,INSIDE,GTL,SAWYER,NORM,NORM,1FAM,1STORY,6,5,1977-01-01,1977-01-01,GABLE,COMPSHG,PLYWOOD,PLYWOOD,BRKFACE,148.0,TA,TA,CBLOCK,TA,TA,NO,UNF,0,UNF,0,660,660,GASA,EX,Y,SBRKR,1285,0,0,1285,0,0,1,1,3,1,TA,7,TYP,1,TA,ATTCHD,1977.0,RFN,2,528,TA,TA,Y,138,0,0,0,0,0,,MNPRV,,0,4,2007-01-01,WD,NORMAL,143500
798,20,RL,57.0,7677,PAVE,,REG,LVL,ALLPUB,INSIDE,GTL,NAMES,NORM,NORM,1FAM,1STORY,5,5,1953-01-01,1953-01-01,GABLE,COMPSHG,VINYLSD,VINYLSD,,0.0,TA,TA,CBLOCK,TA,TA,NO,BLQ,570,UNF,0,203,773,GASA,GD,Y,SBRKR,773,0,0,773,0,0,1,0,2,1,TA,4,TYP,0,,ATTCHD,1953.0,UNF,1,240,TA,TA,Y,0,0,0,0,0,0,,,,0,4,2008-01-01,WD,ABNORML,110000
799,60,RL,104.0,13518,PAVE,,REG,LVL,ALLPUB,INSIDE,GTL,NRIDGHT,NORM,NORM,1FAM,2STORY,9,5,2008-01-01,2009-01-01,HIP,COMPSHG,VINYLSD,VINYLSD,STONE,860.0,EX,TA,PCONC,EX,TA,NO,UNF,0,UNF,0,1926,1926,GASA,EX,Y,SBRKR,1966,1174,0,3140,0,0,3,1,4,1,EX,11,TYP,2,GD,BUILTIN,2009.0,FIN,3,820,TA,TA,Y,144,78,0,0,0,0,,,,0,7,2009-01-01,NEW,PARTIAL,485000
800,50,RL,60.0,7200,PAVE,,REG,LVL,ALLPUB,CORNER,GTL,SWISU,FEEDR,NORM,1FAM,1.5FIN,5,7,1937-01-01,1950-01-01,GABLE,COMPSHG,WD SDNG,WD SDNG,BRKFACE,252.0,TA,TA,BRKTIL,GD,TA,NO,ALQ,569,UNF,0,162,731,GASA,EX,Y,SBRKR,981,787,0,1768,1,0,1,1,3,1,GD,7,TYP,2,TA,DETCHD,1939.0,UNF,1,240,TA,TA,Y,0,0,264,0,0,0,,MNPRV,,0,6,2007-01-01,WD,NORMAL,175000
801,60,RL,79.0,12798,PAVE,,IR1,HLS,ALLPUB,INSIDE,MOD,CLEARCR,FEEDR,NORM,1FAM,2STORY,6,5,1997-01-01,1997-01-01,GABLE,COMPSHG,VINYLSD,VINYLSD,,0.0,TA,TA,PCONC,GD,TA,GD,GLQ,462,UNF,0,154,616,GASA,GD,Y,SBRKR,616,1072,0,1688,1,0,2,1,4,1,GD,8,TYP,0,,ATTCHD,1997.0,RFN,2,603,TA,TA,Y,403,114,185,0,0,0,,,SHED,400,5,2008-01-01,WD,NORMAL,200000
802,30,RM,40.0,4800,PAVE,,REG,LVL,ALLPUB,INSIDE,GTL,IDOTRR,NORM,NORM,1FAM,1STORY,4,7,1916-01-01,1990-01-01,GABLE,COMPSHG,METALSD,METALSD,,0.0,TA,TA,CBLOCK,TA,TA,NO,LWQ,197,UNF,0,999,1196,GASA,EX,Y,FUSEA,1196,0,0,1196,1,0,1,0,2,1,TA,5,TYP,0,,DETCHD,1957.0,UNF,2,440,TA,TA,Y,0,0,0,0,0,0,,,,0,7,2007-01-01,WD,NORMAL,109900
803,60,RL,63.0,8199,PAVE,,REG,LVL,ALLPUB,INSIDE,GTL,COLLGCR,NORM,NORM,1FAM,2STORY,7,5,2005-01-01,2005-01-01,GABLE,COMPSHG,WDSHING,WD SHNG,,0.0,GD,TA,PCONC,GD,TA,AV,GLQ,648,UNF,0,80,728,GASA,EX,Y,SBRKR,728,728,0,1456,1,0,2,1,3,1,GD,7,TYP,1,GD,ATTCHD,2005.0,FIN,2,410,TA,TA,Y,36,18,0,0,0,0,,,,0,10,2008-01-01,WD,NORMAL,189000
804,60,RL,107.0,13891,PAVE,,REG,LVL,ALLPUB,INSIDE,GTL,NRIDGHT,NORM,NORM,1FAM,2STORY,9,5,2008-01-01,2009-01-01,HIP,COMPSHG,VINYLSD,VINYLSD,STONE,424.0,EX,TA,PCONC,EX,TA,GD,UNF,0,UNF,0,1734,1734,GASA,EX,Y,SBRKR,1734,1088,0,2822,0,0,3,1,4,1,EX,12,TYP,1,GD,BUILTIN,2009.0,RFN,3,1020,TA,TA,Y,52,170,0,0,192,0,,,,0,1,2009-01-01,NEW,PARTIAL,582933
805,20,RL,75.0,9000,PAVE,,REG,LVL,ALLPUB,INSIDE,GTL,NAMES,NORM,NORM,1FAM,1STORY,5,5,1954-01-01,1954-01-01,GABLE,COMPSHG,WD SDNG,WD SDNG,,0.0,TA,TA,CBLOCK,TA,TA,NO,LWQ,812,UNF,0,124,936,GASA,TA,Y,SBRKR,1128,0,0,1128,0,0,1,0,2,1,TA,5,MIN1,0,,ATTCHD,1954.0,UNF,1,286,TA,TA,Y,0,0,0,0,0,0,,GDWO,,0,6,2006-01-01,WD,FAMILY,118000
806,20,RL,91.0,12274,PAVE,,IR1,LVL,ALLPUB,FR2,GTL,SOMERST,NORM,NORM,1FAM,1STORY,7,5,2008-01-01,2008-01-01,GABLE,COMPSHG,VINYLSD,VINYLSD,STONE,256.0,GD,TA,PCONC,GD,TA,NO,UNF,0,UNF,0,1417,1417,GASA,EX,Y,SBRKR,1428,0,0,1428,0,0,2,0,3,1,EX,6,TYP,0,,ATTCHD,2008.0,RFN,2,554,TA,TA,Y,0,60,0,0,0,0,,,,0,7,2008-01-01,NEW,PARTIAL,227680
807,80,RL,75.0,9750,PAVE,,REG,LVL,ALLPUB,INSIDE,GTL,NAMES,NORM,NORM,1FAM,SLVL,5,5,1967-01-01,1967-01-01,GABLE,COMPSHG,VINYLSD,VINYLSD,,0.0,TA,TA,PCONC,TA,TA,AV,ALQ,400,REC,480,100,980,GASA,GD,Y,SBRKR,980,0,0,980,0,0,2,0,3,1,TA,6,TYP,0,,ATTCHD,1967.0,FIN,1,384,TA,TA,Y,68,0,0,0,0,0,,,,0,10,2006-01-01,WD,NORMAL,135500
808,70,RL,144.0,21384,PAVE,,REG,LVL,ALLPUB,INSIDE,GTL,BRKSIDE,NORM,NORM,1FAM,2STORY,5,6,1923-01-01,2004-01-01,GABLE,COMPSHG,WD SDNG,WD SDNG,,0.0,TA,TA,CBLOCK,TA,TA,GD,GLQ,1309,UNF,0,15,1324,GASA,EX,Y,SBRKR,1072,504,0,1576,2,0,1,1,3,1,GD,6,TYP,1,TA,ATTCHD,1923.0,RFN,2,528,TA,TA,Y,0,312,0,0,0,0,,,,0,5,2009-01-01,WD,NORMAL,223500
809,80,RL,85.0,13400,PAVE,,REG,LVL,ALLPUB,INSIDE,GTL,NAMES,NORM,NORM,1FAM,SLVL,5,5,1966-01-01,1966-01-01,GABLE,COMPSHG,VINYLSD,VINYLSD,BRKFACE,1047.0,TA,TA,CBLOCK,TA,TA,AV,ALQ,516,BLQ,128,380,1024,GASA,TA,Y,SBRKR,1086,0,0,1086,1,0,1,0,3,1,TA,6,TYP,1,GD,ATTCHD,1966.0,RFN,2,484,TA,TA,Y,0,0,0,0,0,0,,GDWO,,0,6,2006-01-01,WD,NORMAL,159950
810,75,RM,90.0,8100,PAVE,,REG,LVL,ALLPUB,CORNER,GTL,OLDTOWN,NORM,NORM,1FAM,2.5UNF,5,5,1898-01-01,1965-01-01,HIP,COMPSHG,ASBSHNG,ASBSHNG,,0.0,TA,TA,PCONC,TA,TA,NO,UNF,0,UNF,0,849,849,GASA,TA,N,FUSEA,1075,1063,0,2138,0,0,2,0,2,3,TA,11,TYP,0,,DETCHD,1910.0,UNF,2,360,FA,PO,N,40,156,0,0,0,0,,MNPRV,,0,11,2009-01-01,WD,NORMAL,106000
811,20,RL,78.0,10140,PAVE,,REG,LVL,ALLPUB,INSIDE,GTL,NWAMES,NORM,NORM,1FAM,1STORY,6,6,1974-01-01,1999-01-01,HIP,COMPSHG,HDBOARD,HDBOARD,BRKFACE,99.0,TA,TA,CBLOCK,TA,TA,NO,ALQ,663,LWQ,377,0,1040,GASA,FA,Y,SBRKR,1309,0,0,1309,1,0,1,1,3,1,GD,5,TYP,1,FA,ATTCHD,1974.0,RFN,2,484,TA,TA,Y,265,0,0,0,0,648,FA,GDPRV,,0,1,2006-01-01,WD,NORMAL,181000
812,120,RM,,4438,PAVE,,REG,LVL,ALLPUB,INSIDE,GTL,COLLGCR,NORM,NORM,TWNHSE,1STORY,6,5,2004-01-01,2004-01-01,GABLE,COMPSHG,VINYLSD,VINYLSD,BRKFACE,169.0,GD,TA,PCONC,GD,TA,GD,GLQ,662,UNF,0,186,848,GASA,EX,Y,SBRKR,848,0,0,848,1,0,1,0,1,1,GD,4,TYP,1,GD,ATTCHD,2004.0,FIN,2,420,TA,TA,Y,140,0,0,0,0,0,,,,0,6,2008-01-01,CONLD,NORMAL,144500
813,20,C (ALL),66.0,8712,GRVL,,REG,BNK,ALLPUB,INSIDE,MOD,IDOTRR,NORM,NORM,1FAM,1STORY,5,5,1952-01-01,1952-01-01,HIP,COMPSHG,WD SDNG,WD SDNG,,0.0,FA,TA,CBLOCK,TA,TA,AV,UNF,0,UNF,0,540,540,GASA,TA,N,FUSEA,1044,0,0,1044,0,0,1,0,2,1,FA,4,TYP,0,,BASMENT,1952.0,UNF,2,504,TA,TA,N,0,0,0,0,0,0,,,SHED,54,6,2010-01-01,WD,ALLOCA,55993
814,20,RL,75.0,9750,PAVE,,REG,LVL,ALLPUB,INSIDE,GTL,NAMES,NORM,NORM,1FAM,1STORY,6,6,1958-01-01,1958-01-01,GABLE,COMPSHG,METALSD,METALSD,BRKFACE,243.0,TA,TA,CBLOCK,TA,TA,NO,REC,608,UNF,0,834,1442,GASA,GD,Y,SBRKR,1442,0,0,1442,0,0,1,1,4,1,TA,7,TYP,0,,ATTCHD,1958.0,RFN,1,301,TA,TA,Y,0,0,275,0,0,0,,,SHED,500,4,2007-01-01,COD,NORMAL,157900
815,50,RL,45.0,8248,PAVE,GRVL,REG,LVL,ALLPUB,INSIDE,GTL,EDWARDS,NORM,NORM,1FAM,1.5FIN,5,7,1918-01-01,1950-01-01,GABLE,COMPSHG,STUCCO,STUCCO,,0.0,TA,TA,BRKTIL,TA,TA,NO,UNF,0,UNF,0,686,686,GASW,GD,Y,SBRKR,686,564,0,1250,0,1,1,1,3,1,FA,7,TYP,0,,DETCHD,1955.0,UNF,1,280,TA,TA,P,207,0,96,0,0,0,,,,0,7,2006-01-01,WD,NORMAL,116000
816,20,RL,48.0,12137,PAVE,,IR2,LVL,ALLPUB,CULDSAC,GTL,COLLGCR,NORM,NORM,1FAM,1STORY,7,5,1998-01-01,1998-01-01,GABLE,COMPSHG,VINYLSD,VINYLSD,BRKFACE,442.0,TA,TA,PCONC,GD,TA,NO,UNF,0,UNF,0,1649,1649,GASA,EX,Y,SBRKR,1661,0,0,1661,0,0,2,0,3,1,GD,6,TYP,0,,ATTCHD,1998.0,RFN,2,598,TA,TA,Y,0,34,0,0,0,0,,,,0,5,2010-01-01,WD,NORMAL,224900
817,20,RL,,11425,PAVE,,IR1,LVL,ALLPUB,CORNER,GTL,NAMES,NORM,NORM,1FAM,1STORY,5,6,1954-01-01,1954-01-01,GABLE,COMPSHG,BRKFACE,BRKFACE,,0.0,TA,TA,CBLOCK,TA,TA,NO,BLQ,486,UNF,0,522,1008,GASA,GD,Y,SBRKR,1008,0,0,1008,0,0,1,0,2,1,TA,4,TYP,1,GD,ATTCHD,1954.0,RFN,1,275,TA,TA,Y,0,0,120,0,0,0,,,,0,7,2006-01-01,WD,NORMAL,137000
818,20,RL,,13265,PAVE,,IR1,LVL,ALLPUB,CULDSAC,GTL,MITCHEL,NORM,NORM,1FAM,1STORY,8,5,2002-01-01,2002-01-01,HIP,COMPSHG,CEMNTBD,CMENTBD,BRKFACE,148.0,GD,TA,PCONC,GD,TA,NO,GLQ,1218,UNF,0,350,1568,GASA,EX,Y,SBRKR,1689,0,0,1689,1,0,2,0,3,1,GD,7,TYP,2,GD,ATTCHD,2002.0,RFN,3,857,TA,TA,Y,150,59,0,0,0,0,,,,0,7,2008-01-01,WD,NORMAL,271000
819,80,RL,80.0,8816,PAVE,,REG,LVL,ALLPUB,INSIDE,GTL,CLEARCR,NORM,NORM,1FAM,SLVL,6,7,1971-01-01,1971-01-01,GABLE,COMPSHG,HDBOARD,HDBOARD,BRKFACE,80.0,TA,TA,CBLOCK,TA,TA,AV,GLQ,504,UNF,0,506,1010,GASA,GD,Y,SBRKR,1052,0,0,1052,1,0,1,0,3,1,TA,6,TYP,0,,ATTCHD,1971.0,UNF,2,440,TA,TA,Y,0,0,0,0,0,0,,MNPRV,,0,6,2010-01-01,WD,NORMAL,155000
820,120,RL,44.0,6371,PAVE,,IR1,LVL,ALLPUB,INSIDE,GTL,NRIDGHT,NORM,NORM,TWNHSE,1STORY,7,5,2009-01-01,2010-01-01,GABLE,COMPSHG,VINYLSD,VINYLSD,STONE,128.0,GD,TA,PCONC,GD,TA,MN,GLQ,733,UNF,0,625,1358,GASA,EX,Y,SBRKR,1358,0,0,1358,1,0,2,0,2,1,GD,6,TYP,1,GD,ATTCHD,2010.0,RFN,2,484,TA,TA,Y,192,35,0,0,0,0,,,,0,6,2010-01-01,NEW,PARTIAL,224000
821,60,RL,72.0,7226,PAVE,,IR1,LVL,ALLPUB,CULDSAC,GTL,COLLGCR,NORM,NORM,1FAM,2STORY,7,5,2003-01-01,2003-01-01,GABLE,COMPSHG,VINYLSD,VINYLSD,,0.0,GD,TA,PCONC,GD,TA,NO,UNF,0,UNF,0,798,798,GASA,EX,Y,SBRKR,798,842,0,1640,0,0,2,1,3,1,GD,6,TYP,0,,ATTCHD,2003.0,RFN,2,595,TA,TA,Y,0,45,0,0,0,0,,,,0,6,2008-01-01,WD,NORMAL,183000
822,20,RM,60.0,6000,PAVE,PAVE,REG,BNK,ALLPUB,INSIDE,MOD,OLDTOWN,NORM,NORM,2FMCON,1STORY,4,4,1953-01-01,1953-01-01,GABLE,COMPSHG,METALSD,METALSD,,0.0,FA,TA,CBLOCK,FA,TA,NO,UNF,0,UNF,0,936,936,GASA,TA,N,SBRKR,936,0,0,936,0,0,1,0,2,1,TA,4,MIN2,0,,DETCHD,1974.0,UNF,2,576,TA,TA,Y,0,32,112,0,0,0,,,,0,2,2009-01-01,WD,NORMAL,93000
823,60,RL,,12394,PAVE,,IR1,LVL,ALLPUB,CORNER,GTL,GILBERT,NORM,NORM,1FAM,2STORY,7,5,2003-01-01,2003-01-01,GABLE,COMPSHG,VINYLSD,VINYLSD,,0.0,GD,TA,PCONC,GD,TA,GD,UNF,0,UNF,0,847,847,GASA,EX,Y,SBRKR,847,886,0,1733,0,0,2,1,3,1,GD,7,TYP,1,GD,BUILTIN,2003.0,FIN,2,433,TA,TA,Y,100,48,0,0,0,0,,,,0,10,2007-01-01,WD,FAMILY,225000
824,50,RL,60.0,9900,PAVE,,REG,LVL,ALLPUB,INSIDE,GTL,SWISU,NORM,NORM,1FAM,1.5FIN,6,7,1940-01-01,1950-01-01,GABLE,COMPSHG,VINYLSD,VINYLSD,,0.0,TA,TA,BRKTIL,TA,TA,NO,UNF,0,UNF,0,778,778,GASA,TA,Y,SBRKR,944,545,0,1489,0,0,2,0,3,1,TA,7,TYP,1,GD,DETCHD,1940.0,UNF,1,240,TA,TA,Y,335,0,0,0,0,0,,GDWO,,0,7,2009-01-01,WD,NORMAL,139500
825,20,FV,81.0,11216,PAVE,,REG,LVL,ALLPUB,INSIDE,GTL,SOMERST,NORM,NORM,1FAM,1STORY,8,5,2006-01-01,2006-01-01,GABLE,COMPSHG,VINYLSD,VINYLSD,,0.0,GD,TA,PCONC,GD,GD,NO,UNF,0,UNF,0,1489,1489,GASA,EX,Y,SBRKR,1489,0,0,1489,0,0,2,0,3,1,GD,7,TYP,1,GD,ATTCHD,2006.0,RFN,2,776,TA,TA,Y,0,140,0,0,0,0,,,,0,6,2006-01-01,NEW,PARTIAL,232600
826,20,RL,114.0,14803,PAVE,,REG,LVL,ALLPUB,INSIDE,GTL,NRIDGHT,POSN,POSN,1FAM,1STORY,10,5,2007-01-01,2008-01-01,HIP,COMPSHG,CEMNTBD,CMENTBD,BRKFACE,816.0,EX,TA,PCONC,EX,TA,AV,GLQ,1636,UNF,0,442,2078,GASA,EX,Y,SBRKR,2084,0,0,2084,1,0,2,0,2,1,EX,7,TYP,1,GD,ATTCHD,2007.0,FIN,3,1220,TA,TA,Y,188,45,0,0,0,0,,,,0,6,2008-01-01,NEW,PARTIAL,385000
827,45,RM,50.0,6130,PAVE,,REG,LVL,ALLPUB,INSIDE,GTL,BRKSIDE,NORM,NORM,1FAM,1.5UNF,5,6,1924-01-01,1950-01-01,GABLE,COMPSHG,METALSD,METALSD,,0.0,TA,TA,BRKTIL,TA,TA,NO,ALQ,784,UNF,0,0,784,GASA,GD,Y,SBRKR,784,0,0,784,1,0,1,0,2,1,GD,5,TYP,0,,,,,0,0,,,Y,0,0,116,0,0,0,,,,0,5,2008-01-01,WD,NORMAL,109500
828,20,RL,65.0,8529,PAVE,,IR1,LVL,ALLPUB,INSIDE,GTL,SAWYERW,NORM,NORM,1FAM,1STORY,7,5,2001-01-01,2001-01-01,GABLE,COMPSHG,VINYLSD,VINYLSD,,0.0,GD,TA,PCONC,GD,TA,NO,GLQ,20,UNF,0,1434,1454,GASA,EX,Y,SBRKR,1434,0,0,1434,0,0,2,0,3,1,GD,6,TYP,1,TA,ATTCHD,2001.0,RFN,2,527,TA,TA,Y,290,39,0,0,0,0,,,,0,4,2009-01-01,WD,NORMAL,189000
829,60,RL,,28698,PAVE,,IR2,LOW,ALLPUB,CULDSAC,SEV,CLEARCR,NORM,NORM,1FAM,2STORY,5,5,1967-01-01,1967-01-01,FLAT,TAR&GRV,PLYWOOD,PLYWOOD,,0.0,TA,TA,PCONC,TA,GD,GD,LWQ,249,ALQ,764,0,1013,GASA,TA,Y,SBRKR,1160,966,0,2126,0,1,2,1,3,1,TA,7,MIN2,0,,ATTCHD,1967.0,FIN,2,538,TA,TA,Y,486,0,0,0,225,0,,,,0,6,2009-01-01,WD,ABNORML,185000
830,160,FV,24.0,2544,PAVE,PAVE,REG,LVL,ALLPUB,INSIDE,GTL,SOMERST,NORM,NORM,TWNHS,2STORY,7,5,2005-01-01,2005-01-01,GABLE,COMPSHG,METALSD,METALSD,,0.0,GD,TA,PCONC,GD,TA,NO,UNF,0,UNF,0,600,600,GASA,EX,Y,SBRKR,520,623,80,1223,0,0,2,1,2,1,GD,4,TYP,0,,DETCHD,2005.0,RFN,2,480,TA,TA,Y,0,166,0,0,0,0,,,,0,7,2006-01-01,WD,NORMAL,147400
831,20,RL,80.0,11900,PAVE,,IR1,LVL,ALLPUB,CORNER,GTL,NAMES,NORM,NORM,1FAM,1STORY,6,5,1957-01-01,1957-01-01,GABLE,COMPSHG,HDBOARD,HDBOARD,BRKFACE,387.0,TA,TA,CBLOCK,TA,TA,NO,REC,1040,UNF,0,352,1392,GASA,TA,Y,FUSEA,1392,0,0,1392,1,0,1,1,3,1,TA,6,TYP,2,GD,ATTCHD,1957.0,RFN,2,458,TA,TA,Y,0,0,0,0,192,0,,,,0,6,2008-01-01,WD,NORMAL,166000
832,160,FV,30.0,3180,PAVE,PAVE,REG,LVL,ALLPUB,INSIDE,GTL,SOMERST,NORM,NORM,TWNHSE,2STORY,7,5,2005-01-01,2005-01-01,GABLE,COMPSHG,METALSD,METALSD,,0.0,TA,TA,PCONC,GD,TA,NO,UNF,0,UNF,0,600,600,GASA,EX,Y,SBRKR,520,600,80,1200,0,0,2,1,2,1,GD,4,TYP,0,,DETCHD,2005.0,RFN,2,480,TA,TA,Y,0,166,0,0,0,0,,,,0,6,2006-01-01,WD,NORMAL,151000
833,60,RL,44.0,9548,PAVE,,IR1,LVL,ALLPUB,CULDSAC,GTL,COLLGCR,NORM,NORM,1FAM,2STORY,7,6,2003-01-01,2003-01-01,GABLE,COMPSHG,VINYLSD,VINYLSD,BRKFACE,223.0,GD,TA,PCONC,GD,TA,NO,GLQ,483,UNF,0,458,941,GASA,EX,Y,SBRKR,941,888,0,1829,1,0,2,1,3,1,GD,7,TYP,1,TA,ATTCHD,2003.0,RFN,2,613,TA,TA,Y,192,39,0,0,0,0,,,,0,1,2010-01-01,WD,NORMAL,237000
834,20,RL,100.0,10004,PAVE,,REG,LVL,ALLPUB,INSIDE,GTL,NAMES,NORM,NORM,1FAM,1STORY,6,6,1964-01-01,1964-01-01,GABLE,COMPSHG,HDBOARD,PLYWOOD,BRKFACE,180.0,TA,TA,CBLOCK,TA,TA,NO,REC,196,BLQ,345,975,1516,GASA,TA,Y,SBRKR,1516,0,0,1516,0,0,1,1,3,1,TA,6,TYP,0,,ATTCHD,1964.0,RFN,2,472,TA,TA,Y,0,0,0,0,152,0,,,,0,2,2009-01-01,WD,NORMAL,167000
835,20,RL,75.0,7875,PAVE,,REG,LVL,ALLPUB,INSIDE,GTL,NAMES,NORM,NORM,1FAM,1STORY,5,6,1961-01-01,1961-01-01,GABLE,COMPSHG,VINYLSD,VINYLSD,BRKFACE,136.0,TA,TA,CBLOCK,TA,TA,NO,REC,572,UNF,0,572,1144,GASA,GD,Y,SBRKR,1144,0,0,1144,1,0,1,0,3,1,TA,6,TYP,0,,ATTCHD,1961.0,UNF,2,456,TA,TA,Y,0,0,0,0,0,0,,GDWO,,0,9,2008-01-01,WD,NORMAL,139950
836,20,RL,60.0,9600,PAVE,,REG,LVL,ALLPUB,INSIDE,GTL,SAWYER,NORM,NORM,1FAM,1STORY,4,7,1950-01-01,1995-01-01,GABLE,COMPSHG,VINYLSD,HDBOARD,,0.0,TA,TA,CBLOCK,GD,TA,NO,BLQ,442,UNF,0,625,1067,GASA,TA,Y,SBRKR,1067,0,0,1067,0,0,2,0,2,1,GD,4,MIN2,0,,ATTCHD,1996.0,UNF,2,436,TA,TA,Y,290,0,0,0,0,0,,,,0,2,2010-01-01,WD,NORMAL,128000
837,30,RM,90.0,8100,PAVE,PAVE,REG,LVL,ALLPUB,INSIDE,GTL,OLDTOWN,NORM,NORM,1FAM,1STORY,5,6,1948-01-01,1973-01-01,GABLE,COMPSHG,VINYLSD,VINYLSD,,0.0,TA,TA,BRKTIL,TA,TA,NO,REC,338,UNF,0,1221,1559,GASA,GD,Y,SBRKR,1559,0,0,1559,1,0,1,0,2,1,TA,5,MIN2,0,,DETCHD,1948.0,UNF,2,812,TA,TA,Y,0,116,230,0,0,0,,GDWO,,0,6,2007-01-01,COD,NORMAL,153500
838,160,RM,21.0,1680,PAVE,,REG,LVL,ALLPUB,INSIDE,GTL,BRDALE,NORM,NORM,TWNHS,2STORY,6,5,1973-01-01,1973-01-01,GABLE,COMPSHG,HDBOARD,HDBOARD,BRKFACE,158.0,TA,TA,CBLOCK,TA,TA,NO,BLQ,330,UNF,0,153,483,GASA,TA,Y,SBRKR,483,504,0,987,1,0,1,1,2,1,TA,5,TYP,0,,DETCHD,1973.0,UNF,1,264,TA,TA,Y,0,0,0,0,0,0,,,,0,11,2008-01-01,WD,NORMAL,100000
839,20,RL,75.0,9525,PAVE,,REG,LVL,ALLPUB,INSIDE,GTL,COLLGCR,NORM,NORM,1FAM,1STORY,5,6,1995-01-01,2006-01-01,GABLE,COMPSHG,VINYLSD,VINYLSD,,0.0,TA,TA,PCONC,GD,TA,NO,UNF,0,UNF,0,1099,1099,GASA,EX,Y,SBRKR,1099,0,0,1099,0,0,1,1,3,1,GD,6,TYP,0,,ATTCHD,1999.0,UNF,1,352,TA,TA,Y,278,0,0,0,0,0,,,,0,6,2008-01-01,WD,NORMAL,144000
840,50,RL,70.0,11767,PAVE,,REG,LVL,ALLPUB,INSIDE,GTL,EDWARDS,NORM,NORM,1FAM,1.5FIN,5,6,1946-01-01,1995-01-01,GABLE,COMPSHG,METALSD,METALSD,,0.0,TA,TA,CBLOCK,TA,TA,NO,BLQ,352,UNF,0,416,768,GASA,EX,Y,SBRKR,768,432,0,1200,0,0,1,0,3,1,TA,6,TYP,0,,DETCHD,1946.0,UNF,1,240,TA,TA,Y,0,0,0,0,0,0,,,,0,5,2008-01-01,WD,NORMAL,130500
841,70,RH,,12155,PAVE,,IR1,LVL,ALLPUB,INSIDE,GTL,SWISU,NORM,NORM,1FAM,2STORY,6,8,1925-01-01,1950-01-01,GABLE,COMPSHG,WD SDNG,WD SDNG,,0.0,TA,TA,BRKTIL,TA,TA,NO,BLQ,156,UNF,0,516,672,GASA,TA,N,SBRKR,810,672,0,1482,0,0,2,0,4,1,FA,7,TYP,0,,DETCHD,1934.0,UNF,1,400,TA,TA,P,0,0,254,0,0,0,,,,0,3,2008-01-01,WD,NORMAL,140000
842,70,RM,60.0,10440,PAVE,GRVL,REG,LVL,ALLPUB,INSIDE,GTL,OLDTOWN,NORM,NORM,1FAM,2STORY,5,8,1904-01-01,2002-01-01,GABLE,COMPSHG,METALSD,METALSD,,0.0,TA,TA,PCONC,TA,TA,NO,UNF,0,UNF,0,650,650,GASA,GD,Y,SBRKR,958,581,0,1539,0,0,2,0,3,1,GD,8,TYP,1,PO,DETCHD,1983.0,UNF,2,686,GD,TA,P,70,78,68,0,0,0,,,,0,6,2008-01-01,WD,NORMAL,157500
843,80,RL,82.0,9020,PAVE,,REG,LVL,ALLPUB,INSIDE,GTL,NAMES,NORM,NORM,1FAM,SLVL,6,7,1966-01-01,1966-01-01,GABLE,COMPSHG,HDBOARD,HDBOARD,BRKFACE,183.0,TA,TA,CBLOCK,TA,TA,GD,REC,312,ALQ,539,276,1127,GASA,TA,Y,SBRKR,1165,0,0,1165,1,0,1,1,3,1,TA,6,TYP,0,,ATTCHD,1966.0,RFN,2,490,GD,GD,Y,0,129,0,0,0,0,,GDPRV,,0,5,2008-01-01,WD,NORMAL,174900
844,90,RL,80.0,8000,PAVE,,REG,LVL,ALLPUB,CORNER,GTL,NAMES,ARTERY,NORM,DUPLEX,1STORY,5,4,1961-01-01,1961-01-01,GABLE,COMPSHG,BRKFACE,BRKFACE,,0.0,TA,TA,CBLOCK,TA,TA,NO,UNF,0,UNF,0,1800,1800,GASA,EX,N,SBRKR,1800,0,0,1800,0,0,2,0,6,2,TA,10,TYP,0,,,,,0,0,,,Y,0,0,0,0,0,0,,,,0,7,2007-01-01,WD,NORMAL,141000
845,50,RM,100.0,12665,PAVE,GRVL,IR1,LVL,ALLPUB,INSIDE,GTL,OLDTOWN,ARTERY,NORM,1FAM,1.5FIN,5,8,1915-01-01,1950-01-01,GABLE,COMPSHG,WD SDNG,WD SDNG,,0.0,TA,TA,BRKTIL,TA,TA,MN,UNF,0,UNF,0,876,876,GASA,GD,Y,SBRKR,876,540,0,1416,0,0,1,1,4,1,TA,7,TYP,1,GD,DETCHD,1949.0,UNF,3,720,TA,TA,Y,418,0,194,0,0,0,,,,0,6,2008-01-01,WD,NORMAL,153900
846,85,RL,,16647,PAVE,,IR1,LVL,ALLPUB,CULDSAC,GTL,SAWYER,RRAE,NORM,1FAM,SFOYER,5,5,1975-01-01,1981-01-01,GABLE,COMPSHG,HDBOARD,HDBOARD,,0.0,TA,TA,CBLOCK,GD,TA,GD,ALQ,1390,UNF,0,0,1390,GASA,TA,Y,SBRKR,1701,0,0,1701,1,0,2,0,3,1,TA,6,MIN2,2,TA,BASMENT,1975.0,FIN,2,611,TA,TA,Y,0,0,0,0,0,0,,,,0,1,2007-01-01,WD,NORMAL,171000
847,60,RL,75.0,9317,PAVE,,REG,LVL,ALLPUB,INSIDE,GTL,SAWYERW,NORM,NORM,1FAM,2STORY,7,5,1993-01-01,1993-01-01,GABLE,COMPSHG,HDBOARD,HDBOARD,BRKFACE,137.0,GD,TA,PCONC,GD,TA,NO,ALQ,513,UNF,0,227,740,GASA,EX,Y,SBRKR,1006,769,0,1775,1,0,2,1,3,1,GD,7,TYP,1,TA,ATTCHD,1993.0,UNF,2,425,TA,TA,Y,234,72,192,0,0,0,,,,0,7,2009-01-01,WD,NORMAL,213000
848,20,RL,36.0,15523,PAVE,,IR1,LVL,ALLPUB,CULDSAC,GTL,COLLGCR,NORM,NORM,1FAM,1STORY,5,6,1972-01-01,1972-01-01,GABLE,COMPSHG,HDBOARD,PLYWOOD,,0.0,TA,TA,CBLOCK,TA,TA,AV,BLQ,460,UNF,0,404,864,GASA,EX,Y,SBRKR,864,0,0,864,1,0,1,0,3,1,TA,5,TYP,1,FA,ATTCHD,1972.0,UNF,1,338,TA,TA,Y,0,0,0,0,0,0,,,,0,8,2009-01-01,WD,NORMAL,133500
849,50,RL,75.0,45600,PAVE,,IR2,BNK,ALLPUB,INSIDE,GTL,CLEARCR,NORM,NORM,1FAM,1.5FIN,6,8,1908-01-01,1997-01-01,GABLE,COMPSHG,WD SDNG,WD SDNG,,0.0,TA,TA,BRKTIL,TA,TA,NO,UNF,0,UNF,0,907,907,GASA,TA,Y,SBRKR,1307,1051,0,2358,0,0,3,0,5,1,TA,10,TYP,1,GD,DETCHD,1908.0,UNF,2,360,FA,TA,Y,486,40,0,0,175,0,,,,0,9,2008-01-01,WD,NORMAL,240000
850,80,RL,80.0,9600,PAVE,,REG,LVL,ALLPUB,FR2,GTL,VEENKER,FEEDR,NORM,1FAM,SLVL,6,7,1976-01-01,1994-01-01,HIP,COMPSHG,PLYWOOD,PLYWOOD,BRKFACE,360.0,GD,GD,CBLOCK,TA,TA,NO,UNF,0,UNF,0,528,528,GASA,EX,Y,SBRKR,1094,761,0,1855,0,0,2,1,3,1,TA,7,TYP,1,TA,ATTCHD,1976.0,RFN,2,512,TA,TA,Y,113,100,0,0,0,0,,,,0,8,2007-01-01,WD,NORMAL,187000
851,120,RM,36.0,4435,PAVE,,REG,LVL,ALLPUB,INSIDE,GTL,COLLGCR,NORM,NORM,TWNHSE,1STORY,6,5,2003-01-01,2003-01-01,GABLE,COMPSHG,VINYLSD,VINYLSD,BRKFACE,170.0,GD,TA,PCONC,GD,TA,AV,GLQ,659,UNF,0,189,848,GASA,EX,Y,SBRKR,848,0,0,848,1,0,1,0,1,1,GD,3,TYP,0,,ATTCHD,2003.0,FIN,2,420,TA,TA,Y,140,0,0,0,0,0,,,,0,11,2007-01-01,WD,NORMAL,131500
852,120,RL,,3196,PAVE,,REG,LVL,ALLPUB,INSIDE,GTL,BLMNGTN,NORM,NORM,TWNHSE,1STORY,8,5,2003-01-01,2003-01-01,GABLE,COMPSHG,VINYLSD,VINYLSD,BRKFACE,40.0,GD,TA,PCONC,GD,TA,GD,UNF,0,UNF,0,1273,1273,GASA,EX,Y,SBRKR,1456,0,0,1456,0,0,2,0,2,1,GD,7,TYP,1,TA,ATTCHD,2003.0,FIN,2,400,TA,TA,Y,143,20,0,0,0,0,,,,0,5,2006-01-01,WD,NORMAL,215000
853,75,RL,53.0,7128,PAVE,,REG,LVL,ALLPUB,INSIDE,GTL,CRAWFOR,NORM,NORM,1FAM,2.5UNF,7,5,1941-01-01,1950-01-01,GABLE,COMPSHG,METALSD,METALSD,,0.0,TA,GD,CBLOCK,TA,TA,NO,REC,364,UNF,0,554,918,GASA,GD,Y,SBRKR,918,728,0,1646,0,0,2,0,4,1,TA,7,TYP,2,GD,DETCHD,1941.0,UNF,1,240,TA,TA,Y,0,0,0,0,126,0,,MNPRV,,0,8,2007-01-01,WD,NORMAL,164000
854,80,RL,,12095,PAVE,,IR1,LVL,ALLPUB,CORNER,GTL,NAMES,NORM,NORM,1FAM,SLVL,6,6,1964-01-01,1964-01-01,GABLE,COMPSHG,METALSD,HDBOARD,BRKFACE,115.0,TA,GD,CBLOCK,TA,TA,GD,REC,564,UNF,0,563,1127,GASA,TA,Y,SBRKR,1445,0,0,1445,0,0,1,1,3,1,TA,7,TYP,1,FA,ATTCHD,1964.0,RFN,2,645,TA,TA,Y,180,0,0,0,0,0,,MNPRV,,0,8,2009-01-01,WD,NORMAL,158000
855,20,RL,102.0,17920,PAVE,,REG,LVL,ALLPUB,INSIDE,GTL,SAWYER,NORM,NORM,1FAM,1STORY,5,4,1955-01-01,1974-01-01,HIP,COMPSHG,WD SDNG,PLYWOOD,,0.0,TA,TA,CBLOCK,TA,TA,MN,ALQ,306,REC,1085,372,1763,GASA,TA,Y,SBRKR,1779,0,0,1779,1,0,1,1,3,1,TA,6,TYP,1,GD,ATTCHD,1955.0,UNF,2,454,TA,TA,Y,0,418,0,0,312,0,,,,0,7,2006-01-01,WD,ABNORML,170000
856,20,RL,,6897,PAVE,,IR1,LVL,ALLPUB,CORNER,GTL,SAWYER,NORM,NORM,1FAM,1STORY,5,8,1962-01-01,2010-01-01,GABLE,COMPSHG,HDBOARD,HDBOARD,,0.0,TA,GD,CBLOCK,TA,TA,NO,ALQ,659,UNF,0,381,1040,GASA,EX,Y,SBRKR,1040,0,0,1040,1,0,1,1,3,1,TA,6,TYP,0,,DETCHD,1962.0,UNF,1,260,TA,TA,Y,0,104,0,0,0,0,,,,0,4,2010-01-01,WD,NORMAL,127000
857,80,RL,,10970,PAVE,,IR1,LOW,ALLPUB,INSIDE,MOD,COLLGCR,NORM,NORM,1FAM,SLVL,6,6,1978-01-01,1978-01-01,GABLE,COMPSHG,PLYWOOD,HDBOARD,,0.0,TA,TA,CBLOCK,GD,GD,GD,GLQ,505,LWQ,435,0,940,GASA,TA,Y,SBRKR,1026,0,0,1026,1,0,1,0,3,1,TA,5,TYP,0,,DETCHD,1981.0,UNF,2,576,TA,FA,Y,0,0,34,0,0,0,,MNPRV,,0,10,2008-01-01,WD,NORMAL,147000
858,60,RL,65.0,8125,PAVE,,REG,LVL,ALLPUB,INSIDE,GTL,GILBERT,NORM,NORM,1FAM,2STORY,6,5,1994-01-01,1995-01-01,GABLE,COMPSHG,HDBOARD,HDBOARD,,0.0,TA,TA,PCONC,GD,TA,NO,UNF,0,UNF,0,702,702,GASA,GD,Y,SBRKR,702,779,0,1481,0,0,2,1,3,1,TA,6,TYP,1,TA,ATTCHD,1994.0,FIN,2,343,TA,TA,Y,0,36,0,0,0,0,,,,0,3,2009-01-01,WD,NORMAL,174000
859,20,RL,80.0,10400,PAVE,,REG,LVL,ALLPUB,INSIDE,GTL,NWAMES,NORM,NORM,1FAM,1STORY,7,5,1976-01-01,1976-01-01,GABLE,COMPSHG,HDBOARD,HDBOARD,BRKFACE,189.0,TA,TA,CBLOCK,GD,TA,NO,UNF,0,UNF,0,1090,1090,GASA,TA,Y,SBRKR,1370,0,0,1370,0,0,2,0,3,1,TA,6,TYP,1,TA,ATTCHD,1976.0,RFN,2,479,TA,TA,Y,0,0,0,0,0,0,,MNPRV,,0,6,2009-01-01,WD,FAMILY,152000
860,60,RL,,11029,PAVE,,IR1,LVL,ALLPUB,CORNER,GTL,NWAMES,POSA,NORM,1FAM,2STORY,6,7,1968-01-01,1984-01-01,GABLE,COMPSHG,HDBOARD,HDBOARD,BRKFACE,220.0,TA,TA,CBLOCK,TA,TA,MN,BLQ,619,UNF,0,435,1054,GASA,TA,Y,SBRKR,1512,1142,0,2654,1,0,2,1,4,1,GD,9,TYP,1,GD,ATTCHD,1968.0,UNF,2,619,TA,TA,Y,0,65,0,0,222,0,,,,0,8,2006-01-01,WD,NORMAL,250000
861,50,RL,55.0,7642,PAVE,,REG,LVL,ALLPUB,CORNER,GTL,CRAWFOR,NORM,NORM,1FAM,1.5FIN,7,8,1918-01-01,1998-01-01,GABLE,COMPSHG,WD SDNG,WD SDNG,,0.0,GD,TA,BRKTIL,TA,TA,NO,UNF,0,UNF,0,912,912,GASA,GD,Y,SBRKR,912,514,0,1426,0,0,1,1,3,1,GD,7,TYP,1,GD,DETCHD,1925.0,UNF,1,216,TA,TA,Y,0,240,0,0,0,0,,GDPRV,,0,6,2007-01-01,WD,NORMAL,189950
862,190,RL,75.0,11625,PAVE,,REG,LVL,ALLPUB,INSIDE,GTL,SAWYER,NORM,NORM,2FMCON,1STORY,5,4,1965-01-01,1965-01-01,HIP,COMPSHG,PLYWOOD,HDBOARD,,0.0,TA,TA,PCONC,TA,TA,MN,BLQ,841,UNF,0,198,1039,GASA,EX,Y,SBRKR,1039,0,0,1039,1,0,1,1,3,1,TA,6,TYP,0,,ATTCHD,1965.0,UNF,2,504,TA,TA,Y,0,0,0,0,0,0,,,,0,4,2010-01-01,WD,NORMAL,131500
863,20,RL,81.0,9672,PAVE,,REG,LVL,ALLPUB,CORNER,GTL,SAWYERW,NORM,NORM,1FAM,1STORY,6,5,1984-01-01,1985-01-01,HIP,COMPSHG,HDBOARD,PLYWOOD,,0.0,TA,TA,PCONC,GD,TA,NO,GLQ,338,UNF,0,702,1040,GASA,TA,Y,SBRKR,1097,0,0,1097,0,0,2,0,3,1,TA,6,TYP,0,,ATTCHD,1986.0,UNF,2,480,TA,TA,Y,0,0,0,0,0,0,,GDPRV,,0,5,2010-01-01,WD,NORMAL,152000
864,20,RL,70.0,7931,PAVE,,REG,LVL,ALLPUB,INSIDE,GTL,NAMES,NORM,NORM,1FAM,1STORY,5,5,1959-01-01,1959-01-01,HIP,COMPSHG,BRKFACE,PLYWOOD,,0.0,TA,TA,CBLOCK,TA,TA,NO,BLQ,1148,UNF,0,0,1148,GASA,TA,Y,SBRKR,1148,0,0,1148,1,0,1,0,3,1,TA,6,TYP,0,,ATTCHD,1959.0,UNF,1,672,TA,TA,Y,0,0,0,0,0,0,,GDPRV,,0,7,2009-01-01,WD,NORMAL,132500
865,20,FV,72.0,8640,PAVE,,REG,LVL,ALLPUB,INSIDE,GTL,SOMERST,NORM,NORM,1FAM,1STORY,7,5,2007-01-01,2008-01-01,GABLE,COMPSHG,VINYLSD,VINYLSD,,0.0,GD,TA,PCONC,EX,TA,NO,UNF,0,UNF,0,1372,1372,GASA,EX,Y,SBRKR,1372,0,0,1372,0,0,2,0,3,1,GD,6,TYP,0,,ATTCHD,2008.0,FIN,2,529,TA,TA,Y,0,140,0,0,0,0,,,,0,5,2008-01-01,NEW,PARTIAL,250580
866,20,RL,,8750,PAVE,,IR1,LVL,ALLPUB,INSIDE,GTL,NAMES,NORM,NORM,1FAM,1STORY,5,6,1970-01-01,1970-01-01,GABLE,COMPSHG,METALSD,METALSD,BRKFACE,76.0,TA,TA,CBLOCK,TA,TA,NO,BLQ,828,UNF,0,174,1002,GASA,TA,Y,SBRKR,1002,0,0,1002,1,0,1,0,3,1,TA,5,TYP,0,,DETCHD,1973.0,UNF,2,902,TA,TA,Y,0,0,0,0,0,0,,MNPRV,,0,8,2009-01-01,WD,NORMAL,148500
867,20,RL,67.0,10656,PAVE,,IR1,HLS,ALLPUB,INSIDE,GTL,TIMBER,NORM,NORM,1FAM,1STORY,8,5,2006-01-01,2007-01-01,GABLE,COMPSHG,VINYLSD,VINYLSD,STONE,274.0,GD,TA,PCONC,GD,TA,AV,UNF,0,UNF,0,1638,1638,GASA,EX,Y,SBRKR,1646,0,0,1646,0,0,2,0,3,1,GD,6,TYP,1,GD,ATTCHD,2007.0,RFN,3,870,TA,TA,Y,192,80,0,0,0,0,,,,0,11,2007-01-01,NEW,PARTIAL,248900
868,20,RL,85.0,6970,PAVE,,REG,LVL,ALLPUB,CORNER,GTL,SAWYER,FEEDR,NORM,1FAM,1STORY,4,5,1961-01-01,1961-01-01,GABLE,COMPSHG,VINYLSD,VINYLSD,,0.0,TA,TA,CBLOCK,TA,TA,NO,ALQ,932,UNF,0,108,1040,GASA,TA,Y,SBRKR,1120,0,0,1120,1,0,1,1,3,1,FA,5,TYP,0,,ATTCHD,1961.0,RFN,2,544,TA,TA,Y,168,0,0,0,0,0,,,SHED,400,5,2007-01-01,WD,NORMAL,129000
869,60,RL,,14762,PAVE,,IR2,LVL,ALLPUB,CORNER,GTL,GILBERT,FEEDR,NORM,1FAM,2STORY,5,6,1948-01-01,1950-01-01,GABLE,COMPSHG,PLYWOOD,PLYWOOD,,0.0,TA,TA,SLAB,,,,,0,,0,0,0,GASA,GD,Y,SBRKR,1547,720,53,2320,0,0,2,0,2,1,TA,7,TYP,1,TA,ATTCHD,1979.0,UNF,2,672,TA,TA,P,120,144,0,0,0,0,,,,0,5,2006-01-01,WD,NORMAL,169000
870,60,RL,80.0,9938,PAVE,,REG,LVL,ALLPUB,INSIDE,GTL,SAWYERW,NORM,NORM,1FAM,2STORY,7,5,1993-01-01,1994-01-01,GABLE,COMPSHG,METALSD,METALSD,BRKFACE,246.0,GD,TA,PCONC,GD,TA,NO,GLQ,750,UNF,0,300,1050,GASA,EX,Y,SBRKR,1062,887,0,1949,1,0,2,1,3,1,GD,8,TYP,1,TA,ATTCHD,1993.0,FIN,2,574,TA,TA,Y,156,90,0,0,0,0,,GDPRV,,0,6,2010-01-01,WD,NORMAL,236000
871,20,RL,60.0,6600,PAVE,,REG,LVL,ALLPUB,INSIDE,GTL,NAMES,POSN,NORM,1FAM,1STORY,5,5,1962-01-01,1962-01-01,HIP,COMPSHG,METALSD,METALSD,,0.0,TA,TA,CBLOCK,TA,TA,NO,UNF,0,UNF,0,894,894,GASA,GD,N,SBRKR,894,0,0,894,0,0,1,0,2,1,TA,5,TYP,0,,DETCHD,1962.0,UNF,1,308,TA,TA,Y,0,0,0,0,0,0,,,,0,8,2009-01-01,WD,NORMAL,109500
872,60,RL,70.0,8750,PAVE,,REG,LVL,ALLPUB,INSIDE,GTL,COLLGCR,NORM,NORM,1FAM,2STORY,6,5,1998-01-01,1998-01-01,GABLE,COMPSHG,VINYLSD,VINYLSD,BRKFACE,116.0,TA,TA,PCONC,GD,TA,NO,GLQ,505,UNF,0,299,804,GASA,EX,Y,SBRKR,804,878,0,1682,0,0,2,1,3,1,GD,7,TYP,0,,ATTCHD,1998.0,RFN,2,523,TA,TA,Y,0,77,0,0,0,0,,,,0,6,2010-01-01,WD,NORMAL,200500
873,20,RL,74.0,8892,PAVE,,REG,LVL,ALLPUB,CORNER,GTL,NAMES,NORM,NORM,1FAM,1STORY,5,7,1953-01-01,1996-01-01,GABLE,COMPSHG,WDSHING,WD SHNG,,0.0,GD,TA,STONE,TA,TA,AV,UNF,0,UNF,0,105,105,GASA,GD,Y,SBRKR,910,0,0,910,0,0,1,0,3,1,GD,5,TYP,0,,ATTCHD,1953.0,UNF,2,414,TA,TA,Y,196,0,150,0,0,0,,GDWO,,0,10,2008-01-01,WD,NORMAL,116000
874,40,RL,60.0,12144,PAVE,,REG,LVL,ALLPUB,INSIDE,GTL,NAMES,NORM,NORM,1FAM,1STORY,5,7,1949-01-01,1950-01-01,GABLE,COMPSHG,HDBOARD,HDBOARD,,0.0,GD,TA,CBLOCK,TA,TA,NO,REC,375,UNF,0,457,832,GASA,GD,Y,SBRKR,1036,0,232,1268,0,0,1,0,3,1,TA,6,TYP,1,GD,ATTCHD,1949.0,UNF,1,288,TA,TA,Y,0,28,0,0,0,0,,,OTHR,0,9,2009-01-01,WD,NORMAL,133000
875,50,RM,52.0,5720,PAVE,,REG,LVL,ALLPUB,INSIDE,GTL,OLDTOWN,ARTERY,NORM,1FAM,1.5FIN,5,6,1941-01-01,1950-01-01,GABLE,COMPSHG,WD SDNG,WD SDNG,,0.0,TA,TA,CBLOCK,TA,TA,NO,UNF,0,UNF,0,676,676,GASA,EX,Y,SBRKR,676,455,0,1131,0,0,1,1,3,1,TA,5,TYP,0,,DETCHD,1941.0,UNF,1,200,TA,TA,Y,26,0,0,0,0,0,,,,0,8,2009-01-01,WD,ABNORML,66500
876,60,FV,75.0,9000,PAVE,,REG,LVL,ALLPUB,INSIDE,GTL,SOMERST,NORM,NORM,1FAM,2STORY,8,5,2007-01-01,2007-01-01,GABLE,COMPSHG,CEMNTBD,CMENTBD,,0.0,GD,TA,PCONC,GD,TA,AV,GLQ,64,UNF,0,1120,1184,GASA,EX,Y,SBRKR,1184,1426,0,2610,0,0,2,1,4,1,EX,11,TYP,1,GD,BUILTIN,2007.0,FIN,2,550,TA,TA,Y,208,364,0,0,0,0,,,,0,8,2007-01-01,NEW,PARTIAL,303477
877,20,RL,94.0,25286,PAVE,,REG,HLS,ALLPUB,INSIDE,MOD,MITCHEL,NORM,NORM,1FAM,1STORY,4,5,1963-01-01,1963-01-01,GABLE,COMPSHG,HDBOARD,PLYWOOD,,0.0,TA,TA,PCONC,TA,TA,GD,ALQ,633,UNF,0,431,1064,GASA,GD,Y,SBRKR,1040,0,0,1040,1,0,1,0,3,1,TA,5,TYP,0,,ATTCHD,1963.0,UNF,2,648,TA,TA,Y,0,0,0,0,0,0,,,,0,1,2007-01-01,WD,NORMAL,132250
878,60,RL,74.0,8834,PAVE,,REG,LVL,ALLPUB,INSIDE,GTL,NRIDGHT,NORM,NORM,1FAM,2STORY,9,5,2004-01-01,2005-01-01,HIP,COMPSHG,VINYLSD,VINYLSD,STONE,216.0,GD,TA,PCONC,EX,TA,NO,GLQ,1170,UNF,0,292,1462,GASA,EX,Y,SBRKR,1462,762,0,2224,1,0,2,1,4,1,EX,10,TYP,1,GD,ATTCHD,2004.0,FIN,3,738,TA,TA,Y,184,0,0,0,0,0,,,,0,6,2009-01-01,WD,NORMAL,350000
879,85,RL,88.0,11782,PAVE,,IR1,LVL,ALLPUB,INSIDE,GTL,SAWYER,NORM,NORM,1FAM,SFOYER,5,7,1961-01-01,1995-01-01,GABLE,COMPSHG,HDBOARD,HDBOARD,,0.0,TA,TA,CBLOCK,TA,TA,AV,ALQ,899,UNF,0,210,1109,GASA,TA,Y,SBRKR,1155,0,0,1155,1,0,1,0,3,1,GD,6,MIN2,0,,DETCHD,1987.0,UNF,2,576,TA,TA,Y,192,0,0,0,0,0,,MNPRV,SHED,400,6,2010-01-01,WD,NORMAL,148000
880,20,RL,,7000,PAVE,,IR1,LVL,ALLPUB,CULDSAC,GTL,COLLGCR,NORM,NORM,1FAM,1STORY,5,8,1978-01-01,2005-01-01,GABLE,COMPSHG,VINYLSD,VINYLSD,BRKFACE,90.0,GD,GD,CBLOCK,TA,TA,NO,ALQ,646,UNF,0,218,864,GASA,EX,Y,SBRKR,864,0,0,864,1,0,1,0,3,1,TA,6,TYP,0,,ATTCHD,1978.0,UNF,1,336,TA,TA,Y,0,0,0,0,0,0,,GDWO,,0,7,2009-01-01,WD,NORMAL,136500
881,20,RL,60.0,7024,PAVE,,REG,LVL,ALLPUB,INSIDE,GTL,EDWARDS,NORM,NORM,1FAM,1STORY,5,5,2005-01-01,2006-01-01,GABLE,COMPSHG,VINYLSD,VINYLSD,,0.0,TA,TA,PCONC,EX,GD,NO,ALQ,980,UNF,0,110,1090,GASA,GD,Y,SBRKR,1090,0,0,1090,1,0,1,1,2,1,TA,5,TYP,0,,ATTCHD,2005.0,FIN,2,450,TA,TA,Y,0,49,0,0,0,0,,,,0,6,2007-01-01,WD,NORMAL,157000
882,50,RL,44.0,13758,PAVE,,IR1,LVL,ALLPUB,CULDSAC,GTL,TIMBER,NORM,NORM,1FAM,1.5FIN,7,5,1990-01-01,1991-01-01,GABLE,COMPSHG,HDBOARD,HDBOARD,BRKFACE,117.0,GD,GD,CBLOCK,GD,TA,MN,LWQ,902,UNF,0,254,1156,GASA,EX,Y,SBRKR,1187,530,0,1717,0,0,2,1,3,1,GD,7,TYP,1,TA,ATTCHD,1990.0,RFN,2,400,TA,TA,Y,168,36,0,0,0,0,,,,0,4,2007-01-01,WD,NORMAL,187500
883,60,RL,,9636,PAVE,,IR1,LVL,ALLPUB,CORNER,GTL,GILBERT,NORM,NORM,1FAM,2STORY,6,5,1992-01-01,1993-01-01,GABLE,COMPSHG,VINYLSD,VINYLSD,,0.0,TA,TA,PCONC,GD,TA,NO,UNF,0,UNF,0,808,808,GASA,GD,Y,SBRKR,808,785,0,1593,0,0,2,1,3,1,TA,7,TYP,1,TA,BUILTIN,1993.0,RFN,2,389,TA,TA,Y,342,40,0,0,0,0,,MNPRV,,0,12,2009-01-01,WD,NORMAL,178000
884,75,RL,60.0,6204,PAVE,,REG,BNK,ALLPUB,INSIDE,GTL,SWISU,NORM,NORM,1FAM,2.5FIN,4,5,1912-01-01,1950-01-01,GABLE,COMPSHG,WD SDNG,WD SDNG,,0.0,GD,TA,PCONC,TA,FA,NO,UNF,0,UNF,0,795,795,GASA,TA,N,SBRKR,954,795,481,2230,1,0,1,0,5,1,TA,10,TYP,0,,DETCHD,1997.0,UNF,1,440,TA,GD,Y,0,188,0,0,0,0,,,,0,3,2006-01-01,WD,NORMAL,118500
885,20,RL,65.0,7150,PAVE,,REG,LVL,ALLPUB,INSIDE,GTL,NAMES,NORM,NORM,1FAM,1STORY,5,5,1967-01-01,1967-01-01,GABLE,COMPSHG,HDBOARD,HDBOARD,BRKFACE,60.0,TA,TA,CBLOCK,TA,TA,NO,BLQ,432,UNF,0,460,892,GASA,TA,Y,SBRKR,892,0,0,892,0,0,1,0,3,1,TA,5,TYP,0,,ATTCHD,1967.0,RFN,1,288,TA,TA,Y,0,0,0,0,0,0,,GDWO,,0,7,2009-01-01,WD,NORMAL,100000
886,120,FV,50.0,5119,PAVE,,IR1,LVL,ALLPUB,CULDSAC,GTL,SOMERST,NORM,NORM,TWNHSE,1STORY,9,5,1999-01-01,2000-01-01,GABLE,COMPSHG,METALSD,METALSD,BRKFACE,60.0,GD,TA,PCONC,EX,TA,AV,GLQ,1238,UNF,0,460,1698,GASA,EX,Y,SBRKR,1709,0,0,1709,1,0,2,0,2,1,GD,5,TYP,1,TA,ATTCHD,1999.0,FIN,2,506,TA,TA,Y,97,65,0,0,0,0,,,,0,1,2008-01-01,CWD,ABNORML,328900
887,90,RL,70.0,8393,PAVE,,REG,LVL,ALLPUB,CORNER,GTL,NAMES,NORM,NORM,DUPLEX,1STORY,5,5,1959-01-01,2005-01-01,GABLE,COMPSHG,METALSD,METALSD,BRKFACE,122.0,TA,TA,CBLOCK,TA,TA,NO,LWQ,528,UNF,0,1098,1626,GASA,EX,Y,SBRKR,1712,0,0,1712,0,0,2,0,4,2,TA,8,TYP,0,,ATTCHD,2005.0,FIN,2,588,TA,TA,Y,272,54,0,0,0,0,,,,0,6,2006-01-01,WD,FAMILY,145000
888,50,RL,59.0,16466,PAVE,,IR1,LVL,ALLPUB,INSIDE,GTL,EDWARDS,NORM,NORM,1FAM,1.5FIN,5,7,1955-01-01,1955-01-01,GABLE,COMPSHG,METALSD,METALSD,,0.0,TA,GD,PCONC,TA,TA,NO,UNF,0,UNF,0,816,816,GASA,TA,Y,SBRKR,872,521,0,1393,0,0,1,1,3,1,TA,8,TYP,0,,ATTCHD,1955.0,UNF,1,300,TA,TA,Y,121,0,0,0,265,0,,,,0,4,2008-01-01,WD,NORMAL,135500
889,20,RL,95.0,15865,PAVE,,IR1,LVL,ALLPUB,INSIDE,MOD,NAMES,NORM,NORM,1FAM,1STORY,8,6,1970-01-01,1970-01-01,FLAT,TAR&GRV,WD SDNG,WD SDNG,,0.0,GD,GD,PCONC,TA,GD,GD,ALQ,351,REC,823,1043,2217,GASA,EX,Y,SBRKR,2217,0,0,2217,1,0,2,0,4,1,GD,8,TYP,1,TA,ATTCHD,1970.0,UNF,2,621,TA,TA,Y,81,207,0,0,224,0,,,,0,10,2007-01-01,WD,NORMAL,268000
890,20,RL,128.0,12160,PAVE,,REG,LVL,ALLPUB,INSIDE,GTL,NAMES,FEEDR,NORM,1FAM,1STORY,6,4,1953-01-01,1953-01-01,HIP,COMPSHG,WD SDNG,WD SDNG,BRKFACE,90.0,TA,TA,CBLOCK,TA,TA,NO,BLQ,1024,UNF,0,481,1505,GASA,EX,Y,SBRKR,1505,0,0,1505,1,0,1,0,2,1,TA,6,TYP,1,TA,ATTCHD,1953.0,RFN,2,505,TA,TA,Y,0,0,0,162,0,0,,,,0,2,2009-01-01,WD,NORMAL,149500
891,50,RL,60.0,8064,PAVE,,REG,LVL,ALLPUB,CORNER,GTL,NAMES,ARTERY,NORM,1FAM,1.5FIN,5,7,1949-01-01,2006-01-01,GABLE,COMPSHG,METALSD,METALSD,,0.0,TA,GD,CBLOCK,TA,TA,MN,UNF,0,UNF,0,672,672,GASA,EX,Y,SBRKR,672,252,0,924,0,0,1,0,3,1,TA,6,TYP,1,PO,DETCHD,2003.0,UNF,2,576,TA,TA,Y,0,0,0,0,0,0,,MNPRV,SHED,2000,7,2007-01-01,WD,NORMAL,122900
892,60,RL,70.0,11184,PAVE,,REG,LVL,ALLPUB,INSIDE,GTL,SAWYER,NORM,NORM,1FAM,2STORY,6,5,1978-01-01,1978-01-01,HIP,COMPSHG,HDBOARD,HDBOARD,BRKFACE,92.0,TA,TA,CBLOCK,TA,TA,NO,LWQ,226,REC,500,192,918,GASA,GD,Y,SBRKR,918,765,0,1683,0,0,2,1,3,1,TA,7,TYP,1,TA,ATTCHD,1978.0,RFN,2,440,TA,TA,Y,243,0,0,0,0,0,,,,0,7,2009-01-01,WD,NORMAL,172500
893,20,RL,70.0,8414,PAVE,,REG,LVL,ALLPUB,INSIDE,GTL,SAWYER,NORM,NORM,1FAM,1STORY,6,8,1963-01-01,2003-01-01,HIP,COMPSHG,HDBOARD,HDBOARD,,0.0,TA,TA,CBLOCK,TA,TA,NO,GLQ,663,UNF,0,396,1059,GASA,TA,Y,SBRKR,1068,0,0,1068,0,1,1,0,3,1,TA,6,TYP,0,,ATTCHD,1963.0,RFN,1,264,TA,TA,Y,192,0,0,0,0,0,,MNPRV,,0,2,2006-01-01,WD,NORMAL,154500
894,20,RL,,13284,PAVE,,REG,LVL,ALLPUB,INSIDE,GTL,SAWYER,POSN,NORM,1FAM,1STORY,5,5,1954-01-01,1954-01-01,GABLE,COMPSHG,WD SDNG,PLYWOOD,,0.0,TA,TA,PCONC,GD,TA,MN,BLQ,1064,UNF,0,319,1383,GASA,TA,Y,SBRKR,1383,0,0,1383,1,0,1,0,3,1,TA,6,TYP,1,GD,ATTCHD,1954.0,UNF,1,354,TA,TA,Y,511,116,0,0,0,0,,GDPRV,,0,6,2008-01-01,WD,NORMAL,165000
895,90,RL,64.0,7018,PAVE,,REG,BNK,ALLPUB,INSIDE,GTL,SAWYERW,NORM,NORM,DUPLEX,1STORY,5,5,1979-01-01,1979-01-01,GABLE,COMPSHG,PLYWOOD,PLYWOOD,,0.0,TA,TA,SLAB,,,,,0,,0,0,0,GASA,TA,Y,SBRKR,1535,0,0,1535,0,0,2,0,4,2,TA,8,TYP,0,,ATTCHD,1979.0,UNF,2,400,TA,TA,Y,0,0,0,0,0,0,,,,0,6,2009-01-01,WD,ALLOCA,118858
896,60,RL,71.0,7056,PAVE,,REG,LVL,ALLPUB,INSIDE,GTL,NAMES,NORM,NORM,1FAM,2STORY,6,5,1963-01-01,1963-01-01,HIP,COMPSHG,HDBOARD,HDBOARD,BRKFACE,415.0,TA,TA,CBLOCK,TA,TA,NO,BLQ,400,UNF,0,380,780,GASA,TA,Y,SBRKR,983,813,0,1796,1,0,1,1,4,1,TA,8,TYP,1,TA,ATTCHD,1963.0,RFN,2,483,TA,TA,Y,0,50,0,0,0,0,,,,0,10,2008-01-01,WD,NORMAL,140000
897,30,RM,50.0,8765,PAVE,GRVL,REG,LVL,ALLPUB,INSIDE,GTL,IDOTRR,NORM,NORM,1FAM,1STORY,4,6,1936-01-01,1950-01-01,GABLE,COMPSHG,WD SDNG,WD SDNG,,0.0,TA,TA,BRKTIL,TA,TA,NO,ALQ,285,UNF,0,666,951,GASA,EX,N,SBRKR,951,0,0,951,0,0,1,0,2,1,TA,6,TYP,0,,DETCHD,1936.0,UNF,1,327,TA,TA,Y,0,28,0,0,0,0,,,,0,4,2006-01-01,WD,ABNORML,106500
898,90,RL,64.0,7018,PAVE,,REG,LVL,ALLPUB,INSIDE,GTL,SAWYERW,FEEDR,NORM,DUPLEX,2STORY,5,5,1979-01-01,1979-01-01,GABLE,COMPSHG,PLYWOOD,PLYWOOD,,0.0,TA,TA,SLAB,,,,,0,,0,0,0,GASA,TA,Y,SBRKR,1120,1120,0,2240,0,0,2,0,6,2,TA,12,TYP,0,,DETCHD,1979.0,UNF,2,528,TA,TA,Y,154,0,0,0,0,0,,,,0,6,2009-01-01,WD,ALLOCA,142953
899,20,RL,100.0,12919,PAVE,,IR1,LVL,ALLPUB,INSIDE,GTL,NRIDGHT,NORM,NORM,1FAM,1STORY,9,5,2009-01-01,2010-01-01,HIP,COMPSHG,VINYLSD,VINYLSD,STONE,760.0,EX,TA,PCONC,EX,TA,GD,GLQ,2188,UNF,0,142,2330,GASA,EX,Y,SBRKR,2364,0,0,2364,1,0,2,1,2,1,EX,11,TYP,2,GD,ATTCHD,2009.0,FIN,3,820,TA,TA,Y,0,67,0,0,0,0,,,,0,3,2010-01-01,NEW,PARTIAL,611657
900,20,RL,65.0,6993,PAVE,,REG,LVL,ALLPUB,INSIDE,GTL,SAWYER,FEEDR,NORM,1FAM,1STORY,5,7,1961-01-01,1994-01-01,GABLE,COMPSHG,HDBOARD,PLYWOOD,,0.0,TA,TA,CBLOCK,TA,TA,NO,BLQ,465,UNF,0,447,912,GASA,TA,Y,SBRKR,1236,0,0,1236,0,0,1,0,3,1,TA,6,TYP,1,TA,ATTCHD,1961.0,UNF,1,288,TA,TA,Y,0,0,0,0,0,0,,,,0,6,2006-01-01,WD,NORMAL,135000
901,20,RL,,7340,PAVE,,IR1,LVL,ALLPUB,INSIDE,GTL,NAMES,NORM,NORM,1FAM,1STORY,4,6,1971-01-01,1971-01-01,GABLE,COMPSHG,HDBOARD,HDBOARD,,0.0,TA,TA,CBLOCK,TA,TA,NO,ALQ,322,UNF,0,536,858,GASA,TA,Y,SBRKR,858,0,0,858,0,0,1,0,2,1,TA,4,TYP,0,,DETCHD,1979.0,UNF,1,684,TA,TA,Y,0,0,0,0,0,0,,,,0,6,2007-01-01,WD,NORMAL,110000
902,20,RL,64.0,8712,PAVE,,IR1,LVL,ALLPUB,INSIDE,GTL,NAMES,NORM,NORM,1FAM,1STORY,5,7,1957-01-01,2000-01-01,HIP,COMPSHG,METALSD,METALSD,,0.0,TA,GD,CBLOCK,TA,TA,MN,BLQ,860,UNF,0,132,992,GASA,TA,Y,SBRKR,1306,0,0,1306,1,0,1,0,2,1,TA,5,TYP,0,,DETCHD,1968.0,UNF,1,756,TA,TA,Y,0,0,0,0,0,0,,,,0,5,2009-01-01,WD,NORMAL,153000
903,60,RL,63.0,7875,PAVE,,REG,LVL,ALLPUB,INSIDE,GTL,GILBERT,NORM,NORM,1FAM,2STORY,7,5,2003-01-01,2003-01-01,GABLE,COMPSHG,VINYLSD,VINYLSD,,0.0,GD,TA,PCONC,GD,TA,NO,UNF,0,UNF,0,783,783,GASA,EX,Y,SBRKR,807,702,0,1509,0,0,2,1,3,1,GD,8,TYP,1,GD,ATTCHD,2003.0,FIN,2,393,TA,TA,Y,0,75,0,0,0,0,,,,0,7,2006-01-01,WD,NORMAL,180000
904,20,RL,50.0,14859,PAVE,,IR1,HLS,ALLPUB,CULDSAC,GTL,GILBERT,NORM,NORM,1FAM,1STORY,7,5,2006-01-01,2006-01-01,HIP,COMPSHG,VINYLSD,VINYLSD,BRKFACE,27.0,GD,TA,PCONC,GD,TA,NO,UNF,0,UNF,0,1670,1670,GASA,EX,Y,SBRKR,1670,0,0,1670,0,0,2,0,3,1,GD,7,TYP,1,GD,ATTCHD,2006.0,RFN,3,690,TA,TA,Y,144,60,0,0,0,0,,,,0,8,2006-01-01,NEW,PARTIAL,240000
905,20,RL,,6173,PAVE,,IR1,LVL,ALLPUB,INSIDE,GTL,SAWYER,NORM,NORM,1FAM,1STORY,5,6,1967-01-01,1967-01-01,GABLE,COMPSHG,HDBOARD,WD SDNG,BRKFACE,75.0,TA,TA,CBLOCK,TA,TA,NO,GLQ,599,UNF,0,277,876,GASA,TA,Y,SBRKR,902,0,0,902,0,0,1,0,3,1,TA,6,TYP,0,,ATTCHD,1967.0,UNF,1,288,TA,TA,Y,0,0,0,0,0,0,,MNPRV,,0,8,2007-01-01,WD,NORMAL,125500
906,20,RL,80.0,9920,PAVE,,REG,LVL,ALLPUB,INSIDE,GTL,NAMES,NORM,NORM,1FAM,1STORY,5,5,1954-01-01,1954-01-01,GABLE,COMPSHG,HDBOARD,HDBOARD,STONE,110.0,TA,TA,CBLOCK,TA,TA,NO,REC,354,LWQ,290,412,1056,GASA,TA,Y,SBRKR,1063,0,0,1063,1,0,1,0,3,1,TA,6,TYP,0,,ATTCHD,1954.0,RFN,1,280,TA,TA,Y,0,0,164,0,0,0,,MNPRV,,0,2,2010-01-01,WD,NORMAL,128000
907,20,RL,116.0,13501,PAVE,,IR1,LVL,ALLPUB,CORNER,GTL,SOMERST,NORM,NORM,1FAM,1STORY,8,5,2006-01-01,2006-01-01,GABLE,COMPSHG,VINYLSD,VINYLSD,STONE,208.0,GD,TA,PCONC,GD,TA,NO,GLQ,63,UNF,0,1560,1623,GASA,EX,Y,SBRKR,1636,0,0,1636,1,0,2,0,3,1,GD,8,TYP,1,GD,ATTCHD,2006.0,RFN,3,865,TA,TA,Y,0,60,0,0,0,0,,,,0,6,2007-01-01,WD,NORMAL,255000
908,50,RL,86.0,11500,PAVE,,IR1,LVL,ALLPUB,INSIDE,GTL,CRAWFOR,NORM,NORM,1FAM,1.5FIN,7,7,1936-01-01,1987-01-01,GABLE,COMPSHG,BRKFACE,BRKFACE,,0.0,GD,TA,CBLOCK,GD,TA,NO,REC,223,UNF,0,794,1017,GASA,GD,Y,SBRKR,1020,1037,0,2057,0,0,1,1,3,1,GD,6,TYP,1,GD,ATTCHD,1936.0,FIN,1,180,FA,TA,Y,0,0,0,0,322,0,,,,0,6,2006-01-01,WD,NORMAL,250000
909,20,RL,,8885,PAVE,,IR1,LOW,ALLPUB,INSIDE,MOD,MITCHEL,NORM,NORM,1FAM,1STORY,5,5,1983-01-01,1983-01-01,GABLE,COMPSHG,HDBOARD,HDBOARD,,0.0,TA,TA,CBLOCK,GD,TA,AV,BLQ,301,ALQ,324,239,864,GASA,TA,Y,SBRKR,902,0,0,902,1,0,1,0,2,1,TA,5,TYP,0,,ATTCHD,1983.0,UNF,2,484,TA,TA,Y,164,0,0,0,0,0,,MNPRV,,0,6,2006-01-01,WD,NORMAL,131000
910,60,RL,149.0,12589,PAVE,,IR2,LVL,ALLPUB,INSIDE,GTL,GILBERT,NORM,NORM,1FAM,2STORY,6,5,2005-01-01,2005-01-01,GABLE,COMPSHG,VINYLSD,VINYLSD,,0.0,GD,TA,PCONC,GD,TA,NO,UNF,0,UNF,0,742,742,GASA,EX,Y,SBRKR,742,742,0,1484,0,0,2,1,3,1,GD,8,TYP,1,GD,ATTCHD,2005.0,FIN,2,390,TA,TA,Y,36,24,0,0,0,0,,,,0,6,2009-01-01,WD,NORMAL,174000
911,90,RL,80.0,11600,PAVE,,REG,LVL,ALLPUB,CORNER,GTL,NAMES,FEEDR,NORM,DUPLEX,2STORY,5,5,1960-01-01,1960-01-01,GABLE,COMPSHG,METALSD,METALSD,BRKFACE,361.0,TA,TA,CBLOCK,TA,TA,NO,REC,443,UNF,0,662,1105,GASA,TA,Y,FUSEA,1105,1169,0,2274,0,0,2,0,5,2,TA,12,TYP,0,,DETCHD,1960.0,UNF,2,480,TA,TA,Y,0,0,0,0,0,0,,,,0,1,2010-01-01,WD,NORMAL,154300
912,20,RL,,9286,PAVE,,IR1,LVL,ALLPUB,CULDSAC,MOD,COLLGCR,NORM,NORM,1FAM,1STORY,5,7,1977-01-01,1989-01-01,GABLE,COMPSHG,HDBOARD,PLYWOOD,,0.0,TA,TA,CBLOCK,GD,GD,AV,ALQ,196,UNF,0,1072,1268,GASA,TA,Y,SBRKR,1268,0,0,1268,0,0,1,1,3,1,GD,5,TYP,0,,DETCHD,1978.0,UNF,1,252,TA,TA,Y,173,0,0,0,0,0,,,,0,10,2009-01-01,WD,NORMAL,143500
913,30,RM,51.0,6120,PAVE,,REG,LVL,ALLPUB,INSIDE,GTL,BRKSIDE,NORM,NORM,1FAM,1STORY,5,7,1925-01-01,1950-01-01,GABLE,COMPSHG,METALSD,METALSD,,0.0,TA,TA,BRKTIL,TA,TA,NO,REC,489,UNF,0,279,768,GASA,TA,N,SBRKR,1015,0,0,1015,0,0,1,0,3,1,TA,6,MIN1,0,,DETCHD,1925.0,UNF,1,450,TA,TA,Y,0,0,112,0,120,0,,MNPRV,SHED,620,7,2006-01-01,WD,ABNORML,88000
914,90,RH,82.0,6270,PAVE,,REG,HLS,ALLPUB,INSIDE,GTL,CRAWFOR,NORM,NORM,DUPLEX,2STORY,5,6,1949-01-01,1950-01-01,GABLE,COMPSHG,METALSD,METALSD,,0.0,TA,TA,CBLOCK,TA,TA,NO,BLQ,284,UNF,0,717,1001,GASA,TA,N,FUSEA,1001,1001,0,2002,0,0,2,0,4,2,TA,8,TYP,0,,2TYPES,1949.0,UNF,3,871,TA,TA,Y,0,0,0,0,0,0,,,,0,8,2007-01-01,WD,NORMAL,145000
915,160,FV,30.0,3000,PAVE,PAVE,REG,LVL,ALLPUB,INSIDE,GTL,SOMERST,NORM,NORM,TWNHSE,2STORY,6,5,2009-01-01,2009-01-01,GABLE,COMPSHG,VINYLSD,VINYLSD,STONE,76.0,GD,TA,PCONC,GD,TA,AV,GLQ,294,UNF,0,318,612,GASA,EX,Y,SBRKR,612,612,0,1224,0,0,2,1,2,1,GD,4,TYP,0,,DETCHD,2009.0,RFN,2,528,TA,TA,Y,0,234,0,0,0,0,,,,0,6,2009-01-01,NEW,PARTIAL,173733
916,160,RM,21.0,2001,PAVE,,REG,LVL,ALLPUB,INSIDE,GTL,MEADOWV,NORM,NORM,TWNHS,2STORY,4,5,1970-01-01,1970-01-01,GABLE,COMPSHG,CEMNTBD,CMENTBD,BRKFACE,80.0,TA,TA,CBLOCK,TA,TA,NO,UNF,0,UNF,0,546,546,GASA,FA,Y,SBRKR,546,546,0,1092,0,0,1,1,3,1,TA,6,TYP,0,,ATTCHD,1970.0,UNF,1,286,TA,TA,Y,0,0,0,0,0,0,,,,0,1,2007-01-01,WD,NORMAL,75000
917,20,C (ALL),50.0,9000,PAVE,,REG,LVL,ALLPUB,INSIDE,GTL,IDOTRR,NORM,NORM,1FAM,1STORY,2,3,1949-01-01,1950-01-01,GABLE,COMPSHG,ASBSHNG,ASBSHNG,,0.0,TA,TA,CBLOCK,TA,TA,AV,BLQ,50,UNF,0,430,480,GASA,TA,N,FUSEA,480,0,0,480,1,0,0,0,1,1,TA,4,TYP,0,,DETCHD,1958.0,UNF,1,308,TA,TA,Y,0,0,0,0,0,0,,,,0,10,2006-01-01,WD,ABNORML,35311
918,20,RL,,17140,PAVE,,REG,LVL,ALLPUB,INSIDE,GTL,EDWARDS,NORM,NORM,1FAM,1STORY,4,6,1956-01-01,1956-01-01,GABLE,COMPSHG,VINYLSD,VINYLSD,,0.0,TA,TA,CBLOCK,TA,TA,NO,ALQ,1059,UNF,0,75,1134,GASA,EX,Y,FUSEA,1229,0,0,1229,0,0,1,0,3,1,TA,6,TYP,0,,ATTCHD,1956.0,RFN,1,284,TA,TA,Y,0,0,0,0,0,0,,,,0,4,2009-01-01,WD,NORMAL,135000
919,60,RL,103.0,13125,PAVE,,IR1,LVL,ALLPUB,CORNER,GTL,SAWYERW,NORM,NORM,1FAM,2STORY,7,5,1991-01-01,1991-01-01,GABLE,COMPSHG,HDBOARD,HDBOARD,,0.0,GD,TA,PCONC,EX,TA,MN,BLQ,48,GLQ,634,422,1104,GASA,EX,Y,SBRKR,912,1215,0,2127,1,0,2,1,4,1,GD,8,TYP,1,TA,ATTCHD,1991.0,RFN,3,833,TA,TA,Y,72,192,224,0,0,0,,GDPRV,,0,11,2007-01-01,WD,NORMAL,238000
920,20,RL,87.0,11029,PAVE,,IR1,LVL,ALLPUB,CORNER,GTL,NAMES,NORM,NORM,1FAM,1STORY,6,8,1958-01-01,2002-01-01,HIP,COMPSHG,METALSD,METALSD,,0.0,EX,TA,CBLOCK,GD,TA,NO,ALQ,528,BLQ,411,245,1184,GASA,EX,Y,SBRKR,1414,0,0,1414,1,0,1,0,3,1,TA,6,MIN1,1,TA,ATTCHD,1990.0,UNF,2,601,TA,TA,Y,0,51,0,0,190,0,,,,0,5,2008-01-01,WD,NORMAL,176500
921,60,RL,70.0,8462,PAVE,,IR1,LVL,ALLPUB,INSIDE,GTL,SAWYERW,NORM,NORM,1FAM,2STORY,6,5,1994-01-01,1994-01-01,GABLE,COMPSHG,HDBOARD,HDBOARD,BRKFACE,105.0,GD,GD,PCONC,GD,GD,NO,GLQ,814,UNF,0,114,928,GASA,EX,Y,SBRKR,936,785,0,1721,0,1,2,1,3,1,GD,7,TYP,0,,ATTCHD,1994.0,RFN,2,471,TA,TA,Y,300,87,0,0,0,0,,,,0,7,2007-01-01,WD,NORMAL,201000
922,90,RL,67.0,8777,PAVE,,REG,LVL,ALLPUB,INSIDE,GTL,EDWARDS,FEEDR,NORM,DUPLEX,1.5FIN,5,7,1900-01-01,2003-01-01,GABLE,COMPSHG,METALSD,METALSD,,0.0,TA,TA,CBLOCK,TA,TA,NO,ALQ,1084,UNF,0,188,1272,GASA,GD,Y,SBRKR,1272,928,0,2200,2,0,2,2,4,2,TA,9,TYP,0,,,,,0,0,,,N,0,70,0,0,0,0,,GDPRV,,0,9,2008-01-01,WD,NORMAL,145900
923,20,RL,65.0,10237,PAVE,,REG,LVL,ALLPUB,INSIDE,GTL,GILBERT,RRAN,NORM,1FAM,1STORY,6,5,2005-01-01,2006-01-01,GABLE,COMPSHG,VINYLSD,VINYLSD,,0.0,GD,TA,PCONC,GD,TA,NO,GLQ,28,UNF,0,1288,1316,GASA,EX,Y,SBRKR,1316,0,0,1316,0,0,2,0,3,1,GD,6,TYP,1,GD,ATTCHD,2005.0,FIN,2,397,TA,TA,Y,100,0,0,23,0,0,,,,0,10,2006-01-01,NEW,PARTIAL,169990
924,120,RL,50.0,8012,PAVE,,REG,LVL,ALLPUB,INSIDE,GTL,SAWYERW,NORM,NORM,TWNHSE,1STORY,6,5,1993-01-01,1994-01-01,GABLE,COMPSHG,PLYWOOD,PLYWOOD,,0.0,GD,TA,PCONC,GD,TA,NO,LWQ,165,GLQ,841,598,1604,GASA,EX,Y,SBRKR,1617,0,0,1617,1,0,2,0,2,1,GD,5,TYP,1,FA,ATTCHD,1993.0,RFN,2,533,TA,TA,Y,0,69,0,0,0,0,,,,0,7,2008-01-01,WD,NORMAL,193000
925,20,RL,79.0,10240,PAVE,,REG,LVL,ALLPUB,INSIDE,GTL,NWAMES,NORM,NORM,1FAM,1STORY,6,6,1980-01-01,1980-01-01,GABLE,COMPSHG,PLYWOOD,PLYWOOD,BRKFACE,157.0,TA,GD,CBLOCK,GD,TA,NO,BLQ,625,LWQ,1061,0,1686,GASA,TA,Y,SBRKR,1686,0,0,1686,1,0,2,0,3,1,TA,7,TYP,1,TA,ATTCHD,1980.0,UNF,2,612,TA,TA,Y,384,131,0,0,0,0,,,,0,5,2006-01-01,WD,NORMAL,207500
926,20,RL,,15611,PAVE,,IR1,LVL,ALLPUB,CORNER,GTL,NWAMES,NORM,NORM,1FAM,1STORY,5,6,1977-01-01,1977-01-01,GABLE,COMPSHG,VINYLSD,VINYLSD,,0.0,TA,TA,PCONC,GD,TA,AV,ALQ,767,LWQ,93,266,1126,GASA,TA,Y,SBRKR,1126,0,0,1126,0,1,2,0,3,1,EX,6,TYP,0,,ATTCHD,1977.0,RFN,2,540,TA,TA,Y,180,0,0,0,0,0,,,,0,3,2008-01-01,WD,ABNORML,175000
927,60,RL,93.0,11999,PAVE,,REG,LVL,ALLPUB,INSIDE,GTL,NRIDGHT,NORM,NORM,1FAM,2STORY,8,5,2003-01-01,2004-01-01,HIP,COMPSHG,VINYLSD,VINYLSD,BRKFACE,340.0,GD,TA,PCONC,GD,TA,NO,UNF,0,UNF,0,1181,1181,GASA,EX,Y,SBRKR,1234,1140,0,2374,0,0,2,1,4,1,EX,10,TYP,1,GD,BUILTIN,2003.0,FIN,3,656,TA,TA,Y,104,100,0,0,0,0,,,,0,5,2007-01-01,WD,NORMAL,285000
928,60,RL,,9900,PAVE,,REG,LVL,ALLPUB,INSIDE,GTL,NWAMES,FEEDR,NORM,1FAM,2STORY,7,5,1968-01-01,1968-01-01,GABLE,COMPSHG,METALSD,METALSD,BRKFACE,342.0,TA,TA,CBLOCK,TA,TA,NO,BLQ,552,UNF,0,280,832,GASA,GD,Y,SBRKR,1098,880,0,1978,0,0,2,1,4,1,TA,9,TYP,1,GD,ATTCHD,1968.0,RFN,2,486,TA,TA,Y,0,43,0,0,0,0,,GDPRV,,0,4,2008-01-01,WD,NORMAL,176000
929,20,RL,,11838,PAVE,,REG,LVL,ALLPUB,INSIDE,GTL,COLLGCR,NORM,NORM,1FAM,1STORY,8,5,2001-01-01,2001-01-01,HIP,COMPSHG,VINYLSD,VINYLSD,,0.0,GD,TA,PCONC,GD,TA,AV,UNF,0,UNF,0,1753,1753,GASA,EX,Y,SBRKR,1788,0,0,1788,0,0,2,0,3,1,EX,7,TYP,1,TA,ATTCHD,2001.0,RFN,2,522,TA,TA,Y,202,151,0,0,0,0,,,,0,6,2009-01-01,WD,NORMAL,236500
930,60,RL,,13006,PAVE,,IR1,LVL,ALLPUB,CORNER,GTL,GILBERT,NORM,NORM,1FAM,2STORY,7,5,1997-01-01,1997-01-01,GABLE,COMPSHG,HDBOARD,HDBOARD,BRKFACE,285.0,TA,TA,PCONC,GD,TA,NO,UNF,0,UNF,0,964,964,GASA,GD,Y,SBRKR,993,1243,0,2236,0,0,2,1,4,1,GD,8,TYP,1,TA,BUILTIN,1997.0,FIN,2,642,TA,TA,Y,0,0,0,0,0,0,,,,0,11,2006-01-01,WD,NORMAL,222000
931,20,RL,73.0,8925,PAVE,,IR1,HLS,ALLPUB,INSIDE,GTL,TIMBER,NORM,NORM,1FAM,1STORY,8,5,2007-01-01,2007-01-01,GABLE,COMPSHG,VINYLSD,VINYLSD,,0.0,GD,TA,PCONC,GD,TA,AV,GLQ,16,UNF,0,1450,1466,GASA,EX,Y,SBRKR,1466,0,0,1466,0,0,2,0,3,1,GD,7,TYP,0,,ATTCHD,2007.0,FIN,3,610,TA,TA,Y,100,18,0,0,0,0,,,,0,7,2009-01-01,WD,NORMAL,201000
932,20,RL,70.0,9100,PAVE,,REG,LVL,ALLPUB,INSIDE,GTL,NAMES,NORM,NORM,1FAM,1STORY,5,6,1965-01-01,1965-01-01,GABLE,COMPSHG,VINYLSD,VINYLSD,,0.0,TA,TA,CBLOCK,TA,TA,NO,BLQ,338,REC,466,121,925,GASA,EX,Y,SBRKR,925,0,0,925,0,1,1,0,2,1,TA,5,TYP,0,,DETCHD,1965.0,UNF,1,429,TA,TA,Y,0,0,0,0,0,0,,GDWO,,0,7,2009-01-01,WD,NORMAL,117500
933,20,RL,84.0,11670,PAVE,,IR1,LVL,ALLPUB,CORNER,GTL,SOMERST,RRNN,NORM,1FAM,1STORY,9,5,2006-01-01,2006-01-01,HIP,COMPSHG,VINYLSD,IMSTUCC,STONE,302.0,EX,TA,PCONC,EX,GD,NO,UNF,0,UNF,0,1905,1905,GASA,EX,Y,SBRKR,1905,0,0,1905,0,0,2,0,3,1,EX,8,TYP,1,GD,ATTCHD,2006.0,FIN,3,788,TA,TA,Y,0,191,0,0,0,0,,,,0,3,2007-01-01,WD,NORMAL,320000
934,20,RL,63.0,8487,PAVE,,REG,LVL,ALLPUB,FR2,GTL,COLLGCR,NORM,NORM,1FAM,1STORY,7,5,2004-01-01,2004-01-01,GABLE,COMPSHG,VINYLSD,VINYLSD,BRKFACE,210.0,GD,TA,PCONC,GD,TA,AV,GLQ,20,UNF,0,1480,1500,GASA,EX,Y,SBRKR,1500,0,0,1500,0,0,2,0,3,1,GD,6,TYP,0,,ATTCHD,2004.0,RFN,2,570,TA,TA,Y,192,36,0,0,0,0,,,,0,8,2009-01-01,WD,NORMAL,190000
935,20,RL,313.0,27650,PAVE,,IR2,HLS,ALLPUB,INSIDE,MOD,NAMES,POSA,NORM,1FAM,1STORY,7,7,1960-01-01,2007-01-01,FLAT,TAR&GRV,WD SDNG,WD SDNG,,0.0,TA,TA,CBLOCK,GD,TA,GD,GLQ,425,UNF,0,160,585,GASA,EX,Y,SBRKR,2069,0,0,2069,1,0,2,0,4,1,GD,9,TYP,1,GD,ATTCHD,1960.0,RFN,2,505,TA,TA,Y,0,0,0,0,0,0,,,,0,11,2008-01-01,WD,NORMAL,242000
936,30,RL,52.0,5825,PAVE,,IR1,LVL,ALLPUB,INSIDE,GTL,BRKSIDE,NORM,NORM,1FAM,1STORY,4,5,1926-01-01,1953-01-01,GABLE,COMPSHG,METALSD,METALSD,BRKFACE,108.0,TA,GD,PCONC,FA,TA,MN,UNF,0,UNF,0,600,600,GASA,GD,Y,SBRKR,747,0,0,747,0,0,1,0,1,1,TA,5,TYP,0,,DETCHD,1953.0,UNF,2,528,TA,TA,Y,0,0,32,0,0,0,,,,0,6,2006-01-01,WD,NORMAL,79900
937,20,RL,67.0,10083,PAVE,,REG,LVL,ALLPUB,INSIDE,GTL,SAWYERW,NORM,NORM,1FAM,1STORY,7,5,2003-01-01,2003-01-01,GABLE,COMPSHG,VINYLSD,VINYLSD,,,GD,TA,PCONC,GD,TA,NO,GLQ,833,UNF,0,343,1176,GASA,EX,Y,SBRKR,1200,0,0,1200,1,0,2,0,2,1,GD,5,TYP,0,,ATTCHD,2003.0,RFN,2,555,TA,TA,Y,0,41,0,0,0,0,,,,0,8,2009-01-01,WD,NORMAL,184900
938,60,RL,75.0,9675,PAVE,,REG,LVL,ALLPUB,INSIDE,GTL,SOMERST,NORM,NORM,1FAM,2STORY,7,5,2005-01-01,2005-01-01,GABLE,COMPSHG,VINYLSD,VINYLSD,,0.0,GD,TA,PCONC,GD,TA,MN,GLQ,341,UNF,0,772,1113,GASA,EX,Y,SBRKR,1113,858,0,1971,0,0,2,1,3,1,GD,8,TYP,1,GD,ATTCHD,2005.0,RFN,2,689,TA,TA,Y,0,48,0,0,0,0,,,,0,2,2009-01-01,WD,NORMAL,253000
939,60,RL,73.0,8760,PAVE,,REG,LVL,ALLPUB,INSIDE,GTL,COLLGCR,NORM,NORM,1FAM,2STORY,7,5,2006-01-01,2006-01-01,GABLE,COMPSHG,VINYLSD,VINYLSD,,0.0,GD,TA,PCONC,GD,GD,MN,GLQ,464,UNF,0,927,1391,GASA,EX,Y,SBRKR,1391,571,0,1962,0,0,2,1,3,1,GD,7,TYP,0,,ATTCHD,2006.0,RFN,3,868,TA,TA,Y,0,90,0,0,0,0,,,,0,8,2006-01-01,NEW,PARTIAL,239799
940,70,RL,,24090,PAVE,,REG,LVL,ALLPUB,INSIDE,GTL,CLEARCR,NORM,NORM,1FAM,2STORY,7,7,1940-01-01,1950-01-01,GABLE,COMPSHG,METALSD,METALSD,,0.0,TA,GD,CBLOCK,TA,TA,MN,UNF,0,UNF,0,1032,1032,GASA,EX,Y,SBRKR,1207,1196,0,2403,0,0,2,0,4,1,TA,10,TYP,2,TA,ATTCHD,1940.0,UNF,1,349,TA,TA,Y,56,0,318,0,0,0,,,,0,6,2010-01-01,COD,NORMAL,244400
941,90,RL,55.0,12640,PAVE,,IR1,LVL,ALLPUB,INSIDE,GTL,MITCHEL,NORM,NORM,DUPLEX,1STORY,6,5,1976-01-01,1976-01-01,GABLE,COMPSHG,PLYWOOD,PLYWOOD,,0.0,TA,TA,CBLOCK,TA,TA,GD,REC,936,LWQ,396,396,1728,GASA,TA,Y,SBRKR,1728,0,0,1728,0,0,2,0,4,2,TA,8,TYP,0,,ATTCHD,1976.0,UNF,2,574,TA,TA,Y,40,0,0,0,0,0,,,,0,7,2006-01-01,WD,NORMAL,150900
942,60,RL,,8755,PAVE,,IR1,LVL,ALLPUB,FR2,GTL,GILBERT,RRNN,NORM,1FAM,2STORY,7,5,1999-01-01,1999-01-01,GABLE,COMPSHG,VINYLSD,VINYLSD,BRKFACE,298.0,GD,TA,PCONC,GD,TA,NO,ALQ,772,UNF,0,220,992,GASA,EX,Y,SBRKR,1022,1038,0,2060,1,0,2,1,3,1,GD,8,TYP,1,TA,BUILTIN,1999.0,RFN,2,390,TA,TA,Y,0,0,0,168,0,0,,GDPRV,,0,6,2009-01-01,WD,NORMAL,214000
943,90,RL,42.0,7711,PAVE,,IR1,LVL,ALLPUB,INSIDE,GTL,EDWARDS,NORM,NORM,DUPLEX,1STORY,4,3,1977-01-01,1977-01-01,GABLE,COMPSHG,METALSD,METALSD,,0.0,TA,TA,PCONC,GD,TA,GD,GLQ,1440,UNF,0,0,1440,GASA,TA,Y,SBRKR,1440,0,0,1440,2,0,2,0,4,2,TA,8,TYP,0,,,,,0,0,,,N,321,0,0,0,0,0,,,,0,8,2007-01-01,OTH,ABNORML,150000
944,90,RL,100.0,25000,PAVE,,REG,LOW,ALLPUB,INSIDE,GTL,MITCHEL,NORM,NORM,DUPLEX,1STORY,5,4,1967-01-01,1967-01-01,GABLE,COMPSHG,HDBOARD,PLYWOOD,,0.0,TA,TA,CBLOCK,TA,TA,AV,UNF,0,UNF,0,1632,1632,GASA,TA,Y,SBRKR,1632,0,0,1632,0,0,2,0,4,2,TA,8,TYP,0,,ATTCHD,1967.0,UNF,2,576,TA,TA,P,0,0,0,0,0,0,,,,0,6,2007-01-01,WD,NORMAL,143000
945,20,RL,,14375,PAVE,,IR1,LVL,NOSEWA,CULDSAC,GTL,TIMBER,NORM,NORM,1FAM,SLVL,6,6,1958-01-01,1958-01-01,GABLE,COMPSHG,HDBOARD,HDBOARD,BRKFACE,541.0,TA,TA,CBLOCK,TA,TA,NO,GLQ,111,REC,354,354,819,GASA,GD,Y,FUSEA,1344,0,0,1344,0,1,1,0,3,1,GD,7,TYP,1,GD,BASMENT,1958.0,RFN,2,525,TA,TA,Y,0,118,0,0,233,0,,,,0,1,2009-01-01,COD,ABNORML,137500
946,50,RM,98.0,8820,PAVE,,REG,LVL,ALLPUB,CORNER,GTL,OLDTOWN,NORM,NORM,1FAM,1.5FIN,5,6,1890-01-01,1996-01-01,HIP,COMPSHG,VINYLSD,VINYLSD,,0.0,TA,TA,BRKTIL,TA,TA,NO,LWQ,1088,UNF,0,0,1088,GASA,TA,Y,SBRKR,1188,561,120,1869,0,0,1,0,2,1,TA,7,TYP,0,,DETCHD,1963.0,UNF,2,456,TA,TA,Y,48,0,244,0,0,0,,MNWW,,0,9,2009-01-01,WD,NORMAL,124900
947,80,RL,70.0,8163,PAVE,,REG,LVL,ALLPUB,INSIDE,GTL,NAMES,NORM,NORM,1FAM,SLVL,5,6,1959-01-01,1959-01-01,GABLE,COMPSHG,HDBOARD,HDBOARD,BRKFACE,128.0,TA,GD,CBLOCK,TA,TA,AV,ALQ,748,BLQ,294,102,1144,GASA,TA,Y,SBRKR,1144,0,0,1144,1,0,1,0,3,1,TA,6,TYP,1,TA,ATTCHD,1959.0,RFN,1,796,TA,TA,Y,86,0,0,0,0,0,,,,0,3,2006-01-01,WD,NORMAL,143000
948,20,RL,85.0,14536,PAVE,,REG,LVL,ALLPUB,INSIDE,GTL,TIMBER,NORM,NORM,1FAM,1STORY,8,5,2002-01-01,2003-01-01,HIP,COMPSHG,VINYLSD,VINYLSD,BRKFACE,236.0,GD,TA,PCONC,GD,TA,AV,GLQ,1300,UNF,0,316,1616,GASA,EX,Y,SBRKR,1629,0,0,1629,1,0,2,0,3,1,GD,9,TYP,1,GD,ATTCHD,2002.0,FIN,3,808,TA,TA,Y,0,252,0,0,0,0,,,,0,11,2007-01-01,WD,NORMAL,270000
949,60,RL,65.0,14006,PAVE,,IR1,LVL,ALLPUB,INSIDE,GTL,COLLGCR,NORM,NORM,1FAM,2STORY,7,5,2002-01-01,2002-01-01,GABLE,COMPSHG,VINYLSD,VINYLSD,BRKFACE,144.0,GD,TA,PCONC,GD,TA,,UNF,0,UNF,0,936,936,GASA,EX,Y,SBRKR,936,840,0,1776,0,0,2,1,3,1,GD,7,TYP,1,TA,ATTCHD,2002.0,RFN,2,474,TA,TA,Y,144,96,0,0,0,0,,,,0,2,2006-01-01,WD,NORMAL,192500
950,20,RL,78.0,9360,PAVE,,REG,LVL,ALLPUB,INSIDE,GTL,NWAMES,NORM,NORM,1FAM,1STORY,6,7,1972-01-01,2006-01-01,HIP,COMPSHG,PLYWOOD,PLYWOOD,,0.0,TA,TA,CBLOCK,TA,TA,NO,ALQ,982,UNF,0,179,1161,GASA,TA,Y,SBRKR,1381,0,0,1381,1,0,1,1,3,1,GD,5,TYP,1,TA,ATTCHD,1972.0,RFN,2,676,TA,TA,Y,0,0,0,0,0,0,,,,0,3,2010-01-01,WD,NORMAL,197500
951,20,RL,60.0,7200,PAVE,,REG,LVL,ALLPUB,INSIDE,GTL,NAMES,NORM,NORM,1FAM,1STORY,5,8,1950-01-01,2002-01-01,GABLE,COMPSHG,VINYLSD,VINYLSD,,0.0,TA,TA,CBLOCK,TA,TA,NO,ALQ,398,BLQ,149,317,864,GASA,GD,Y,SBRKR,864,0,0,864,1,0,1,0,3,1,GD,5,TYP,0,,DETCHD,1980.0,RFN,2,720,TA,TA,Y,194,0,0,0,0,0,,,,0,7,2007-01-01,WD,NORMAL,129000
952,20,RH,60.0,7800,PAVE,,REG,LVL,ALLPUB,CORNER,GTL,SAWYERW,NORM,NORM,1FAM,1STORY,5,5,1965-01-01,1965-01-01,GABLE,COMPSHG,VINYLSD,VINYLSD,,0.0,TA,TA,CBLOCK,TA,TA,NO,BLQ,641,UNF,0,187,828,GASA,GD,Y,SBRKR,965,0,0,965,1,0,1,0,3,1,TA,6,TYP,0,,DETCHD,1979.0,UNF,1,300,TA,TA,Y,421,0,0,0,0,0,,MNPRV,,0,7,2006-01-01,WD,ABNORML,119900
953,85,RL,60.0,7200,PAVE,,REG,LVL,ALLPUB,INSIDE,GTL,COLLGCR,NORM,NORM,1FAM,SFOYER,5,8,1972-01-01,2003-01-01,GABLE,COMPSHG,WDSHING,HDBOARD,,0.0,TA,GD,CBLOCK,GD,TA,AV,GLQ,660,UNF,0,108,768,GASA,GD,Y,SBRKR,768,0,0,768,0,1,1,0,2,1,TA,5,TYP,0,,DETCHD,1974.0,FIN,1,396,TA,TA,Y,192,0,0,0,0,0,,MNPRV,,0,4,2009-01-01,WD,NORMAL,133900
954,60,RL,,11075,PAVE,,IR1,LVL,ALLPUB,INSIDE,MOD,MITCHEL,NORM,NORM,1FAM,2STORY,5,4,1969-01-01,1969-01-01,GABLE,COMPSHG,HDBOARD,HDBOARD,BRKFACE,232.0,TA,TA,CBLOCK,TA,TA,AV,ALQ,562,LWQ,193,29,784,GASA,EX,Y,SBRKR,1168,800,0,1968,0,1,2,1,4,1,TA,7,MIN2,1,PO,ATTCHD,1969.0,RFN,2,530,TA,TA,Y,305,189,0,0,0,0,,MNPRV,SHED,400,9,2008-01-01,WD,NORMAL,172000
955,90,RL,35.0,9400,PAVE,,IR1,LVL,ALLPUB,CULDSAC,GTL,EDWARDS,NORM,NORM,DUPLEX,SFOYER,6,5,1975-01-01,1975-01-01,FLAT,TAR&GRV,WDSHING,PLYWOOD,BRKFACE,250.0,TA,TA,CBLOCK,GD,GD,GD,GLQ,945,UNF,0,0,945,GASA,TA,Y,SBRKR,980,0,0,980,0,2,2,0,4,0,TA,4,TYP,0,,,,,0,0,,,Y,0,0,0,0,0,0,,,,0,10,2006-01-01,WD,ADJLAND,127500
956,90,RH,82.0,7136,PAVE,,IR1,HLS,ALLPUB,INSIDE,GTL,CRAWFOR,NORM,NORM,DUPLEX,2STORY,6,6,1946-01-01,1950-01-01,GABLE,COMPSHG,METALSD,METALSD,BRKFACE,423.0,TA,TA,CBLOCK,GD,TA,NO,REC,484,UNF,0,495,979,GASA,TA,N,FUSEF,979,979,0,1958,0,0,2,0,4,2,TA,8,TYP,0,,ATTCHD,1946.0,UNF,2,492,TA,TA,Y,0,0,0,0,0,0,,,,0,8,2007-01-01,WD,NORMAL,145000
957,160,RM,24.0,1300,PAVE,,REG,LVL,ALLPUB,INSIDE,GTL,BLUESTE,NORM,NORM,TWNHSE,2STORY,6,6,1980-01-01,1980-01-01,GABLE,COMPSHG,METALSD,METALSD,,0.0,TA,TA,CBLOCK,GD,TA,NO,ALQ,285,UNF,0,276,561,GASA,TA,Y,SBRKR,561,668,0,1229,0,0,1,1,2,1,TA,5,TYP,1,TA,ATTCHD,1980.0,FIN,2,462,TA,TA,Y,150,0,0,0,0,0,,GDPRV,,0,5,2009-01-01,WD,NORMAL,124000
958,20,RL,70.0,7420,PAVE,,REG,LVL,ALLPUB,INSIDE,GTL,SAWYER,NORM,NORM,1FAM,1STORY,5,5,1962-01-01,1962-01-01,HIP,COMPSHG,METALSD,METALSD,,0.0,TA,TA,CBLOCK,TA,TA,NO,REC,417,UNF,0,640,1057,GASA,TA,Y,SBRKR,1057,0,0,1057,0,0,1,0,3,1,TA,6,TYP,0,,DETCHD,1977.0,FIN,2,576,TA,TA,Y,0,0,0,0,0,0,,,,0,4,2007-01-01,WD,NORMAL,132000
959,20,RL,65.0,8450,PAVE,,REG,LVL,ALLPUB,INSIDE,GTL,COLLGCR,NORM,NORM,1FAM,1STORY,7,5,2003-01-01,2003-01-01,GABLE,COMPSHG,VINYLSD,VINYLSD,,0.0,GD,TA,PCONC,GD,TA,MN,GLQ,699,UNF,0,638,1337,GASA,EX,Y,SBRKR,1337,0,0,1337,1,0,2,0,3,1,GD,6,TYP,0,,ATTCHD,2003.0,RFN,2,531,TA,TA,Y,0,39,0,0,0,0,,,,0,10,2007-01-01,WD,NORMAL,185000
960,160,FV,24.0,2572,PAVE,,REG,LVL,ALLPUB,FR2,GTL,SOMERST,NORM,NORM,TWNHS,2STORY,7,5,1999-01-01,1999-01-01,HIP,COMPSHG,METALSD,METALSD,,0.0,GD,TA,PCONC,GD,TA,NO,ALQ,604,UNF,0,92,696,GASA,EX,Y,SBRKR,696,720,0,1416,1,0,2,1,3,1,GD,6,TYP,0,,DETCHD,1999.0,UNF,2,484,TA,TA,Y,0,44,0,0,0,0,,,,0,5,2010-01-01,WD,NORMAL,155000
961,20,RL,50.0,7207,PAVE,,IR1,LVL,ALLPUB,INSIDE,GTL,BRKSIDE,NORM,NORM,1FAM,1STORY,5,7,1958-01-01,2008-01-01,GABLE,COMPSHG,WD SDNG,PLYWOOD,,0.0,TA,GD,CBLOCK,TA,TA,GD,BLQ,696,UNF,0,162,858,GASA,GD,Y,SBRKR,858,0,0,858,1,0,1,0,2,1,TA,4,TYP,0,,,,,0,0,,,Y,117,0,0,0,0,0,,,,0,2,2010-01-01,WD,NORMAL,116500
962,60,RL,,12227,PAVE,,IR1,LVL,ALLPUB,CORNER,GTL,NWAMES,POSN,NORM,1FAM,2STORY,6,7,1977-01-01,1995-01-01,GABLE,COMPSHG,HDBOARD,HDBOARD,BRKFACE,424.0,TA,GD,CBLOCK,GD,GD,NO,ALQ,896,UNF,0,434,1330,GASA,TA,Y,SBRKR,1542,1330,0,2872,1,0,2,1,4,1,TA,11,TYP,1,TA,ATTCHD,1977.0,FIN,2,619,TA,TA,Y,550,282,0,0,0,0,,,,0,7,2008-01-01,WD,NORMAL,272000
963,160,RL,24.0,2308,PAVE,,REG,LVL,ALLPUB,CORNER,GTL,NPKVILL,NORM,NORM,TWNHSE,2STORY,6,6,1976-01-01,1976-01-01,GABLE,COMPSHG,PLYWOOD,BRK CMN,,0.0,TA,TA,CBLOCK,GD,TA,NO,ALQ,556,UNF,0,248,804,GASA,TA,Y,SBRKR,804,744,0,1548,1,0,2,1,3,1,GD,7,TYP,1,TA,DETCHD,1976.0,UNF,2,440,TA,TA,Y,48,0,0,0,0,0,,,,0,7,2007-01-01,WD,NORMAL,155000
964,20,RL,122.0,11923,PAVE,,IR1,LVL,ALLPUB,CORNER,GTL,COLLGCR,NORM,NORM,1FAM,1STORY,9,5,2007-01-01,2007-01-01,GABLE,COMPSHG,VINYLSD,VINYLSD,,0.0,GD,TA,PCONC,EX,TA,NO,UNF,0,UNF,0,1800,1800,GASA,EX,Y,SBRKR,1800,0,0,1800,0,0,2,0,2,1,EX,7,TYP,0,,ATTCHD,2007.0,FIN,2,702,TA,TA,Y,288,136,0,0,0,0,,,,0,5,2009-01-01,WD,NORMAL,239000
965,60,RL,80.0,11316,PAVE,,REG,LVL,ALLPUB,CORNER,GTL,TIMBER,NORM,NORM,1FAM,2STORY,7,5,2002-01-01,2003-01-01,GABLE,COMPSHG,VINYLSD,VINYLSD,BRKFACE,44.0,GD,TA,PCONC,GD,TA,NO,GLQ,624,UNF,0,193,817,GASA,EX,Y,SBRKR,824,1070,0,1894,1,0,2,1,4,1,GD,8,TYP,1,GD,BUILTIN,2002.0,FIN,2,510,TA,TA,Y,0,40,0,0,0,0,,,,0,2,2010-01-01,WD,NORMAL,214900
966,60,RL,65.0,10237,PAVE,,REG,LVL,ALLPUB,INSIDE,GTL,GILBERT,RRAN,NORM,1FAM,2STORY,6,5,2005-01-01,2007-01-01,GABLE,COMPSHG,VINYLSD,VINYLSD,,0.0,GD,TA,PCONC,GD,TA,NO,UNF,0,UNF,0,783,783,GASA,EX,Y,SBRKR,783,701,0,1484,0,0,2,1,3,1,GD,8,TYP,1,GD,ATTCHD,2005.0,FIN,2,393,TA,TA,Y,0,72,0,0,0,0,,,,0,7,2007-01-01,NEW,PARTIAL,178900
967,50,RL,130.0,9600,PAVE,,IR1,HLS,ALLPUB,INSIDE,GTL,CRAWFOR,NORM,NORM,1FAM,1.5FIN,5,7,1940-01-01,1950-01-01,GABLE,COMPSHG,METALSD,METALSD,,0.0,GD,GD,BRKTIL,TA,FA,NO,REC,428,UNF,0,300,728,GASA,EX,Y,SBRKR,976,332,0,1308,1,0,1,1,2,1,TA,7,MIN2,2,TA,DETCHD,1940.0,UNF,1,256,TA,TA,Y,0,70,0,0,0,0,,,,0,6,2009-01-01,WD,NORMAL,160000
968,20,RL,,7390,PAVE,,IR1,LVL,ALLPUB,INSIDE,GTL,NAMES,NORM,NORM,1FAM,1STORY,5,7,1955-01-01,1955-01-01,HIP,COMPSHG,WD SDNG,WD SDNG,BRKFACE,151.0,TA,TA,CBLOCK,TA,TA,NO,ALQ,902,UNF,0,196,1098,GASA,TA,Y,SBRKR,1098,0,0,1098,1,0,1,0,3,1,TA,6,TYP,0,,ATTCHD,1955.0,UNF,1,260,TA,TA,Y,0,0,0,0,0,0,,,,0,7,2008-01-01,WD,NORMAL,135000
969,50,RM,50.0,5925,PAVE,,REG,LVL,ALLPUB,INSIDE,GTL,OLDTOWN,NORM,NORM,1FAM,1.5FIN,3,6,1910-01-01,1950-01-01,GABLE,COMPSHG,VINYLSD,VINYLSD,,0.0,TA,TA,BRKTIL,TA,TA,NO,UNF,0,UNF,0,600,600,GRAV,FA,N,SBRKR,600,368,0,968,0,0,1,0,2,1,TA,6,TYP,0,,,,,0,0,,,Y,0,0,0,0,0,0,,GDWO,,0,5,2009-01-01,WD,ABNORML,37900
970,190,RL,75.0,10382,PAVE,,REG,LVL,ALLPUB,INSIDE,GTL,NAMES,NORM,NORM,2FMCON,SLVL,6,5,1958-01-01,1958-01-01,HIP,COMPSHG,HDBOARD,HDBOARD,BRKFACE,105.0,TA,FA,CBLOCK,TA,TA,GD,ALQ,513,UNF,0,75,588,GASA,TA,Y,SBRKR,1095,0,0,1095,1,0,1,0,2,1,TA,6,TYP,0,,ATTCHD,1958.0,RFN,1,264,TA,TA,Y,0,0,0,0,0,0,,,,0,3,2006-01-01,CONLD,NORMAL,140000
971,50,RL,60.0,10800,PAVE,,REG,LVL,ALLPUB,INSIDE,GTL,NAMES,NORM,NORM,1FAM,1.5FIN,4,4,1949-01-01,1950-01-01,GABLE,COMPSHG,ASBSHNG,ASBSHNG,,0.0,TA,TA,CBLOCK,TA,TA,NO,UNF,0,UNF,0,720,720,GASA,TA,N,FUSEA,720,472,0,1192,0,0,1,1,4,1,TA,6,TYP,0,,,,,0,0,,,Y,0,0,0,0,0,0,,,,0,12,2006-01-01,WD,ABNORML,135000
972,160,RL,36.0,2268,PAVE,,REG,LVL,ALLPUB,INSIDE,GTL,NRIDGHT,NORM,NORM,TWNHS,2STORY,7,5,2003-01-01,2004-01-01,GABLE,COMPSHG,VINYLSD,WD SHNG,STONE,106.0,GD,TA,PCONC,GD,TA,NO,GLQ,567,UNF,0,197,764,GASA,EX,Y,SBRKR,764,862,0,1626,0,0,2,0,2,1,GD,6,TYP,0,,BUILTIN,2003.0,RFN,2,474,TA,TA,Y,0,27,0,0,0,0,,,,0,7,2009-01-01,WD,NORMAL,173000
973,120,RL,55.0,7892,PAVE,,REG,LVL,ALLPUB,INSIDE,GTL,SAWYERW,NORM,NORM,TWNHSE,1STORY,6,5,1979-01-01,1979-01-01,GABLE,COMPSHG,PLYWOOD,PLYWOOD,,0.0,TA,TA,CBLOCK,GD,TA,NO,UNF,0,UNF,0,918,918,GASA,TA,Y,SBRKR,918,0,0,918,0,0,2,0,2,1,TA,5,TYP,1,TA,ATTCHD,1979.0,UNF,1,264,TA,TA,Y,28,0,0,0,0,0,,,,0,4,2010-01-01,WD,NORMAL,99500
974,20,FV,95.0,11639,PAVE,,REG,LVL,ALLPUB,CORNER,GTL,SOMERST,NORM,NORM,1FAM,1STORY,7,5,2007-01-01,2008-01-01,GABLE,COMPSHG,CEMNTBD,CMENTBD,,,GD,TA,PCONC,GD,TA,NO,UNF,0,UNF,0,1428,1428,GASA,EX,Y,SBRKR,1428,0,0,1428,0,0,2,0,3,1,GD,6,TYP,0,,ATTCHD,2007.0,FIN,2,480,TA,TA,Y,0,120,0,0,0,0,,,,0,12,2008-01-01,NEW,PARTIAL,182000
975,70,RL,60.0,11414,PAVE,,IR1,LVL,ALLPUB,CORNER,GTL,BRKSIDE,RRAN,FEEDR,1FAM,2STORY,7,8,1910-01-01,1993-01-01,GABLE,COMPSHG,HDBOARD,HDBOARD,,0.0,TA,GD,BRKTIL,GD,TA,NO,UNF,0,UNF,0,728,728,GASA,TA,N,SBRKR,1136,883,0,2019,0,0,1,0,3,1,GD,8,TYP,0,,DETCHD,1997.0,UNF,2,532,TA,TA,Y,509,135,0,0,0,0,,GDPRV,,0,10,2009-01-01,WD,NORMAL,167500
976,160,FV,,2651,PAVE,,REG,LVL,ALLPUB,FR2,GTL,SOMERST,NORM,NORM,TWNHS,2STORY,7,5,2000-01-01,2000-01-01,GABLE,COMPSHG,METALSD,METALSD,,0.0,GD,TA,PCONC,GD,TA,NO,GLQ,641,UNF,0,32,673,GASA,EX,Y,SBRKR,673,709,0,1382,1,0,2,1,3,1,GD,6,TYP,0,,DETCHD,2000.0,UNF,2,490,TA,TA,Y,153,50,0,0,0,0,,,,0,4,2006-01-01,WD,NORMAL,165000
977,30,RL,51.0,5900,PAVE,,IR1,BNK,ALLPUB,INSIDE,GTL,BRKSIDE,NORM,NORM,1FAM,1STORY,4,7,1923-01-01,1958-01-01,GABLE,COMPSHG,WD SDNG,WD SDNG,,0.0,TA,TA,PCONC,GD,TA,NO,UNF,0,UNF,0,440,440,GASA,TA,Y,FUSEA,869,0,0,869,0,0,1,0,2,1,FA,4,TYP,0,,,,,0,0,,,Y,0,0,0,0,0,0,,,,0,8,2006-01-01,WD,NORMAL,85500
978,120,FV,35.0,4274,PAVE,PAVE,IR1,LVL,ALLPUB,INSIDE,GTL,SOMERST,NORM,NORM,TWNHSE,1STORY,7,5,2006-01-01,2007-01-01,GABLE,COMPSHG,VINYLSD,VINYLSD,,,GD,TA,PCONC,GD,TA,NO,GLQ,1106,UNF,0,135,1241,GASA,EX,Y,SBRKR,1241,0,0,1241,1,0,1,1,1,1,GD,4,TYP,0,,ATTCHD,2007.0,FIN,2,569,TA,TA,Y,0,116,0,0,0,0,,,,0,11,2007-01-01,NEW,PARTIAL,199900
979,20,RL,68.0,9450,PAVE,,REG,BNK,ALLPUB,INSIDE,MOD,EDWARDS,NORM,NORM,1FAM,1STORY,4,5,1954-01-01,1954-01-01,GABLE,COMPSHG,METALSD,METALSD,,0.0,TA,TA,CBLOCK,TA,TA,NO,LWQ,552,UNF,0,342,894,GASA,EX,Y,SBRKR,894,0,0,894,0,0,1,0,3,1,TA,5,TYP,0,,DETCHD,1999.0,UNF,2,400,TA,TA,Y,0,0,0,0,0,0,,,,0,5,2007-01-01,WD,ABNORML,110000
980,20,RL,80.0,8816,PAVE,,REG,LVL,ALLPUB,CORNER,GTL,SAWYER,FEEDR,NORM,1FAM,1STORY,5,6,1963-01-01,1963-01-01,GABLE,COMPSHG,VINYLSD,VINYLSD,,0.0,TA,TA,PCONC,TA,TA,NO,REC,651,UNF,0,470,1121,GASA,TA,Y,SBRKR,1121,0,0,1121,1,0,1,0,3,1,TA,5,TYP,0,,DETCHD,1963.0,UNF,2,480,TA,TA,Y,0,80,0,0,0,0,,MNPRV,,0,6,2009-01-01,WD,NORMAL,139000
981,85,RL,,12122,PAVE,,IR1,LVL,ALLPUB,CORNER,GTL,NAMES,NORM,NORM,1FAM,SFOYER,7,9,1961-01-01,2007-01-01,GABLE,COMPSHG,CEMNTBD,CMENTBD,STONE,210.0,EX,TA,CBLOCK,TA,TA,AV,ALQ,867,UNF,0,77,944,GASA,GD,Y,SBRKR,999,0,0,999,1,0,1,0,3,1,EX,6,TYP,0,,ATTCHD,1961.0,RFN,2,588,TA,TA,Y,144,76,0,0,0,0,,,,0,7,2008-01-01,WD,NORMAL,178400
982,60,RL,98.0,12203,PAVE,,IR1,LVL,ALLPUB,CORNER,GTL,NORIDGE,NORM,NORM,1FAM,2STORY,8,5,1998-01-01,1999-01-01,HIP,COMPSHG,VINYLSD,VINYLSD,BRKFACE,975.0,GD,TA,PCONC,GD,TA,NO,GLQ,854,UNF,0,371,1225,GASA,EX,Y,SBRKR,1276,1336,0,2612,1,0,2,1,4,1,GD,8,TYP,1,TA,ATTCHD,1998.0,FIN,3,676,TA,TA,Y,250,0,0,0,0,0,,,,0,7,2009-01-01,WD,NORMAL,336000
983,20,RL,43.0,3182,PAVE,,REG,LVL,ALLPUB,INSIDE,GTL,BLMNGTN,NORM,NORM,1FAM,1STORY,7,5,2007-01-01,2007-01-01,GABLE,COMPSHG,VINYLSD,VINYLSD,BRKFACE,16.0,GD,TA,PCONC,GD,TA,AV,UNF,0,UNF,0,1266,1266,GASA,EX,Y,SBRKR,1266,0,0,1266,0,0,2,0,2,1,GD,6,TYP,1,GD,ATTCHD,2007.0,FIN,2,388,TA,TA,Y,100,16,0,0,0,0,,,,0,3,2008-01-01,WD,NORMAL,159895
984,60,RL,,11250,PAVE,,REG,LVL,ALLPUB,CORNER,GTL,COLLGCR,NORM,NORM,1FAM,2STORY,8,5,2002-01-01,2002-01-01,GABLE,COMPSHG,CEMNTBD,CMENTBD,,0.0,GD,TA,PCONC,GD,TA,MN,UNF,0,UNF,0,1128,1128,GASA,EX,Y,SBRKR,1149,1141,0,2290,0,0,2,1,4,1,GD,9,TYP,1,GD,ATTCHD,2002.0,UNF,2,779,TA,TA,Y,0,0,0,0,0,0,,,,0,5,2008-01-01,WD,NORMAL,255900
985,90,RL,75.0,10125,PAVE,,REG,LVL,ALLPUB,INSIDE,GTL,MITCHEL,NORM,NORM,DUPLEX,1.5FIN,5,5,1977-01-01,1977-01-01,GABLE,COMPSHG,PLYWOOD,PLYWOOD,,0.0,TA,TA,CBLOCK,,,,,0,,0,0,0,GASA,TA,Y,SBRKR,1302,432,0,1734,0,0,2,0,4,2,GD,8,TYP,0,,ATTCHD,1977.0,UNF,2,539,TA,TA,Y,0,0,0,0,0,0,,,,0,8,2009-01-01,COD,NORMAL,126000
986,190,RL,68.0,10880,PAVE,,REG,LVL,ALLPUB,INSIDE,GTL,EDWARDS,NORM,NORM,2FMCON,1STORY,5,5,1950-01-01,1950-01-01,GABLE,COMPSHG,METALSD,METALSD,,0.0,TA,TA,CBLOCK,TA,TA,NO,ALQ,1040,UNF,0,124,1164,GASW,TA,N,SBRKR,1164,0,0,1164,1,0,1,0,3,1,TA,5,TYP,0,,DETCHD,1950.0,UNF,1,240,TA,TA,Y,0,48,0,0,0,0,,,,0,8,2008-01-01,CONLD,NORMAL,125000
987,50,RM,59.0,5310,PAVE,,REG,LVL,ALLPUB,CORNER,GTL,OLDTOWN,FEEDR,NORM,1FAM,1.5FIN,6,8,1910-01-01,2003-01-01,HIP,COMPSHG,VINYLSD,VINYLSD,,0.0,TA,GD,CBLOCK,TA,FA,NO,UNF,0,UNF,0,485,485,GASA,GD,Y,SBRKR,1001,634,0,1635,0,0,1,0,2,1,GD,5,TYP,0,,ATTCHD,1950.0,UNF,1,255,FA,TA,Y,394,0,0,0,0,0,,,,0,6,2006-01-01,WD,NORMAL,117000
988,20,RL,83.0,10159,PAVE,,IR1,LVL,ALLPUB,INSIDE,GTL,NRIDGHT,NORM,NORM,1FAM,1STORY,9,5,2009-01-01,2010-01-01,HIP,COMPSHG,VINYLSD,VINYLSD,STONE,450.0,EX,TA,PCONC,EX,TA,AV,GLQ,1646,UNF,0,284,1930,GASA,EX,Y,SBRKR,1940,0,0,1940,1,0,2,1,3,1,EX,8,TYP,1,GD,ATTCHD,2010.0,FIN,3,606,TA,TA,Y,168,95,0,0,0,0,,,,0,4,2010-01-01,NEW,PARTIAL,395192
989,60,RL,,12046,PAVE,,IR1,LVL,ALLPUB,INSIDE,GTL,NWAMES,NORM,NORM,1FAM,2STORY,6,6,1976-01-01,1976-01-01,GABLE,COMPSHG,PLYWOOD,PLYWOOD,BRKFACE,298.0,TA,TA,CBLOCK,TA,TA,NO,LWQ,156,UNF,0,692,848,GASA,TA,Y,SBRKR,1118,912,0,2030,0,0,2,1,4,1,GD,8,TYP,1,TA,ATTCHD,1976.0,FIN,2,551,TA,TA,Y,0,224,0,0,0,0,,,,0,6,2007-01-01,WD,NORMAL,195000
990,60,FV,65.0,8125,PAVE,,REG,LVL,ALLPUB,INSIDE,GTL,SOMERST,NORM,NORM,1FAM,2STORY,7,5,2006-01-01,2006-01-01,GABLE,COMPSHG,VINYLSD,VINYLSD,,0.0,GD,TA,PCONC,GD,GD,NO,UNF,0,UNF,0,770,770,GASA,EX,Y,SBRKR,778,798,0,1576,0,0,2,1,3,1,GD,6,TYP,0,,ATTCHD,2006.0,RFN,2,614,TA,TA,Y,0,50,0,0,0,0,,,,0,8,2006-01-01,NEW,PARTIAL,197000
991,60,RL,82.0,9452,PAVE,,REG,LVL,ALLPUB,INSIDE,GTL,NORIDGE,NORM,NORM,1FAM,2STORY,8,5,1997-01-01,1998-01-01,GABLE,COMPSHG,VINYLSD,VINYLSD,BRKFACE,423.0,GD,TA,PCONC,GD,TA,NO,GLQ,1074,UNF,0,322,1396,GASA,EX,Y,SBRKR,1407,985,0,2392,1,0,2,1,3,1,GD,7,TYP,1,TA,ATTCHD,1997.0,FIN,3,870,TA,TA,Y,0,70,0,0,0,0,,,,0,6,2006-01-01,WD,NORMAL,348000
992,70,RM,121.0,17671,PAVE,GRVL,REG,LVL,ALLPUB,CORNER,GTL,OLDTOWN,ARTERY,NORM,1FAM,2STORY,8,9,1882-01-01,1986-01-01,GABLE,COMPSHG,WD SDNG,WD SDNG,,0.0,GD,GD,BRKTIL,TA,TA,NO,BLQ,216,UNF,0,700,916,GASA,GD,Y,SBRKR,916,826,0,1742,0,0,1,1,4,1,GD,8,TYP,1,GD,ATTCHD,1925.0,UNF,2,424,TA,TA,P,0,169,0,0,0,0,,,,0,11,2009-01-01,WD,NORMAL,168000
993,60,RL,80.0,9760,PAVE,,REG,LVL,ALLPUB,INSIDE,MOD,NAMES,NORM,NORM,1FAM,2STORY,6,8,1964-01-01,1993-01-01,HIP,COMPSHG,WD SDNG,WD SDNG,BRKFACE,340.0,TA,TA,CBLOCK,TA,TA,GD,BLQ,536,REC,117,169,822,GASA,GD,Y,SBRKR,1020,831,0,1851,0,0,2,1,3,1,GD,7,TYP,1,FA,ATTCHD,1964.0,RFN,2,440,TA,TA,Y,239,42,0,0,0,0,,MNWW,,0,7,2007-01-01,WD,NORMAL,187000
994,60,RL,68.0,8846,PAVE,,REG,LVL,ALLPUB,INSIDE,GTL,COLLGCR,NORM,NORM,1FAM,2STORY,6,5,2005-01-01,2006-01-01,GABLE,COMPSHG,VINYLSD,VINYLSD,,0.0,TA,TA,PCONC,GD,TA,NO,UNF,0,UNF,0,750,750,GASA,EX,Y,SBRKR,750,750,0,1500,0,0,2,1,3,1,GD,6,TYP,0,,ATTCHD,2005.0,RFN,2,564,TA,TA,Y,0,35,0,0,0,0,,,,0,8,2006-01-01,NEW,PARTIAL,173900
995,20,RL,96.0,12456,PAVE,,REG,LVL,ALLPUB,FR2,GTL,NRIDGHT,NORM,NORM,1FAM,1STORY,10,5,2006-01-01,2007-01-01,HIP,COMPSHG,CEMNTBD,CMENTBD,STONE,230.0,EX,TA,PCONC,EX,TA,GD,GLQ,1172,UNF,0,528,1700,GASA,EX,Y,SBRKR,1718,0,0,1718,1,0,2,0,3,1,EX,7,TYP,1,GD,ATTCHD,2008.0,FIN,3,786,TA,TA,Y,216,48,0,0,0,0,,,,0,7,2009-01-01,WD,NORMAL,337500
996,50,RL,51.0,4712,PAVE,,IR1,LVL,ALLPUB,INSIDE,MOD,BRKSIDE,FEEDR,NORM,1FAM,1.5FIN,4,7,1946-01-01,1950-01-01,GABLE,COMPSHG,METALSD,METALSD,,0.0,TA,TA,CBLOCK,TA,TA,NO,ALQ,384,UNF,0,363,747,GASA,TA,Y,SBRKR,774,456,0,1230,1,0,1,1,3,1,TA,5,TYP,0,,DETCHD,1946.0,UNF,1,305,TA,TA,Y,0,57,0,0,63,0,,MNPRV,,0,8,2006-01-01,WD,ABNORML,121600
997,20,RL,,10659,PAVE,,IR1,LVL,ALLPUB,INSIDE,GTL,NAMES,NORM,NORM,1FAM,1STORY,5,6,1961-01-01,1961-01-01,HIP,COMPSHG,WD SDNG,WD SDNG,,0.0,TA,TA,CBLOCK,TA,TA,NO,REC,915,UNF,0,135,1050,GASA,TA,Y,SBRKR,1050,0,0,1050,1,0,1,0,3,1,TA,6,TYP,0,,ATTCHD,1961.0,UNF,1,368,TA,TA,Y,0,319,0,0,0,0,,,,0,1,2006-01-01,COD,NORMAL,136500
998,20,RL,,11717,PAVE,,IR1,LVL,ALLPUB,INSIDE,GTL,NWAMES,POSA,NORM,1FAM,1STORY,6,6,1970-01-01,1970-01-01,HIP,COMPSHG,HDBOARD,HDBOARD,BRKFACE,571.0,TA,TA,CBLOCK,TA,TA,NO,UNF,0,UNF,0,1442,1442,GASA,TA,Y,SBRKR,1442,0,0,1442,0,0,2,0,2,1,TA,6,TYP,1,TA,ATTCHD,1970.0,RFN,2,615,TA,TA,Y,371,0,0,0,0,0,,,,0,2,2009-01-01,WD,NORMAL,185000
999,30,RM,60.0,9786,PAVE,,REG,LVL,ALLPUB,INSIDE,GTL,IDOTRR,NORM,NORM,1FAM,1STORY,3,4,1922-01-01,1950-01-01,HIP,COMPSHG,WD SDNG,WD SDNG,,0.0,TA,TA,BRKTIL,TA,FA,NO,UNF,0,UNF,0,1007,1007,GASA,FA,N,SBRKR,1077,0,0,1077,0,0,1,0,3,1,TA,6,TYP,1,GD,DETCHD,1922.0,UNF,1,210,TA,FA,P,0,100,48,0,0,0,,,,0,5,2006-01-01,WD,NORMAL,91000
1000,20,RL,64.0,6762,PAVE,,REG,LVL,ALLPUB,INSIDE,GTL,COLLGCR,NORM,NORM,1FAM,1STORY,7,5,2006-01-01,2006-01-01,GABLE,COMPSHG,VINYLSD,VINYLSD,STONE,24.0,GD,TA,PCONC,GD,TA,AV,GLQ,686,UNF,0,501,1187,GASA,EX,Y,SBRKR,1208,0,0,1208,1,0,2,0,2,1,GD,6,TYP,0,,ATTCHD,2006.0,RFN,2,632,TA,TA,Y,105,61,0,0,0,0,,,,0,2,2010-01-01,WD,NORMAL,206000
1001,20,RL,74.0,10206,PAVE,,REG,LVL,ALLPUB,CORNER,GTL,EDWARDS,NORM,NORM,1FAM,1STORY,3,3,1952-01-01,1952-01-01,FLAT,TAR&GRV,BRKCOMM,BRK CMN,,0.0,TA,TA,SLAB,,,,,0,,0,0,0,GASW,FA,N,FUSEF,944,0,0,944,0,0,1,0,2,1,FA,4,MIN1,0,,DETCHD,1956.0,UNF,2,528,TA,FA,Y,0,0,0,0,0,0,,,,0,7,2009-01-01,WD,NORMAL,82000
1002,30,RL,60.0,5400,PAVE,,REG,LVL,ALLPUB,CORNER,GTL,OLDTOWN,NORM,NORM,1FAM,1STORY,5,6,1920-01-01,1950-01-01,GABLE,COMPSHG,WD SDNG,WD SDNG,,0.0,TA,TA,BRKTIL,FA,TA,NO,UNF,0,UNF,0,691,691,GASA,EX,Y,FUSEA,691,0,0,691,0,0,1,0,2,1,EX,4,TYP,0,,DETCHD,1920.0,UNF,1,216,FA,TA,N,0,20,94,0,0,0,,,,0,1,2007-01-01,WD,ABNORML,86000
1003,20,RL,75.0,11957,PAVE,,IR1,LVL,ALLPUB,INSIDE,GTL,SOMERST,RRAN,NORM,1FAM,1STORY,8,5,2006-01-01,2006-01-01,GABLE,COMPSHG,VINYLSD,VINYLSD,BRKFACE,53.0,GD,TA,PCONC,GD,TA,NO,GLQ,24,UNF,0,1550,1574,GASA,EX,Y,SBRKR,1574,0,0,1574,0,0,2,0,3,1,GD,7,TYP,1,GD,ATTCHD,2006.0,RFN,3,824,TA,TA,Y,144,104,0,0,0,0,,,,0,7,2008-01-01,WD,NORMAL,232000
1004,90,RL,,11500,PAVE,,IR1,LVL,ALLPUB,CORNER,GTL,NWAMES,FEEDR,RRAN,DUPLEX,1STORY,5,6,1976-01-01,1976-01-01,GABLE,COMPSHG,VINYLSD,VINYLSD,BRKFACE,164.0,TA,TA,CBLOCK,TA,TA,NO,UNF,0,UNF,0,1680,1680,GASA,FA,Y,SBRKR,1680,0,0,1680,0,0,2,0,4,2,TA,8,TYP,0,,DETCHD,1976.0,UNF,2,528,TA,TA,Y,0,0,0,0,0,0,,,,0,6,2007-01-01,WD,NORMAL,136905
1005,120,RL,43.0,3182,PAVE,,REG,LVL,ALLPUB,INSIDE,GTL,BLMNGTN,NORM,NORM,TWNHSE,1STORY,7,5,2005-01-01,2006-01-01,GABLE,COMPSHG,VINYLSD,VINYLSD,BRKFACE,16.0,GD,TA,PCONC,GD,TA,NO,GLQ,16,UNF,0,1330,1346,GASA,EX,Y,SBRKR,1504,0,0,1504,0,0,2,0,1,1,GD,7,TYP,1,GD,ATTCHD,2005.0,FIN,2,457,TA,TA,Y,156,0,0,0,0,0,,,,0,5,2009-01-01,WD,NORMAL,181000
1006,80,RL,65.0,8385,PAVE,,REG,LVL,ALLPUB,INSIDE,GTL,COLLGCR,NORM,NORM,1FAM,SLVL,5,8,1977-01-01,1977-01-01,GABLE,COMPSHG,HDBOARD,HDBOARD,BRKFACE,220.0,GD,TA,CBLOCK,GD,GD,AV,GLQ,595,UNF,0,390,985,GASA,TA,Y,SBRKR,985,0,0,985,0,0,2,0,3,1,TA,6,TYP,0,,ATTCHD,1977.0,UNF,1,328,TA,TA,Y,210,0,0,0,0,0,,,,0,11,2008-01-01,WD,NORMAL,149900
1007,20,RL,,12155,PAVE,,IR3,LVL,ALLPUB,INSIDE,GTL,NAMES,POSN,NORM,1FAM,1STORY,6,3,1970-01-01,1970-01-01,GABLE,COMPSHG,PLYWOOD,PLYWOOD,,0.0,TA,TA,CBLOCK,GD,TA,NO,LWQ,1237,UNF,0,420,1657,GASA,GD,Y,SBRKR,1657,0,0,1657,0,1,2,0,3,1,TA,7,TYP,1,TA,ATTCHD,1970.0,UNF,2,484,TA,TA,Y,0,0,0,0,147,0,,,,0,3,2007-01-01,WD,NORMAL,163500
1008,160,RM,21.0,2217,PAVE,,REG,LVL,ALLPUB,INSIDE,GTL,MEADOWV,NORM,NORM,TWNHSE,2STORY,4,4,1970-01-01,1970-01-01,GABLE,COMPSHG,CEMNTBD,CMENTBD,,0.0,TA,TA,CBLOCK,TA,TA,NO,BLQ,273,LWQ,273,0,546,GASA,TA,Y,SBRKR,546,546,0,1092,0,0,1,1,3,1,TA,6,TYP,0,,ATTCHD,1970.0,RFN,1,286,TA,TA,Y,238,0,0,0,0,0,,,,0,8,2009-01-01,WD,NORMAL,88000
1009,20,RL,43.0,12118,PAVE,,IR1,LVL,ALLPUB,CULDSAC,GTL,MITCHEL,NORM,NORM,1FAM,1STORY,7,5,2004-01-01,2005-01-01,HIP,COMPSHG,VINYLSD,VINYLSD,STONE,108.0,GD,TA,PCONC,EX,TA,MN,UNF,0,UNF,0,1710,1710,GASA,EX,Y,SBRKR,1710,0,0,1710,0,0,2,0,3,1,GD,7,TYP,1,GD,ATTCHD,2004.0,FIN,2,550,TA,TA,Y,100,48,0,0,180,0,,,,0,4,2009-01-01,WD,NORMAL,240000
1010,50,RL,60.0,6000,PAVE,,REG,LVL,ALLPUB,INSIDE,GTL,SWISU,NORM,NORM,1FAM,1.5FIN,5,5,1926-01-01,1950-01-01,GABLE,COMPSHG,WD SDNG,WD SDNG,,0.0,TA,FA,BRKTIL,TA,TA,NO,UNF,0,UNF,0,1008,1008,GASA,EX,Y,SBRKR,1008,0,514,1522,0,0,2,0,4,1,TA,7,TYP,0,,,,,0,0,,,P,0,0,138,0,0,0,,,,0,6,2006-01-01,WD,NORMAL,102000
1011,50,RL,115.0,21286,PAVE,,REG,LVL,ALLPUB,INSIDE,GTL,SAWYER,NORM,NORM,1FAM,1.5FIN,5,5,1948-01-01,1950-01-01,GABLE,COMPSHG,WD SDNG,WD SDNG,,0.0,TA,TA,CBLOCK,TA,TA,NO,UNF,0,UNF,0,720,720,GASA,TA,Y,SBRKR,720,551,0,1271,0,0,2,0,4,1,TA,7,TYP,1,GD,ATTCHD,1948.0,UNF,1,312,TA,TA,Y,0,0,108,0,0,0,,,,0,8,2008-01-01,WD,NORMAL,135000
1012,90,RL,75.0,9825,PAVE,,REG,LVL,ALLPUB,INSIDE,GTL,EDWARDS,NORM,NORM,DUPLEX,1STORY,5,5,1965-01-01,1965-01-01,HIP,COMPSHG,ASPHSHN,ASPHSHN,,0.0,TA,TA,CBLOCK,,,,,0,,0,0,0,GASA,TA,N,SBRKR,1664,0,0,1664,0,0,2,0,4,2,TA,8,TYP,0,,,,,0,0,,,Y,0,0,0,0,0,0,,,,0,5,2010-01-01,WD,NORMAL,100000
1013,70,RL,55.0,10592,PAVE,,REG,LVL,ALLPUB,INSIDE,GTL,CRAWFOR,NORM,NORM,1FAM,2STORY,6,7,1923-01-01,1996-01-01,HIP,COMPSHG,WD SDNG,WD SDNG,,0.0,TA,GD,PCONC,TA,FA,NO,UNF,0,UNF,0,602,602,GASA,TA,Y,SBRKR,900,602,0,1502,0,0,1,1,3,1,GD,7,TYP,2,TA,DETCHD,1923.0,UNF,1,180,TA,TA,Y,96,0,112,0,53,0,,,,0,8,2007-01-01,WD,NORMAL,165000
1014,30,RM,60.0,7200,PAVE,,REG,LVL,ALLPUB,INSIDE,GTL,OLDTOWN,NORM,NORM,1FAM,1STORY,5,4,1910-01-01,2006-01-01,HIP,COMPSHG,METALSD,STUCCO,,0.0,TA,TA,BRKTIL,TA,TA,NO,ALQ,247,REC,465,310,1022,GASW,TA,N,SBRKR,1022,0,0,1022,1,0,1,0,2,1,TA,4,MAJ2,0,,DETCHD,1956.0,UNF,1,280,TA,TA,Y,0,30,226,0,0,0,,,,0,6,2009-01-01,WD,NORMAL,85000
1015,20,RL,60.0,11664,PAVE,,REG,LVL,ALLPUB,INSIDE,GTL,NAMES,ARTERY,NORM,1FAM,1STORY,6,5,1948-01-01,1950-01-01,GABLE,COMPSHG,METALSD,METALSD,BRKFACE,206.0,TA,TA,CBLOCK,TA,FA,NO,BLQ,336,UNF,0,746,1082,GASA,TA,Y,SBRKR,1082,0,0,1082,0,0,1,0,2,1,TA,5,TYP,1,GD,DETCHD,1948.0,UNF,1,240,TA,TA,Y,0,130,0,0,0,0,,,,0,11,2007-01-01,WD,NORMAL,119200
1016,60,RL,70.0,8400,PAVE,,REG,LVL,ALLPUB,INSIDE,GTL,NWAMES,NORM,NORM,1FAM,2STORY,8,6,2001-01-01,2001-01-01,GABLE,COMPSHG,VINYLSD,VINYLSD,,0.0,GD,TA,PCONC,GD,TA,NO,GLQ,643,UNF,0,167,810,GASA,EX,Y,SBRKR,810,855,0,1665,1,0,2,1,3,1,GD,6,TYP,0,,ATTCHD,2001.0,FIN,2,528,TA,TA,Y,0,45,0,0,0,0,,,,0,11,2009-01-01,WD,NORMAL,227000
1017,20,RL,73.0,11883,PAVE,,REG,LVL,ALLPUB,INSIDE,GTL,COLLGCR,NORM,NORM,1FAM,1STORY,7,5,1996-01-01,1996-01-01,HIP,COMPSHG,VINYLSD,VINYLSD,BRKFACE,196.0,GD,TA,PCONC,GD,TA,GD,GLQ,690,UNF,0,814,1504,GASA,EX,Y,SBRKR,1504,0,0,1504,1,0,2,0,3,1,GD,6,TYP,1,TA,ATTCHD,1996.0,FIN,2,478,TA,TA,Y,115,66,0,0,0,0,,,,0,6,2009-01-01,WD,NORMAL,203000
1018,120,RL,,5814,PAVE,,IR1,LVL,ALLPUB,CULDSAC,GTL,STONEBR,NORM,NORM,TWNHSE,1STORY,8,5,1984-01-01,1984-01-01,GABLE,COMPSHG,HDBOARD,HDBOARD,,0.0,GD,TA,CBLOCK,GD,TA,AV,GLQ,1036,UNF,0,184,1220,GASA,GD,Y,SBRKR,1360,0,0,1360,1,0,1,0,1,1,GD,4,TYP,1,EX,ATTCHD,1984.0,RFN,2,565,TA,TA,Y,63,0,0,0,0,0,,,,0,8,2009-01-01,COD,ABNORML,187500
1019,80,RL,,10784,PAVE,,IR1,LVL,ALLPUB,FR2,GTL,GILBERT,NORM,NORM,1FAM,SLVL,7,5,1991-01-01,1992-01-01,GABLE,COMPSHG,HDBOARD,HDBOARD,BRKFACE,76.0,GD,TA,PCONC,GD,TA,NO,UNF,0,UNF,0,384,384,GASA,GD,Y,SBRKR,802,670,0,1472,0,0,2,1,3,1,GD,7,TYP,1,TA,ATTCHD,1991.0,RFN,2,402,TA,TA,Y,164,0,0,0,0,0,,,,0,5,2007-01-01,WD,NORMAL,160000
1020,120,RL,43.0,3013,PAVE,,REG,LVL,ALLPUB,INSIDE,GTL,BLMNGTN,NORM,NORM,TWNHSE,1STORY,7,5,2005-01-01,2005-01-01,GABLE,COMPSHG,VINYLSD,VINYLSD,BRKFACE,145.0,GD,TA,PCONC,GD,TA,GD,GLQ,16,UNF,0,1346,1362,GASA,EX,Y,SBRKR,1506,0,0,1506,0,0,2,0,2,1,GD,6,TYP,1,GD,ATTCHD,2005.0,FIN,2,440,TA,TA,Y,142,20,0,0,0,0,,,,0,4,2006-01-01,WD,NORMAL,213490
1021,20,RL,60.0,7024,PAVE,,REG,LVL,ALLPUB,INSIDE,GTL,EDWARDS,NORM,NORM,1FAM,1STORY,4,5,2005-01-01,2005-01-01,GABLE,COMPSHG,VINYLSD,VINYLSD,,0.0,TA,TA,PCONC,GD,TA,NO,GLQ,1024,UNF,0,108,1132,GASA,EX,Y,SBRKR,1132,0,0,1132,1,0,1,1,2,1,GD,5,TYP,0,,ATTCHD,2005.0,FIN,2,451,TA,TA,Y,252,64,0,0,0,0,,,,0,6,2008-01-01,WD,NORMAL,176000
1022,20,RL,64.0,7406,PAVE,,REG,LVL,ALLPUB,INSIDE,GTL,COLLGCR,NORM,NORM,1FAM,1STORY,7,5,2006-01-01,2006-01-01,GABLE,COMPSHG,VINYLSD,VINYLSD,STONE,84.0,GD,TA,PCONC,GD,TA,AV,GLQ,684,UNF,0,515,1199,GASA,EX,Y,SBRKR,1220,0,0,1220,1,0,2,0,2,1,GD,6,TYP,0,,ATTCHD,2006.0,RFN,2,632,TA,TA,Y,105,54,0,0,0,0,,,,0,7,2006-01-01,NEW,PARTIAL,194000
1023,50,RM,52.0,9439,PAVE,,REG,LVL,ALLPUB,INSIDE,GTL,OLDTOWN,NORM,NORM,1FAM,1.5FIN,5,5,1930-01-01,1950-01-01,GABLE,COMPSHG,WD SDNG,WD SDNG,,0.0,TA,TA,CBLOCK,TA,TA,NO,LWQ,324,UNF,0,588,912,GASA,GD,Y,FUSEA,912,336,0,1248,0,0,1,0,2,1,TA,6,TYP,0,,DETCHD,1957.0,UNF,1,160,FA,FA,Y,0,0,192,0,0,0,,,,0,3,2007-01-01,WD,NORMAL,87000
1024,120,RL,43.0,3182,PAVE,,REG,LVL,ALLPUB,INSIDE,GTL,BLMNGTN,NORM,NORM,TWNHSE,1STORY,7,5,2005-01-01,2006-01-01,GABLE,COMPSHG,VINYLSD,VINYLSD,BRKFACE,14.0,GD,TA,PCONC,GD,GD,NO,GLQ,16,UNF,0,1330,1346,GASA,EX,Y,SBRKR,1504,0,0,1504,0,0,2,0,2,1,GD,7,TYP,1,GD,ATTCHD,2005.0,FIN,2,437,TA,TA,Y,156,20,0,0,0,0,,,,0,5,2008-01-01,WD,NORMAL,191000
1025,20,RL,,15498,PAVE,,IR1,LVL,ALLPUB,CORNER,GTL,TIMBER,NORM,NORM,1FAM,1STORY,8,6,1976-01-01,1976-01-01,HIP,WDSHAKE,STONE,HDBOARD,,0.0,GD,TA,CBLOCK,GD,TA,AV,ALQ,1165,LWQ,400,0,1565,GASA,TA,Y,SBRKR,2898,0,0,2898,1,0,2,0,2,1,GD,10,TYP,1,GD,ATTCHD,1976.0,FIN,2,665,TA,TA,Y,0,72,174,0,0,0,,,,0,5,2008-01-01,COD,ABNORML,287000
1026,20,RL,70.0,7700,PAVE,,REG,LVL,ALLPUB,CORNER,GTL,COLLGCR,NORM,NORM,1FAM,1STORY,5,5,1972-01-01,1972-01-01,GABLE,COMPSHG,VINYLSD,VINYLSD,,0.0,TA,TA,CBLOCK,TA,TA,NO,LWQ,138,REC,468,276,882,GASA,TA,Y,SBRKR,882,0,0,882,1,0,1,0,3,1,TA,5,TYP,0,,DETCHD,1980.0,UNF,2,461,TA,TA,Y,96,0,0,0,0,0,,MNPRV,,0,3,2007-01-01,WD,NORMAL,112500
1027,20,RL,73.0,9300,PAVE,,REG,LVL,ALLPUB,INSIDE,GTL,NAMES,FEEDR,NORM,1FAM,1STORY,5,5,1960-01-01,1960-01-01,GABLE,COMPSHG,METALSD,HDBOARD,BRKFACE,324.0,TA,TA,CBLOCK,TA,TA,NO,REC,697,UNF,0,571,1268,GASA,TA,Y,SBRKR,1264,0,0,1264,1,0,1,0,3,1,TA,6,TYP,2,GD,ATTCHD,1960.0,UNF,2,461,TA,TA,Y,0,0,0,0,143,0,,,,0,4,2010-01-01,WD,NORMAL,167500
1028,20,RL,71.0,9520,PAVE,,IR1,HLS,ALLPUB,INSIDE,GTL,TIMBER,NORM,NORM,1FAM,1STORY,8,5,2007-01-01,2008-01-01,GABLE,COMPSHG,VINYLSD,VINYLSD,STONE,338.0,GD,TA,PCONC,GD,TA,GD,GLQ,1513,UNF,0,125,1638,GASA,EX,Y,SBRKR,1646,0,0,1646,1,0,2,0,3,1,GD,7,TYP,1,GD,ATTCHD,2008.0,RFN,3,800,TA,TA,Y,192,44,0,0,0,0,,,,0,4,2008-01-01,NEW,PARTIAL,293077
1029,50,RL,79.0,9492,PAVE,,REG,LVL,ALLPUB,INSIDE,GTL,NAMES,ARTERY,NORM,1FAM,1.5FIN,5,5,1941-01-01,1950-01-01,GABLE,COMPSHG,WDSHING,WD SHNG,,0.0,TA,TA,CBLOCK,TA,TA,NO,REC,368,BLQ,41,359,768,GASA,TA,Y,SBRKR,968,408,0,1376,1,0,1,0,3,1,TA,6,TYP,1,GD,ATTCHD,1941.0,UNF,1,240,TA,TA,Y,0,0,0,0,0,0,,,,0,4,2007-01-01,WD,NORMAL,105000
1030,160,RM,21.0,1680,PAVE,,REG,LVL,ALLPUB,INSIDE,GTL,BRDALE,NORM,NORM,TWNHS,2STORY,6,7,1972-01-01,1972-01-01,GABLE,COMPSHG,HDBOARD,HDBOARD,BRKFACE,281.0,TA,TA,CBLOCK,TA,TA,NO,BLQ,317,UNF,0,355,672,GASA,GD,Y,SBRKR,672,546,0,1218,0,1,1,1,3,1,TA,7,TYP,0,,DETCHD,1972.0,UNF,1,264,TA,TA,Y,0,28,0,0,0,0,,,,0,5,2006-01-01,WD,NORMAL,118000
1031,190,RH,,7082,PAVE,,REG,LVL,ALLPUB,INSIDE,GTL,SWISU,NORM,NORM,2FMCON,2STORY,5,8,1916-01-01,1995-01-01,GABLE,COMPSHG,VINYLSD,VINYLSD,,0.0,TA,TA,PCONC,TA,TA,MN,UNF,0,UNF,0,686,686,GASA,GD,Y,SBRKR,948,980,0,1928,0,0,2,0,5,2,TA,10,TYP,0,,,,,0,0,,,N,0,0,228,0,0,0,,,,0,7,2006-01-01,WD,NORMAL,160000
1032,75,RL,102.0,15863,PAVE,,REG,LVL,ALLPUB,CORNER,GTL,SWISU,NORM,NORM,1FAM,2.5FIN,7,3,1920-01-01,1970-01-01,GABLE,COMPSHG,WD SDNG,PLYWOOD,,0.0,TA,TA,BRKTIL,TA,TA,NO,GLQ,523,UNF,0,301,824,GASA,EX,Y,SBRKR,1687,998,397,3082,1,0,2,1,5,1,TA,12,TYP,2,TA,BASMENT,1970.0,FIN,2,672,TA,TA,Y,136,63,0,0,0,0,,,,0,8,2009-01-01,WD,NORMAL,197000
1033,60,RL,,14541,PAVE,,IR1,LVL,ALLPUB,CORNER,GTL,NORIDGE,NORM,NORM,1FAM,2STORY,8,7,1993-01-01,1993-01-01,GABLE,COMPSHG,METALSD,METALSD,,0.0,GD,GD,PCONC,GD,GD,NO,GLQ,1012,UNF,0,326,1338,GASA,EX,Y,SBRKR,1352,1168,0,2520,1,0,2,1,5,1,GD,10,TYP,1,TA,ATTCHD,1993.0,RFN,3,796,TA,TA,Y,209,55,0,0,0,0,,,,0,11,2006-01-01,WD,ABNORML,310000
1034,20,RL,,8125,PAVE,,REG,LVL,ALLPUB,INSIDE,GTL,COLLGCR,NORM,NORM,1FAM,1STORY,7,5,2002-01-01,2002-01-01,GABLE,COMPSHG,VINYLSD,VINYLSD,STONE,295.0,GD,TA,PCONC,GD,TA,NO,GLQ,986,UNF,0,668,1654,GASA,EX,Y,SBRKR,1654,0,0,1654,1,0,2,0,3,1,GD,6,TYP,0,,ATTCHD,2002.0,UNF,3,900,TA,TA,Y,0,136,0,0,0,0,,,,0,2,2006-01-01,WD,NORMAL,230000
1035,30,RL,50.0,6305,PAVE,,REG,BNK,ALLPUB,INSIDE,GTL,CRAWFOR,NORM,NORM,1FAM,1STORY,5,7,1938-01-01,1950-01-01,GABLE,COMPSHG,METALSD,METALSD,,0.0,TA,GD,PCONC,FA,FA,NO,UNF,0,UNF,0,920,920,GASA,EX,Y,SBRKR,954,0,0,954,0,0,1,0,2,1,FA,5,TYP,1,GD,BASMENT,1938.0,UNF,1,240,FA,TA,Y,0,0,0,0,0,0,,MNPRV,,0,6,2007-01-01,WD,NORMAL,119750
1036,20,RL,,11500,PAVE,,IR1,LVL,ALLPUB,CULDSAC,GTL,EDWARDS,NORM,NORM,1FAM,1STORY,4,3,1957-01-01,1957-01-01,GABLE,COMPSHG,WD SDNG,WD SDNG,,0.0,TA,GD,SLAB,,,,,0,,0,0,0,GASA,EX,N,SBRKR,845,0,0,845,0,0,1,0,3,1,TA,5,TYP,0,,DETCHD,1957.0,UNF,1,290,TA,TA,N,186,0,0,0,0,0,,,,0,1,2009-01-01,WD,NORMAL,84000
1037,20,RL,89.0,12898,PAVE,,IR1,HLS,ALLPUB,INSIDE,GTL,TIMBER,NORM,NORM,1FAM,1STORY,9,5,2007-01-01,2008-01-01,HIP,COMPSHG,VINYLSD,VINYLSD,STONE,70.0,GD,TA,PCONC,EX,TA,GD,GLQ,1022,UNF,0,598,1620,GASA,EX,Y,SBRKR,1620,0,0,1620,1,0,2,0,2,1,EX,6,TYP,1,EX,ATTCHD,2008.0,FIN,3,912,TA,TA,Y,228,0,0,0,0,0,,,,0,9,2009-01-01,WD,NORMAL,315500
1038,60,RL,,9240,PAVE,,REG,LVL,ALLPUB,INSIDE,GTL,COLLGCR,NORM,NORM,1FAM,2STORY,8,5,2001-01-01,2002-01-01,GABLE,COMPSHG,VINYLSD,VINYLSD,BRKFACE,396.0,GD,TA,PCONC,GD,TA,NO,UNF,0,UNF,0,1055,1055,GASA,EX,Y,SBRKR,1055,1208,0,2263,0,0,2,1,3,1,GD,7,TYP,1,TA,BUILTIN,2001.0,FIN,2,905,TA,TA,Y,0,45,0,0,189,0,,,,0,9,2008-01-01,WD,NORMAL,287000
1039,160,RM,21.0,1533,PAVE,,REG,LVL,ALLPUB,INSIDE,GTL,MEADOWV,NORM,NORM,TWNHS,2STORY,4,6,1970-01-01,2008-01-01,GABLE,COMPSHG,CEMNTBD,CMENTBD,,0.0,TA,TA,CBLOCK,TA,TA,NO,UNF,0,UNF,0,546,546,GASA,TA,Y,SBRKR,798,546,0,1344,0,0,1,1,3,1,TA,6,TYP,1,TA,,,,0,0,,,Y,0,0,0,0,0,0,,,,0,5,2009-01-01,WD,NORMAL,97000
1040,180,RM,21.0,1477,PAVE,,REG,LVL,ALLPUB,INSIDE,GTL,MEADOWV,NORM,NORM,TWNHSE,SFOYER,4,4,1970-01-01,1970-01-01,GABLE,COMPSHG,CEMNTBD,CMENTBD,,0.0,TA,TA,CBLOCK,GD,TA,AV,GLQ,509,UNF,0,121,630,GASA,TA,Y,SBRKR,630,0,0,630,1,0,1,0,1,1,TA,3,TYP,0,,ATTCHD,1970.0,UNF,1,286,TA,TA,Y,0,0,0,0,0,0,,,,0,4,2009-01-01,WD,NORMAL,80000
1041,20,RL,88.0,13125,PAVE,,REG,LVL,ALLPUB,CORNER,GTL,SAWYER,NORM,NORM,1FAM,1STORY,5,4,1957-01-01,2000-01-01,GABLE,COMPSHG,WD SDNG,WD SDNG,BRKCMN,67.0,TA,TA,CBLOCK,TA,TA,NO,REC,168,BLQ,682,284,1134,GASA,EX,Y,SBRKR,1803,0,0,1803,1,0,2,0,3,1,TA,8,MAJ1,1,TA,ATTCHD,1957.0,RFN,2,484,TA,TA,Y,0,0,0,0,0,0,,GDPRV,,0,1,2006-01-01,WD,NORMAL,155000
1042,60,RL,,9130,PAVE,,REG,LVL,ALLPUB,INSIDE,GTL,NWAMES,FEEDR,NORM,1FAM,2STORY,6,8,1966-01-01,2000-01-01,HIP,COMPSHG,HDBOARD,HDBOARD,BRKFACE,252.0,TA,TA,CBLOCK,TA,TA,NO,GLQ,400,REC,64,336,800,GASA,GD,Y,SBRKR,800,832,0,1632,0,1,1,1,4,1,GD,7,TYP,0,,ATTCHD,1966.0,UNF,2,484,TA,TA,Y,0,40,0,0,0,0,,,,0,7,2008-01-01,WD,NORMAL,173000
1043,120,RL,34.0,5381,PAVE,,IR1,LVL,ALLPUB,INSIDE,GTL,NRIDGHT,NORM,NORM,TWNHS,1STORY,6,5,2005-01-01,2005-01-01,GABLE,COMPSHG,VINYLSD,VINYLSD,STONE,135.0,GD,TA,PCONC,GD,TA,AV,ALQ,900,UNF,0,406,1306,GASA,EX,Y,SBRKR,1306,0,0,1306,1,0,2,0,1,1,GD,5,TYP,1,GD,ATTCHD,2005.0,RFN,2,624,TA,TA,Y,170,63,0,0,0,0,,,,0,8,2009-01-01,WD,NORMAL,196000
1044,60,RL,86.0,11839,PAVE,,REG,LVL,ALLPUB,INSIDE,GTL,SAWYERW,NORM,NORM,1FAM,2STORY,7,5,1990-01-01,1990-01-01,HIP,COMPSHG,HDBOARD,HDBOARD,BRKFACE,99.0,TA,TA,PCONC,GD,TA,NO,GLQ,1085,UNF,0,390,1475,GASA,EX,Y,SBRKR,1532,797,0,2329,1,0,2,1,4,1,GD,10,TYP,1,EX,ATTCHD,1990.0,UNF,2,514,TA,TA,Y,192,121,0,0,0,0,,,,0,5,2008-01-01,WD,NORMAL,262280
1045,20,RL,80.0,9600,PAVE,,REG,LVL,ALLPUB,INSIDE,GTL,NWAMES,POSN,NORM,1FAM,1STORY,8,5,1981-01-01,1981-01-01,HIP,WDSHNGL,BRKFACE,BRKFACE,,0.0,GD,TA,PCONC,GD,TA,NO,ALQ,1104,UNF,0,1420,2524,GASA,TA,Y,SBRKR,2524,0,0,2524,1,0,2,1,4,1,GD,9,TYP,1,GD,ATTCHD,1981.0,FIN,2,542,TA,TA,Y,474,120,0,0,0,0,,MNPRV,,0,7,2009-01-01,WD,NORMAL,278000
1046,20,RL,,13680,PAVE,,IR1,LVL,ALLPUB,CULDSAC,GTL,EDWARDS,NORM,NORM,1FAM,1STORY,3,5,1955-01-01,1955-01-01,HIP,COMPSHG,BRKFACE,WD SDNG,,0.0,TA,TA,SLAB,,,,,0,,0,0,0,GASA,EX,Y,FUSEA,1733,0,0,1733,0,0,2,0,4,1,TA,8,MIN2,1,GD,ATTCHD,1955.0,UNF,2,452,TA,TA,Y,0,0,0,0,0,0,,,,0,6,2009-01-01,WD,NORMAL,139600
1047,60,RL,85.0,16056,PAVE,,IR1,LVL,ALLPUB,INSIDE,GTL,STONEBR,NORM,NORM,1FAM,2STORY,9,5,2005-01-01,2006-01-01,HIP,COMPSHG,CEMNTBD,CMENTBD,STONE,208.0,GD,TA,PCONC,EX,TA,AV,GLQ,240,UNF,0,1752,1992,GASA,EX,Y,SBRKR,1992,876,0,2868,0,0,3,1,4,1,EX,11,TYP,1,GD,BUILTIN,2005.0,FIN,3,716,TA,TA,Y,214,108,0,0,0,0,,,,0,7,2006-01-01,NEW,PARTIAL,556581
1048,20,RL,57.0,9245,PAVE,,IR2,LVL,ALLPUB,INSIDE,GTL,COLLGCR,NORM,NORM,1FAM,1STORY,5,5,1994-01-01,1995-01-01,GABLE,COMPSHG,VINYLSD,VINYLSD,,0.0,TA,TA,PCONC,GD,TA,NO,GLQ,686,UNF,0,304,990,GASA,EX,Y,SBRKR,990,0,0,990,0,1,1,0,3,1,TA,5,TYP,0,,DETCHD,1996.0,UNF,2,672,TA,TA,Y,0,0,0,0,0,0,,,,0,2,2008-01-01,WD,NORMAL,145000
1049,20,RL,100.0,21750,PAVE,,REG,LVL,ALLPUB,INSIDE,GTL,MITCHEL,NORM,NORM,1FAM,1STORY,5,4,1960-01-01,2006-01-01,HIP,COMPSHG,HDBOARD,HDBOARD,BRKFACE,75.0,TA,FA,SLAB,,,,,0,,0,0,0,GASA,TA,Y,SBRKR,1771,0,0,1771,0,0,1,0,3,1,TA,9,MIN1,1,TA,ATTCHD,1960.0,UNF,2,336,TA,TA,Y,0,0,0,0,0,0,,GDPRV,,0,11,2009-01-01,WD,NORMAL,115000
1050,20,RL,60.0,11100,PAVE,,REG,LOW,ALLPUB,INSIDE,GTL,EDWARDS,NORM,NORM,1FAM,1STORY,4,7,1946-01-01,2006-01-01,GABLE,COMPSHG,METALSD,METALSD,,0.0,TA,TA,CBLOCK,,,,,0,,0,0,0,GASA,EX,Y,SBRKR,930,0,0,930,0,0,1,0,2,1,GD,6,TYP,0,,DETCHD,1946.0,UNF,1,308,TA,TA,Y,0,0,0,0,0,0,,,,0,4,2010-01-01,WD,ABNORML,84900
1051,20,RL,73.0,8993,PAVE,,IR1,LVL,ALLPUB,INSIDE,GTL,GILBERT,NORM,NORM,1FAM,1STORY,7,5,2007-01-01,2007-01-01,GABLE,COMPSHG,VINYLSD,VINYLSD,,0.0,GD,TA,PCONC,GD,TA,AV,UNF,0,UNF,0,1302,1302,GASA,EX,Y,SBRKR,1302,0,0,1302,0,0,2,0,3,1,GD,6,TYP,0,,ATTCHD,2007.0,FIN,2,436,TA,TA,Y,0,22,0,0,0,0,,,,0,8,2007-01-01,NEW,PARTIAL,176485
1052,20,RL,103.0,11175,PAVE,,IR1,LVL,ALLPUB,CORNER,GTL,COLLGCR,NORM,NORM,1FAM,1STORY,7,5,2007-01-01,2007-01-01,GABLE,COMPSHG,VINYLSD,VINYLSD,,0.0,GD,TA,PCONC,GD,TA,AV,UNF,0,UNF,0,1316,1316,GASA,EX,Y,SBRKR,1316,0,0,1316,0,0,2,0,3,1,GD,6,TYP,1,GD,ATTCHD,2007.0,FIN,2,440,TA,TA,Y,0,20,0,0,0,0,,,,0,10,2007-01-01,NEW,PARTIAL,200141
1053,60,RL,100.0,9500,PAVE,,REG,LVL,ALLPUB,CORNER,GTL,NAMES,ARTERY,NORM,1FAM,2STORY,6,6,1964-01-01,1978-01-01,GABLE,COMPSHG,VINYLSD,VINYLSD,BRKCMN,272.0,TA,TA,CBLOCK,TA,TA,NO,REC,442,UNF,0,374,816,GASA,TA,Y,SBRKR,1127,850,0,1977,0,1,1,1,4,1,TA,9,TYP,1,TA,ATTCHD,1964.0,RFN,2,540,TA,TA,Y,0,52,0,0,0,0,,GDPRV,,0,6,2007-01-01,WD,NORMAL,165000
1054,20,RL,68.0,8562,PAVE,,REG,LVL,ALLPUB,INSIDE,MOD,EDWARDS,NORM,NORM,1FAM,1STORY,5,6,1957-01-01,2002-01-01,HIP,COMPSHG,HDBOARD,HDBOARD,STONE,145.0,TA,TA,CBLOCK,TA,TA,AV,REC,383,UNF,0,833,1216,GASA,EX,Y,FUSEA,1526,0,0,1526,0,0,1,0,4,1,TA,7,MIN2,1,GD,BASMENT,1957.0,UNF,1,364,TA,TA,Y,116,78,0,0,0,0,,,,0,5,2010-01-01,WD,NORMAL,144500
1055,60,RL,90.0,11367,PAVE,,REG,LVL,ALLPUB,CORNER,GTL,COLLGCR,NORM,NORM,1FAM,2STORY,8,5,2002-01-01,2002-01-01,GABLE,COMPSHG,VINYLSD,VINYLSD,BRKFACE,210.0,GD,TA,PCONC,GD,TA,MN,GLQ,932,UNF,0,133,1065,GASA,EX,Y,SBRKR,1091,898,0,1989,1,0,2,1,3,1,GD,7,TYP,1,GD,ATTCHD,2002.0,FIN,2,586,TA,TA,Y,199,60,0,0,0,0,,,,0,11,2006-01-01,WD,NORMAL,255000
1056,20,RL,104.0,11361,PAVE,,REG,LVL,ALLPUB,INSIDE,GTL,NWAMES,NORM,NORM,1FAM,1STORY,6,5,1976-01-01,1976-01-01,GABLE,COMPSHG,PLYWOOD,PLYWOOD,BRKFACE,160.0,TA,TA,CBLOCK,GD,TA,NO,ALQ,644,UNF,0,549,1193,GASA,TA,Y,SBRKR,1523,0,0,1523,0,1,2,0,3,1,TA,7,TYP,1,TA,ATTCHD,1976.0,FIN,2,478,TA,TA,Y,0,0,0,0,189,0,,MNPRV,,0,5,2008-01-01,COD,ABNORML,180000
1057,120,RL,43.0,7052,PAVE,,IR1,LVL,ALLPUB,INSIDE,GTL,NRIDGHT,NORM,NORM,TWNHSE,1STORY,7,5,2005-01-01,2005-01-01,GABLE,COMPSHG,VINYLSD,VINYLSD,STONE,240.0,GD,TA,PCONC,GD,TA,AV,GLQ,659,UNF,0,705,1364,GASA,EX,Y,SBRKR,1364,0,0,1364,1,0,2,0,2,1,GD,6,TYP,1,GD,ATTCHD,2005.0,RFN,2,484,TA,TA,Y,192,36,0,0,0,0,,,,0,6,2006-01-01,WD,NORMAL,185850
1058,60,RL,,29959,PAVE,,IR2,LVL,ALLPUB,FR2,GTL,NORIDGE,NORM,NORM,1FAM,2STORY,7,6,1994-01-01,1994-01-01,GABLE,COMPSHG,HDBOARD,HDBOARD,,0.0,GD,TA,PCONC,GD,TA,NO,GLQ,595,UNF,0,378,973,GASA,EX,Y,SBRKR,979,871,0,1850,0,0,2,1,3,1,GD,7,TYP,1,GD,BUILTIN,1994.0,FIN,2,467,TA,TA,Y,168,98,0,0,0,0,,,,0,1,2009-01-01,WD,NORMAL,248000
1059,60,RL,96.0,11308,PAVE,,IR1,LVL,ALLPUB,INSIDE,GTL,NRIDGHT,NORM,NORM,1FAM,2STORY,9,5,2008-01-01,2008-01-01,GABLE,COMPSHG,VINYLSD,VINYLSD,STONE,154.0,EX,TA,PCONC,EX,TA,AV,GLQ,936,UNF,0,168,1104,GASA,EX,Y,SBRKR,1130,1054,0,2184,1,0,2,1,3,1,EX,10,TYP,1,GD,ATTCHD,2008.0,FIN,3,836,TA,TA,Y,0,102,0,0,0,0,,,,0,7,2009-01-01,WD,NORMAL,335000
1060,50,RL,,11275,PAVE,,IR1,HLS,ALLPUB,CORNER,MOD,CRAWFOR,NORM,NORM,1FAM,1.5FIN,6,7,1932-01-01,1950-01-01,GABLE,COMPSHG,METALSD,METALSD,BRKFACE,480.0,TA,TA,CBLOCK,TA,TA,MN,REC,297,LWQ,557,0,854,GASA,TA,Y,SBRKR,1096,895,0,1991,0,0,1,1,3,1,TA,7,TYP,1,GD,DETCHD,1977.0,UNF,2,432,TA,FA,Y,0,0,19,0,0,0,,,,0,3,2007-01-01,WD,NORMAL,220000
1061,120,RL,41.0,4920,PAVE,,REG,LVL,ALLPUB,INSIDE,GTL,STONEBR,NORM,NORM,TWNHSE,1STORY,8,5,2001-01-01,2001-01-01,GABLE,COMPSHG,CEMNTBD,CMENTBD,,0.0,GD,TA,PCONC,GD,TA,MN,GLQ,616,UNF,0,722,1338,GASA,EX,Y,SBRKR,1338,0,0,1338,1,0,2,0,2,1,GD,6,TYP,0,,ATTCHD,2001.0,FIN,2,582,TA,TA,Y,0,0,170,0,0,0,,,,0,4,2010-01-01,WD,NORMAL,213500
1062,30,C (ALL),120.0,18000,GRVL,,REG,LOW,ALLPUB,INSIDE,GTL,IDOTRR,NORM,NORM,1FAM,1STORY,3,4,1935-01-01,1950-01-01,GABLE,COMPSHG,METALSD,METALSD,,0.0,FA,TA,CBLOCK,TA,TA,NO,UNF,0,UNF,0,894,894,GASA,TA,Y,SBRKR,894,0,0,894,0,0,1,0,2,1,TA,6,TYP,0,,DETCHD,1994.0,RFN,3,1248,TA,TA,Y,0,20,0,0,0,0,,,SHED,560,8,2008-01-01,CONLD,NORMAL,81000
1063,190,RM,85.0,13600,PAVE,GRVL,REG,LVL,ALLPUB,INSIDE,GTL,OLDTOWN,NORM,NORM,2FMCON,2STORY,5,5,1900-01-01,1950-01-01,GABLE,COMPSHG,WD SDNG,WD SDNG,,0.0,TA,TA,BRKTIL,TA,TA,NO,UNF,0,UNF,0,662,662,GASA,TA,N,SBRKR,1422,915,0,2337,0,0,2,0,5,2,TA,10,MIN2,0,,DETCHD,1945.0,UNF,2,560,TA,TA,Y,0,57,0,0,0,0,,,,0,9,2007-01-01,WD,NORMAL,90000
1064,30,RM,50.0,6000,PAVE,,REG,LVL,ALLPUB,INSIDE,GTL,OLDTOWN,ARTERY,NORM,1FAM,1STORY,6,6,1925-01-01,1980-01-01,GABLE,COMPSHG,METALSD,METALSD,,0.0,TA,GD,BRKTIL,TA,TA,NO,BLQ,397,UNF,0,706,1103,GASA,GD,Y,SBRKR,1103,0,0,1103,0,0,1,0,2,1,GD,5,TYP,1,GD,DETCHD,1976.0,UNF,2,440,TA,TA,Y,166,120,0,0,0,0,,MNPRV,,0,7,2006-01-01,WD,NORMAL,110500
1065,20,RL,,11000,PAVE,,IR1,LVL,ALLPUB,CULDSAC,GTL,NAMES,NORM,NORM,1FAM,1STORY,5,6,1966-01-01,1966-01-01,GABLE,COMPSHG,PLYWOOD,PLYWOOD,BRKFACE,200.0,TA,TA,CBLOCK,TA,TA,MN,BLQ,740,REC,230,184,1154,GASA,EX,Y,SBRKR,1154,0,0,1154,0,0,1,1,3,1,TA,6,TYP,1,PO,ATTCHD,1966.0,RFN,2,480,TA,TA,Y,0,58,0,0,0,0,,MNPRV,,0,11,2009-01-01,WD,NORMAL,154000
1066,60,RL,80.0,14000,PAVE,,REG,LVL,ALLPUB,INSIDE,MOD,CLEARCR,NORM,NORM,1FAM,2STORY,7,5,1996-01-01,1997-01-01,GABLE,COMPSHG,WD SDNG,WD SDNG,,0.0,GD,TA,PCONC,EX,TA,GD,GLQ,1201,UNF,0,105,1306,GASA,EX,Y,SBRKR,1306,954,0,2260,1,0,2,1,3,1,GD,7,TYP,0,,ATTCHD,1996.0,RFN,2,533,TA,TA,Y,296,44,0,0,0,0,,,,0,4,2010-01-01,WD,NORMAL,328000
1067,60,RL,59.0,7837,PAVE,,IR1,LVL,ALLPUB,INSIDE,GTL,GILBERT,NORM,NORM,1FAM,2STORY,6,7,1993-01-01,1994-01-01,GABLE,COMPSHG,VINYLSD,VINYLSD,,0.0,GD,TA,PCONC,GD,TA,NO,UNF,0,UNF,0,799,799,GASA,GD,Y,SBRKR,799,772,0,1571,0,0,2,1,3,1,TA,7,TYP,1,TA,ATTCHD,1993.0,RFN,2,380,TA,TA,Y,0,40,0,0,0,0,,,,0,5,2009-01-01,WD,NORMAL,178000
1068,60,RL,80.0,9760,PAVE,,REG,LVL,ALLPUB,INSIDE,MOD,NAMES,NORM,NORM,1FAM,2STORY,6,6,1964-01-01,1964-01-01,GABLE,COMPSHG,HDBOARD,HDBOARD,BRKFACE,360.0,TA,TA,CBLOCK,TA,TA,GD,GLQ,674,LWQ,106,0,780,GASA,TA,Y,SBRKR,798,813,0,1611,1,0,1,1,4,1,TA,7,TYP,0,,ATTCHD,1964.0,RFN,2,442,TA,TA,Y,328,128,0,0,189,0,,,,0,6,2008-01-01,WD,NORMAL,167900
1069,160,RM,42.0,3964,PAVE,,REG,LVL,ALLPUB,INSIDE,GTL,MEADOWV,NORM,NORM,TWNHSE,2STORY,6,4,1973-01-01,1973-01-01,GABLE,COMPSHG,CEMNTBD,CMENTBD,,0.0,TA,TA,CBLOCK,GD,TA,NO,ALQ,837,UNF,0,105,942,GASA,GD,Y,SBRKR,1291,1230,0,2521,1,0,2,1,5,1,TA,10,MAJ1,1,GD,ATTCHD,1973.0,FIN,2,576,TA,TA,Y,728,20,0,0,0,0,,GDPRV,,0,6,2006-01-01,WD,NORMAL,151400
1070,45,RL,60.0,9600,PAVE,,REG,LVL,ALLPUB,INSIDE,GTL,NAMES,NORM,NORM,1FAM,1.5UNF,5,7,1949-01-01,2003-01-01,GABLE,COMPSHG,METALSD,METALSD,,0.0,TA,TA,CBLOCK,TA,TA,NO,ALQ,220,UNF,0,625,845,GASA,TA,Y,SBRKR,893,0,0,893,0,1,1,0,2,1,GD,4,TYP,0,,DETCHD,1985.0,UNF,2,576,TA,TA,Y,0,0,0,0,0,0,,,,0,5,2007-01-01,WD,NORMAL,135000
1071,20,RL,72.0,10152,PAVE,,REG,LVL,ALLPUB,INSIDE,GTL,NAMES,NORM,NORM,1FAM,1STORY,5,5,1956-01-01,1956-01-01,HIP,COMPSHG,METALSD,METALSD,BRKFACE,120.0,TA,TA,CBLOCK,TA,TA,NO,BLQ,586,UNF,0,462,1048,GASA,TA,Y,SBRKR,1048,0,0,1048,1,0,1,0,3,1,TA,6,TYP,0,,ATTCHD,1956.0,UNF,1,286,TA,TA,Y,0,20,0,0,192,0,,,,0,6,2007-01-01,WD,NORMAL,135000
1072,60,RL,78.0,11700,PAVE,,REG,LVL,ALLPUB,INSIDE,GTL,NWAMES,RRAN,NORM,1FAM,2STORY,6,6,1968-01-01,1968-01-01,GABLE,COMPSHG,METALSD,METALSD,,0.0,TA,TA,CBLOCK,TA,TA,NO,REC,298,UNF,0,429,727,GASA,EX,Y,SBRKR,829,727,0,1556,0,0,1,1,4,1,TA,8,TYP,0,,ATTCHD,1968.0,UNF,2,441,TA,TA,Y,0,0,0,0,0,0,,,,0,5,2009-01-01,WD,NORMAL,154000
1073,50,RL,50.0,7585,PAVE,,REG,LVL,ALLPUB,INSIDE,GTL,EDWARDS,ARTERY,NORM,1FAM,1.5FIN,5,3,1948-01-01,1950-01-01,GABLE,COMPSHG,METALSD,METALSD,,0.0,TA,TA,CBLOCK,FA,FA,MN,UNF,0,UNF,0,810,810,GASA,FA,Y,FUSEA,1002,454,0,1456,1,1,1,0,4,1,TA,7,TYP,1,TA,DETCHD,1954.0,UNF,1,280,TA,TA,P,0,0,0,0,0,0,,,,0,8,2006-01-01,WD,NORMAL,91500
1074,60,RL,75.0,7950,PAVE,,IR1,BNK,ALLPUB,CORNER,GTL,EDWARDS,NORM,NORM,1FAM,2STORY,6,6,1977-01-01,1977-01-01,HIP,COMPSHG,HDBOARD,PLYWOOD,BRKFACE,140.0,TA,TA,CBLOCK,TA,TA,NO,BLQ,535,UNF,0,155,690,GASA,TA,Y,SBRKR,698,728,0,1426,0,0,1,1,3,1,TA,6,TYP,0,,ATTCHD,1977.0,FIN,2,440,TA,TA,Y,252,0,0,0,0,0,,MNPRV,,0,7,2009-01-01,WD,NORMAL,159500
1075,20,RL,74.0,8556,PAVE,,REG,LVL,ALLPUB,INSIDE,GTL,COLLGCR,NORM,NORM,1FAM,1STORY,7,5,2006-01-01,2006-01-01,GABLE,COMPSHG,VINYLSD,VINYLSD,,0.0,GD,TA,PCONC,GD,TA,AV,UNF,0,UNF,0,1240,1240,GASA,EX,Y,SBRKR,1240,0,0,1240,0,0,2,0,2,1,GD,5,TYP,0,,ATTCHD,2006.0,RFN,3,826,TA,TA,Y,140,93,0,0,0,0,,,,0,5,2007-01-01,WD,NORMAL,194000
1076,70,RL,75.0,13125,PAVE,,REG,LVL,ALLPUB,INSIDE,GTL,CRAWFOR,NORM,NORM,1FAM,2STORY,7,6,1940-01-01,1984-01-01,GABLE,COMPSHG,WD SDNG,WD SDNG,,0.0,TA,TA,CBLOCK,TA,TA,NO,BLQ,410,UNF,0,390,800,GASA,TA,Y,SBRKR,960,780,0,1740,0,0,1,1,3,1,TA,6,TYP,2,GD,ATTCHD,1940.0,UNF,1,240,TA,TA,Y,0,0,0,0,0,0,,,,0,7,2007-01-01,CWD,NORMAL,219500
1077,50,RL,60.0,10800,PAVE,GRVL,REG,LVL,ALLPUB,INSIDE,GTL,OLDTOWN,NORM,NORM,1FAM,1.5FIN,5,8,1936-01-01,1989-01-01,GABLE,COMPSHG,WD SDNG,WD SDNG,,0.0,TA,TA,CBLOCK,FA,TA,NO,ALQ,626,UNF,0,170,796,GASA,GD,Y,SBRKR,1096,370,0,1466,0,1,2,0,3,1,GD,7,MIN1,1,TA,ATTCHD,1950.0,UNF,2,566,TA,TA,Y,436,21,0,0,0,0,,,SHED,500,4,2006-01-01,WD,NORMAL,170000
1078,20,RL,,15870,PAVE,,IR1,LVL,ALLPUB,CORNER,GTL,NAMES,NORM,NORM,1FAM,1STORY,5,5,1969-01-01,1969-01-01,GABLE,COMPSHG,VINYLSD,PLYWOOD,,0.0,TA,TA,CBLOCK,TA,TA,MN,BLQ,75,REC,791,230,1096,GASA,EX,Y,SBRKR,1096,0,0,1096,1,0,1,0,3,1,TA,6,TYP,0,,ATTCHD,1969.0,FIN,1,299,TA,TA,Y,240,32,0,0,0,0,,,,0,3,2006-01-01,WD,ABNORML,138800
1079,120,RM,37.0,4435,PAVE,,REG,LVL,ALLPUB,INSIDE,GTL,COLLGCR,NORM,NORM,TWNHSE,1STORY,6,5,2004-01-01,2004-01-01,GABLE,COMPSHG,VINYLSD,VINYLSD,BRKFACE,169.0,GD,TA,PCONC,GD,TA,MN,GLQ,662,UNF,0,186,848,GASA,EX,Y,SBRKR,848,0,0,848,1,0,1,0,1,1,GD,3,TYP,1,GD,ATTCHD,2004.0,RFN,2,420,TA,TA,Y,140,0,0,0,0,0,,,,0,5,2006-01-01,WD,NORMAL,155900
1080,20,RL,65.0,8775,PAVE,,REG,LVL,ALLPUB,INSIDE,GTL,COLLGCR,NORM,NORM,1FAM,1STORY,5,5,1994-01-01,1994-01-01,GABLE,COMPSHG,VINYLSD,VINYLSD,,0.0,TA,TA,PCONC,GD,TA,NO,GLQ,495,UNF,0,495,990,GASA,GD,Y,SBRKR,990,0,0,990,0,0,1,0,3,1,TA,5,TYP,0,,ATTCHD,1996.0,UNF,1,299,TA,TA,Y,0,64,0,0,0,0,,,,0,4,2007-01-01,WD,NORMAL,126000
1081,20,RL,80.0,11040,PAVE,,REG,LVL,ALLPUB,INSIDE,GTL,NWAMES,NORM,NORM,1FAM,1STORY,6,7,1971-01-01,2004-01-01,GABLE,COMPSHG,VINYLSD,VINYLSD,BRKFACE,144.0,GD,GD,CBLOCK,TA,TA,NO,ALQ,656,UNF,0,602,1258,GASA,EX,Y,SBRKR,1258,0,0,1258,0,1,2,0,3,1,GD,5,TYP,0,,ATTCHD,1971.0,RFN,2,528,TA,TA,Y,55,0,0,216,0,0,,,,0,10,2008-01-01,COD,ABNORML,145000
1082,20,RL,75.0,7500,PAVE,,REG,LVL,ALLPUB,CORNER,GTL,SAWYER,FEEDR,NORM,1FAM,1STORY,5,5,1963-01-01,1963-01-01,GABLE,COMPSHG,HDBOARD,HDBOARD,,0.0,TA,TA,CBLOCK,TA,TA,NO,ALQ,824,UNF,0,216,1040,GASA,FA,Y,SBRKR,1040,0,0,1040,1,0,1,1,3,1,TA,5,TYP,0,,ATTCHD,1963.0,FIN,1,308,TA,TA,Y,0,0,220,0,0,0,,MNPRV,,0,6,2010-01-01,WD,NORMAL,133000
1083,20,RL,70.0,8749,PAVE,,REG,LVL,ALLPUB,INSIDE,GTL,COLLGCR,NORM,NORM,1FAM,1STORY,7,5,2002-01-01,2002-01-01,GABLE,COMPSHG,VINYLSD,VINYLSD,BRKFACE,100.0,GD,TA,PCONC,GD,TA,NO,UNF,0,UNF,0,1459,1459,GASA,EX,Y,SBRKR,1459,0,0,1459,0,0,2,0,3,1,GD,6,TYP,1,GD,ATTCHD,2002.0,RFN,2,527,TA,TA,Y,192,39,0,0,0,0,,,,0,9,2007-01-01,WD,NORMAL,192000
1084,20,RL,80.0,8800,PAVE,,REG,LVL,ALLPUB,INSIDE,GTL,NAMES,NORM,NORM,1FAM,1STORY,6,6,1964-01-01,1964-01-01,HIP,COMPSHG,HDBOARD,HDBOARD,BRKFACE,425.0,TA,TA,CBLOCK,TA,TA,NO,BLQ,553,UNF,0,698,1251,GASA,TA,Y,SBRKR,1251,0,0,1251,1,0,1,0,3,1,TA,6,TYP,2,GD,ATTCHD,1964.0,RFN,1,461,TA,TA,Y,0,116,0,0,0,0,,MNPRV,SHED,700,3,2006-01-01,WD,NORMAL,160000
1085,60,RL,,13031,PAVE,,IR2,LVL,ALLPUB,CORNER,GTL,GILBERT,NORM,NORM,1FAM,2STORY,6,5,1995-01-01,1996-01-01,GABLE,COMPSHG,HDBOARD,HDBOARD,,0.0,TA,TA,PCONC,GD,TA,NO,ALQ,592,UNF,0,99,691,GASA,GD,Y,SBRKR,691,807,0,1498,0,0,2,1,3,1,TA,6,TYP,1,TA,ATTCHD,1995.0,FIN,2,409,TA,TA,Y,315,44,0,0,0,0,,,,0,7,2006-01-01,WD,NORMAL,187500
1086,85,RL,73.0,9069,PAVE,,REG,LVL,ALLPUB,INSIDE,GTL,SAWYERW,NORM,NORM,1FAM,SFOYER,6,6,1992-01-01,1992-01-01,GABLE,COMPSHG,HDBOARD,HDBOARD,,0.0,TA,TA,PCONC,GD,TA,AV,GLQ,747,UNF,0,189,936,GASA,EX,Y,SBRKR,996,0,0,996,1,0,1,0,2,1,GD,5,TYP,0,,ATTCHD,1992.0,UNF,2,564,TA,TA,Y,120,0,0,0,0,0,,,,0,4,2010-01-01,WD,NORMAL,147000
1087,160,RM,,1974,PAVE,,REG,LVL,ALLPUB,INSIDE,GTL,MEADOWV,NORM,NORM,TWNHSE,2STORY,4,5,1973-01-01,1973-01-01,GABLE,COMPSHG,CEMNTBD,CMENTBD,,0.0,TA,TA,CBLOCK,TA,TA,NO,BLQ,334,UNF,0,212,546,GASA,TA,Y,SBRKR,546,546,0,1092,0,0,1,1,3,1,TA,6,TYP,0,,ATTCHD,1973.0,RFN,1,286,TA,TA,Y,120,96,0,0,0,0,,,,0,5,2010-01-01,WD,NORMAL,83500
1088,60,FV,85.0,10574,PAVE,,REG,LVL,ALLPUB,INSIDE,GTL,SOMERST,NORM,NORM,1FAM,2STORY,8,5,2005-01-01,2006-01-01,GABLE,COMPSHG,VINYLSD,VINYLSD,,0.0,GD,TA,PCONC,GD,TA,MN,UNF,0,UNF,0,1082,1082,GASA,EX,Y,SBRKR,1082,871,0,1953,0,0,2,1,3,1,GD,9,TYP,1,GD,ATTCHD,2005.0,RFN,3,1043,TA,TA,Y,160,50,0,0,0,0,,,,0,5,2009-01-01,WD,NORMAL,252000
1089,160,RM,24.0,2522,PAVE,,REG,LVL,ALLPUB,INSIDE,GTL,EDWARDS,NORM,NORM,TWNHS,2STORY,7,5,2004-01-01,2004-01-01,GABLE,COMPSHG,VINYLSD,VINYLSD,STONE,50.0,GD,TA,PCONC,GD,TA,NO,UNF,0,UNF,0,970,970,GASA,EX,Y,SBRKR,970,739,0,1709,0,0,2,0,3,1,GD,7,MAJ1,0,,DETCHD,2004.0,UNF,2,380,TA,TA,Y,0,40,0,0,0,0,,,,0,4,2006-01-01,WD,NORMAL,137500
1090,120,FV,37.0,3316,PAVE,PAVE,IR1,LVL,ALLPUB,INSIDE,GTL,SOMERST,NORM,NORM,TWNHSE,1STORY,8,5,2005-01-01,2005-01-01,GABLE,COMPSHG,METALSD,METALSD,,0.0,GD,TA,PCONC,GD,TA,NO,GLQ,1039,UNF,0,208,1247,GASA,EX,Y,SBRKR,1247,0,0,1247,1,0,1,1,1,1,GD,4,TYP,1,GD,ATTCHD,2005.0,FIN,2,550,TA,TA,Y,0,84,0,0,0,0,,,,0,4,2006-01-01,WD,NORMAL,197000
1091,90,RL,60.0,8544,PAVE,,REG,LVL,ALLPUB,CORNER,GTL,NAMES,NORM,NORM,DUPLEX,1STORY,3,4,1950-01-01,1950-01-01,GABLE,COMPSHG,BRKFACE,BRKFACE,,0.0,TA,TA,SLAB,,,,,0,,0,0,0,WALL,FA,N,FUSEA,1040,0,0,1040,0,0,2,0,2,2,TA,6,TYP,0,,DETCHD,1987.0,UNF,2,400,TA,TA,Y,0,0,0,0,0,0,,,,0,6,2009-01-01,WD,NORMAL,92900
1092,160,FV,24.0,2160,PAVE,PAVE,REG,LVL,ALLPUB,INSIDE,GTL,SOMERST,NORM,NORM,TWNHS,2STORY,7,5,1999-01-01,2000-01-01,GABLE,COMPSHG,METALSD,METALSD,BRKFACE,212.0,GD,TA,PCONC,GD,TA,NO,BLQ,510,UNF,0,90,600,GASA,EX,Y,SBRKR,624,628,0,1252,1,0,2,1,2,1,GD,4,TYP,0,,DETCHD,1999.0,UNF,2,462,TA,TA,Y,0,48,0,0,0,0,,,,0,3,2008-01-01,WD,NORMAL,160000
1093,50,RL,60.0,8400,PAVE,,REG,BNK,ALLPUB,INSIDE,GTL,SWISU,NORM,NORM,1FAM,1.5FIN,6,5,1925-01-01,1950-01-01,GABLE,COMPSHG,METALSD,METALSD,,0.0,TA,TA,PCONC,TA,TA,NO,REC,423,UNF,0,758,1181,GASA,FA,Y,SBRKR,1390,304,0,1694,0,0,2,0,4,1,TA,7,TYP,1,GD,DETCHD,1925.0,UNF,2,576,TA,TA,Y,342,0,128,0,0,0,,,,0,6,2008-01-01,WD,NORMAL,136500
1094,20,RL,71.0,9230,PAVE,,REG,LVL,ALLPUB,CORNER,GTL,NAMES,FEEDR,NORM,1FAM,1STORY,5,8,1965-01-01,1998-01-01,HIP,COMPSHG,METALSD,METALSD,BRKFACE,166.0,TA,TA,CBLOCK,TA,TA,MN,GLQ,661,UNF,0,203,864,GASA,GD,Y,SBRKR,1200,0,0,1200,1,0,1,1,1,1,GD,6,TYP,0,,DETCHD,1977.0,UNF,2,884,TA,TA,Y,0,64,0,0,0,0,,MNPRV,,0,10,2006-01-01,WD,NORMAL,146000
1095,20,RL,74.0,5868,PAVE,,REG,LVL,ALLPUB,INSIDE,GTL,NAMES,NORM,NORM,1FAM,1STORY,5,7,1956-01-01,2000-01-01,GABLE,COMPSHG,METALSD,METALSD,,0.0,TA,TA,CBLOCK,TA,TA,NO,BLQ,248,REC,240,448,936,GASA,EX,Y,SBRKR,936,0,0,936,1,0,1,0,2,1,TA,4,TYP,0,,ATTCHD,1956.0,FIN,1,308,TA,TA,Y,0,0,80,0,160,0,,,,0,5,2010-01-01,WD,NORMAL,129000
1096,20,RL,78.0,9317,PAVE,,IR1,LVL,ALLPUB,INSIDE,GTL,COLLGCR,NORM,NORM,1FAM,1STORY,6,5,2006-01-01,2006-01-01,GABLE,COMPSHG,VINYLSD,VINYLSD,,0.0,GD,TA,PCONC,GD,TA,NO,GLQ,24,UNF,0,1290,1314,GASA,GD,Y,SBRKR,1314,0,0,1314,0,0,2,0,3,1,GD,6,TYP,1,GD,ATTCHD,2006.0,RFN,2,440,TA,TA,Y,0,22,0,0,0,0,,,,0,3,2007-01-01,WD,NORMAL,176432
1097,70,RM,60.0,6882,PAVE,,REG,LVL,ALLPUB,INSIDE,GTL,IDOTRR,NORM,NORM,1FAM,2STORY,6,7,1914-01-01,2006-01-01,GABLE,COMPSHG,WD SDNG,WD SDNG,,0.0,TA,TA,PCONC,TA,TA,NO,UNF,0,UNF,0,684,684,GASA,TA,Y,SBRKR,773,582,0,1355,0,0,1,1,3,1,GD,7,TYP,0,,,,,0,0,,,Y,136,0,115,0,0,0,,,,0,3,2007-01-01,WD,NORMAL,127000
1098,120,RL,,3696,PAVE,,REG,LVL,ALLPUB,INSIDE,GTL,STONEBR,NORM,NORM,TWNHSE,1STORY,8,5,1986-01-01,1986-01-01,GABLE,COMPSHG,HDBOARD,HDBOARD,,0.0,GD,TA,CBLOCK,GD,TA,NO,UNF,0,UNF,0,1074,1074,GASA,EX,Y,SBRKR,1088,0,0,1088,0,0,1,1,2,1,GD,5,TYP,0,,ATTCHD,1987.0,RFN,2,461,TA,TA,Y,0,74,137,0,0,0,,,,0,10,2007-01-01,WD,NORMAL,170000
1099,50,RM,50.0,6000,PAVE,,REG,LVL,ALLPUB,INSIDE,GTL,BRKSIDE,NORM,NORM,1FAM,1.5FIN,4,6,1936-01-01,1950-01-01,GABLE,COMPSHG,METALSD,METALSD,,0.0,TA,TA,BRKTIL,TA,TA,NO,BLQ,672,UNF,0,0,672,GASA,TA,Y,SBRKR,757,567,0,1324,0,0,1,0,3,1,TA,6,TYP,0,,DETCHD,1936.0,UNF,1,240,TA,TA,Y,0,0,0,0,0,0,,,,0,7,2009-01-01,WD,NORMAL,128000
1100,20,RL,82.0,11880,PAVE,,IR1,LVL,ALLPUB,INSIDE,GTL,NWAMES,RRAN,NORM,1FAM,1STORY,7,5,1978-01-01,1978-01-01,GABLE,COMPSHG,PLYWOOD,PLYWOOD,BRKFACE,206.0,TA,TA,CBLOCK,GD,TA,NO,ALQ,704,UNF,0,567,1271,GASA,TA,Y,SBRKR,1601,0,0,1601,0,0,2,0,3,1,TA,7,TYP,1,TA,ATTCHD,1978.0,RFN,2,478,TA,TA,Y,0,0,0,0,0,0,,,,0,4,2009-01-01,COD,ABNORML,157000
1101,30,RL,60.0,8400,PAVE,,REG,BNK,ALLPUB,INSIDE,GTL,SWISU,NORM,NORM,1FAM,1STORY,2,5,1920-01-01,1950-01-01,GABLE,COMPSHG,WD SDNG,WD SDNG,,0.0,TA,TA,CBLOCK,TA,FA,NO,REC,290,UNF,0,0,290,GASA,TA,N,FUSEF,438,0,0,438,0,0,1,0,1,1,FA,3,TYP,0,,DETCHD,1930.0,UNF,1,246,TA,TA,N,0,0,0,0,0,0,,,,0,1,2009-01-01,WD,NORMAL,60000
1102,20,RL,61.0,9758,PAVE,,IR1,LVL,ALLPUB,INSIDE,GTL,NAMES,NORM,NORM,1FAM,1STORY,5,5,1971-01-01,1971-01-01,GABLE,COMPSHG,HDBOARD,METALSD,,0.0,TA,TA,CBLOCK,TA,TA,NO,BLQ,412,LWQ,287,251,950,GASA,TA,Y,SBRKR,950,0,0,950,0,0,1,0,3,1,TA,5,TYP,0,,DETCHD,1981.0,UNF,1,280,TA,TA,Y,0,0,0,0,0,0,,,,0,7,2007-01-01,WD,NORMAL,119500
1103,20,RL,70.0,7000,PAVE,,REG,LVL,ALLPUB,INSIDE,GTL,NAMES,NORM,NORM,1FAM,1STORY,5,7,1960-01-01,2002-01-01,GABLE,COMPSHG,WD SDNG,WD SDNG,BRKFACE,45.0,TA,TA,CBLOCK,TA,TA,NO,REC,588,UNF,0,422,1010,GASA,EX,Y,SBRKR,1134,0,0,1134,0,0,1,0,2,1,TA,6,TYP,0,,ATTCHD,1960.0,RFN,1,254,TA,TA,Y,0,16,0,0,0,0,,MNWW,,0,4,2007-01-01,WD,FAMILY,135000
1104,20,RL,79.0,8910,PAVE,,REG,LVL,ALLPUB,CORNER,GTL,NAMES,NORM,NORM,1FAM,1STORY,6,6,1959-01-01,1959-01-01,HIP,COMPSHG,BRKFACE,BRKFACE,,0.0,TA,TA,CBLOCK,TA,TA,MN,ALQ,655,UNF,0,0,655,GASA,EX,Y,SBRKR,1194,0,0,1194,0,1,1,0,3,1,TA,6,TYP,1,FA,BUILTIN,1954.0,FIN,2,539,TA,TA,Y,0,0,192,0,0,0,,,,0,7,2006-01-01,WD,NORMAL,159500
1105,160,RM,24.0,2016,PAVE,,REG,LVL,ALLPUB,INSIDE,GTL,BRDALE,NORM,NORM,TWNHSE,2STORY,5,5,1970-01-01,1970-01-01,GABLE,COMPSHG,HDBOARD,HDBOARD,BRKFACE,304.0,TA,TA,CBLOCK,TA,TA,NO,UNF,0,UNF,0,630,630,GASA,TA,Y,SBRKR,630,672,0,1302,0,0,2,1,3,1,TA,6,TYP,0,,DETCHD,1970.0,UNF,2,440,TA,TA,Y,0,0,0,0,0,0,,,,0,4,2007-01-01,WD,NORMAL,106000
1106,60,RL,98.0,12256,PAVE,,IR1,LVL,ALLPUB,CORNER,GTL,NORIDGE,NORM,NORM,1FAM,2STORY,8,5,1994-01-01,1995-01-01,GABLE,COMPSHG,HDBOARD,HDBOARD,BRKFACE,362.0,GD,TA,PCONC,EX,TA,AV,GLQ,1032,UNF,0,431,1463,GASA,EX,Y,SBRKR,1500,1122,0,2622,1,0,2,1,3,1,GD,9,TYP,2,TA,ATTCHD,1994.0,RFN,2,712,TA,TA,Y,186,32,0,0,0,0,,,,0,4,2010-01-01,WD,NORMAL,325000
1107,20,RL,114.0,10357,PAVE,,IR1,LVL,ALLPUB,CORNER,GTL,SAWYERW,FEEDR,NORM,1FAM,1STORY,7,5,1990-01-01,1991-01-01,HIP,COMPSHG,HDBOARD,HDBOARD,,0.0,GD,TA,PCONC,GD,TA,MN,GLQ,738,UNF,0,172,910,GASA,GD,Y,SBRKR,1442,0,0,1442,1,0,2,0,3,1,GD,6,TYP,1,TA,ATTCHD,1990.0,FIN,2,719,TA,TA,Y,0,244,0,0,0,0,,,,0,5,2007-01-01,WD,NORMAL,179900
1108,60,RL,168.0,23257,PAVE,,IR3,HLS,ALLPUB,CULDSAC,GTL,GILBERT,NORM,NORM,1FAM,2STORY,7,5,2006-01-01,2006-01-01,GABLE,COMPSHG,VINYLSD,VINYLSD,,0.0,GD,TA,PCONC,EX,GD,NO,UNF,0,UNF,0,868,868,GASA,EX,Y,SBRKR,887,1134,0,2021,0,0,2,1,3,1,GD,9,TYP,1,GD,BUILTIN,2006.0,RFN,2,422,TA,TA,Y,0,100,0,0,0,0,,,,0,9,2006-01-01,NEW,PARTIAL,274725
1109,60,RL,,8063,PAVE,,REG,LVL,ALLPUB,INSIDE,GTL,GILBERT,NORM,NORM,1FAM,2STORY,6,5,2000-01-01,2000-01-01,GABLE,COMPSHG,VINYLSD,VINYLSD,,0.0,TA,TA,PCONC,GD,TA,NO,UNF,0,UNF,0,924,924,GASA,EX,Y,SBRKR,948,742,0,1690,0,0,2,1,3,1,TA,7,TYP,1,TA,ATTCHD,2000.0,RFN,2,463,TA,TA,Y,100,48,0,0,0,0,,,,0,11,2007-01-01,WD,ABNORML,181000
1110,20,RL,107.0,11362,PAVE,,IR1,LVL,ALLPUB,INSIDE,GTL,NRIDGHT,NORM,NORM,1FAM,1STORY,8,5,2004-01-01,2005-01-01,GABLE,COMPSHG,METALSD,METALSD,STONE,42.0,GD,TA,PCONC,EX,TA,MN,GLQ,1039,UNF,0,797,1836,GASA,EX,Y,SBRKR,1836,0,0,1836,1,0,2,0,3,1,GD,7,TYP,1,GD,ATTCHD,2004.0,FIN,3,862,TA,TA,Y,125,185,0,0,0,0,,,,0,3,2009-01-01,WD,NORMAL,280000
1111,60,RL,,8000,PAVE,,REG,LVL,ALLPUB,INSIDE,GTL,GILBERT,NORM,NORM,1FAM,2STORY,6,5,1995-01-01,1996-01-01,GABLE,COMPSHG,HDBOARD,HDBOARD,,0.0,TA,TA,PCONC,GD,TA,NO,GLQ,219,UNF,0,554,773,GASA,GD,Y,SBRKR,773,885,0,1658,1,0,2,1,3,1,TA,8,TYP,1,TA,ATTCHD,1995.0,FIN,2,431,TA,TA,Y,224,84,0,0,0,0,,,,0,6,2008-01-01,WD,NORMAL,188000
1112,60,RL,80.0,10480,PAVE,,REG,LVL,ALLPUB,INSIDE,GTL,NWAMES,NORM,NORM,1FAM,2STORY,7,6,1976-01-01,1976-01-01,HIP,COMPSHG,PLYWOOD,PLYWOOD,BRKFACE,660.0,TA,TA,CBLOCK,TA,TA,NO,ALQ,403,UNF,0,400,803,GASA,TA,Y,SBRKR,1098,866,0,1964,0,0,2,1,4,1,TA,8,TYP,1,GD,ATTCHD,1976.0,RFN,2,483,TA,TA,Y,0,69,0,0,0,0,,,,0,9,2008-01-01,WD,NORMAL,205000
1113,20,RL,73.0,7100,PAVE,,IR1,LVL,ALLPUB,CORNER,GTL,NAMES,NORM,NORM,1FAM,1STORY,5,7,1957-01-01,1957-01-01,GABLE,COMPSHG,WDSHING,WD SHNG,,0.0,TA,TA,CBLOCK,TA,TA,NO,GLQ,708,UNF,0,108,816,GASA,TA,Y,FUSEA,816,0,0,816,1,0,1,0,2,1,TA,5,TYP,0,,DETCHD,1957.0,UNF,1,308,TA,TA,Y,0,0,0,0,0,0,,,,0,7,2006-01-01,WD,NORMAL,129900
1114,20,RL,66.0,8923,PAVE,,REG,LVL,ALLPUB,INSIDE,GTL,NAMES,NORM,NORM,1FAM,1STORY,5,7,1953-01-01,2006-01-01,GABLE,COMPSHG,WD SDNG,WD SDNG,,0.0,TA,TA,CBLOCK,TA,TA,NO,BLQ,643,UNF,0,365,1008,GASA,GD,Y,SBRKR,1008,0,0,1008,1,0,1,0,2,1,GD,6,TYP,0,,ATTCHD,1953.0,UNF,1,240,TA,TA,Y,0,18,0,0,0,0,,,,0,5,2007-01-01,WD,NORMAL,134500
1115,20,RL,90.0,5400,PAVE,,REG,LVL,ALLPUB,INSIDE,GTL,OLDTOWN,NORM,NORM,1FAM,1STORY,5,7,1954-01-01,2000-01-01,GABLE,COMPSHG,METALSD,METALSD,,0.0,TA,GD,CBLOCK,TA,TA,NO,REC,415,UNF,0,418,833,GASA,EX,Y,SBRKR,833,0,0,833,0,0,1,0,2,1,GD,4,TYP,0,,DETCHD,1955.0,UNF,1,326,TA,TA,Y,0,0,0,0,0,0,,MNPRV,,0,8,2006-01-01,WD,NORMAL,117000
1116,20,RL,93.0,12085,PAVE,,REG,LVL,ALLPUB,INSIDE,GTL,NRIDGHT,NORM,NORM,1FAM,1STORY,8,5,2007-01-01,2007-01-01,HIP,COMPSHG,VINYLSD,VINYLSD,STONE,328.0,GD,TA,PCONC,EX,TA,NO,GLQ,1004,UNF,0,730,1734,GASA,EX,Y,SBRKR,1734,0,0,1734,1,0,2,0,3,1,EX,7,TYP,1,GD,ATTCHD,2007.0,RFN,3,928,TA,TA,Y,0,0,0,0,0,0,,,,0,11,2007-01-01,NEW,PARTIAL,318000
1117,80,RL,,7750,PAVE,,REG,LVL,ALLPUB,INSIDE,GTL,GILBERT,NORM,NORM,1FAM,SLVL,8,5,2002-01-01,2002-01-01,HIP,COMPSHG,VINYLSD,VINYLSD,,0.0,GD,TA,PCONC,GD,TA,NO,GLQ,353,UNF,0,55,408,GASA,EX,Y,SBRKR,779,640,0,1419,1,0,2,1,3,1,GD,7,TYP,1,TA,BUILTIN,2002.0,FIN,2,527,TA,TA,Y,120,0,0,0,0,0,,,,0,3,2009-01-01,WD,NORMAL,184100
1118,20,RL,57.0,9764,PAVE,,IR1,LVL,ALLPUB,FR2,GTL,SAWYER,FEEDR,NORM,1FAM,1STORY,5,7,1967-01-01,2003-01-01,GABLE,COMPSHG,VINYLSD,VINYLSD,,0.0,TA,TA,CBLOCK,TA,TA,NO,BLQ,702,UNF,0,192,894,GASA,EX,Y,SBRKR,894,0,0,894,1,0,1,0,3,1,GD,5,TYP,0,,ATTCHD,1967.0,RFN,2,450,TA,TA,Y,0,0,0,0,0,0,,,,0,5,2008-01-01,WD,NORMAL,130000
1119,80,RL,85.0,13825,PAVE,,REG,LVL,ALLPUB,INSIDE,GTL,SAWYER,NORM,NORM,1FAM,SLVL,5,6,1958-01-01,1987-01-01,GABLE,COMPSHG,METALSD,METALSD,,0.0,TA,GD,CBLOCK,TA,TA,NO,UNF,0,UNF,0,533,533,GASA,TA,Y,SBRKR,1021,580,0,1601,0,1,1,0,3,1,TA,6,MIN2,0,,BUILTIN,1958.0,RFN,1,300,TA,TA,Y,280,34,0,0,0,0,,,,0,12,2008-01-01,WD,NORMAL,140000
1120,20,RL,70.0,7560,PAVE,,REG,LVL,ALLPUB,INSIDE,GTL,NAMES,NORM,NORM,1FAM,1STORY,5,5,1959-01-01,1959-01-01,GABLE,COMPSHG,BRKFACE,WD SDNG,,0.0,TA,TA,CBLOCK,TA,TA,NO,LWQ,369,UNF,0,671,1040,GASA,TA,Y,FUSEA,1040,0,0,1040,0,0,1,0,3,1,TA,6,TYP,0,,ATTCHD,1959.0,RFN,1,286,TA,TA,Y,140,0,252,0,0,0,,GDWO,,0,7,2006-01-01,WD,NORMAL,133700
1121,30,RM,59.0,8263,PAVE,,REG,BNK,ALLPUB,INSIDE,MOD,IDOTRR,NORM,NORM,1FAM,1STORY,6,5,1920-01-01,1950-01-01,GABLE,COMPSHG,BRKFACE,BRKFACE,,0.0,TA,TA,BRKTIL,TA,TA,NO,UNF,0,UNF,0,1012,1012,GASA,TA,Y,FUSEA,1012,0,0,1012,0,0,1,0,2,1,TA,6,TYP,1,GD,DETCHD,1920.0,UNF,1,308,TA,TA,Y,0,22,112,0,0,0,,MNPRV,,0,5,2007-01-01,WD,NORMAL,118400
1122,20,RL,84.0,10084,PAVE,,REG,LVL,ALLPUB,INSIDE,GTL,COLLGCR,NORM,NORM,1FAM,1STORY,7,5,2005-01-01,2006-01-01,GABLE,COMPSHG,VINYLSD,VINYLSD,BRKFACE,196.0,GD,TA,PCONC,GD,TA,AV,GLQ,24,UNF,0,1528,1552,GASA,EX,Y,SBRKR,1552,0,0,1552,0,0,2,0,3,1,GD,7,TYP,0,,ATTCHD,2005.0,RFN,3,782,TA,TA,Y,144,20,0,0,0,0,,,,0,7,2006-01-01,NEW,PARTIAL,212900
1123,20,RL,,8926,PAVE,,IR1,LVL,ALLPUB,CORNER,GTL,EDWARDS,NORM,NORM,1FAM,1STORY,4,3,1956-01-01,1956-01-01,GABLE,COMPSHG,ASBSHNG,ASBSHNG,,0.0,TA,TA,CBLOCK,TA,TA,NO,UNF,0,UNF,0,672,672,GASA,EX,Y,FUSEA,960,0,0,960,0,0,1,0,3,1,TA,5,TYP,0,,BASMENT,1956.0,UNF,1,288,TA,TA,Y,64,0,0,0,160,0,,MNPRV,,0,10,2009-01-01,COD,ABNORML,112000
1124,20,RL,50.0,9405,PAVE,,REG,LVL,ALLPUB,INSIDE,GTL,EDWARDS,NORM,NORM,1FAM,1STORY,5,9,1947-01-01,2008-01-01,HIP,COMPSHG,VINYLSD,VINYLSD,,0.0,TA,EX,CBLOCK,TA,TA,NO,UNF,0,UNF,0,698,698,GASA,EX,Y,SBRKR,698,0,0,698,0,1,1,0,2,1,TA,4,TYP,0,,,,,0,0,,,Y,0,200,0,0,0,0,,,,0,6,2009-01-01,WD,NORMAL,118000
1125,80,RL,,9125,PAVE,,IR1,LVL,ALLPUB,INSIDE,GTL,GILBERT,NORM,NORM,1FAM,SLVL,7,5,1992-01-01,1992-01-01,GABLE,COMPSHG,HDBOARD,HDBOARD,BRKFACE,170.0,TA,TA,PCONC,GD,TA,NO,UNF,0,UNF,0,384,384,GASA,GD,Y,SBRKR,812,670,0,1482,0,0,2,1,3,1,GD,7,TYP,1,TA,ATTCHD,1992.0,FIN,2,392,TA,TA,Y,100,25,0,0,0,0,,,,0,7,2007-01-01,WD,NORMAL,163900
1126,20,RL,60.0,10434,PAVE,,REG,LVL,ALLPUB,INSIDE,GTL,NAMES,NORM,NORM,1FAM,1STORY,4,5,1955-01-01,1955-01-01,GABLE,COMPSHG,PLYWOOD,PLYWOOD,,0.0,TA,TA,CBLOCK,TA,TA,NO,UNF,0,UNF,0,1005,1005,GASA,TA,Y,SBRKR,1005,0,0,1005,0,0,1,0,2,1,FA,5,TYP,1,TA,DETCHD,1977.0,UNF,2,672,FA,FA,Y,0,0,0,0,0,0,,,,0,11,2009-01-01,WD,NORMAL,115000
1127,120,RL,53.0,3684,PAVE,,REG,LVL,ALLPUB,INSIDE,GTL,BLMNGTN,NORM,NORM,TWNHSE,1STORY,7,5,2007-01-01,2007-01-01,HIP,COMPSHG,VINYLSD,VINYLSD,BRKFACE,130.0,GD,TA,PCONC,GD,TA,NO,UNF,0,UNF,0,1373,1373,GASA,EX,Y,SBRKR,1555,0,0,1555,0,0,2,0,2,1,GD,7,TYP,1,TA,ATTCHD,2007.0,FIN,3,660,TA,TA,Y,143,20,0,0,0,0,,,,0,6,2009-01-01,WD,NORMAL,174000
1128,20,RL,182.0,14572,PAVE,,IR3,LVL,ALLPUB,CORNER,GTL,GILBERT,NORM,NORM,1FAM,1STORY,7,5,2004-01-01,2004-01-01,HIP,COMPSHG,VINYLSD,VINYLSD,,0.0,GD,TA,PCONC,GD,TA,AV,GLQ,1300,UNF,0,230,1530,GASA,EX,Y,SBRKR,1530,0,0,1530,1,0,2,0,3,1,GD,7,TYP,1,GD,ATTCHD,2004.0,FIN,3,630,TA,TA,Y,144,36,0,0,0,0,,,,0,11,2007-01-01,WD,FAMILY,259000
1129,60,RL,59.0,11796,PAVE,,IR1,LVL,ALLPUB,INSIDE,GTL,GILBERT,NORM,NORM,1FAM,2STORY,7,5,2004-01-01,2005-01-01,GABLE,COMPSHG,VINYLSD,VINYLSD,,0.0,GD,TA,PCONC,GD,TA,AV,UNF,0,UNF,0,847,847,GASA,EX,Y,SBRKR,847,1112,0,1959,0,0,2,1,4,1,GD,8,TYP,1,GD,BUILTIN,2004.0,FIN,2,434,TA,TA,Y,100,48,0,0,0,0,,,,0,7,2007-01-01,WD,NORMAL,215000
1130,90,RM,60.0,7200,PAVE,GRVL,REG,LVL,ALLPUB,INSIDE,GTL,OLDTOWN,NORM,NORM,DUPLEX,SFOYER,5,5,1980-01-01,1980-01-01,GABLE,COMPSHG,METALSD,METALSD,BRKFACE,180.0,TA,TA,CBLOCK,GD,TA,GD,GLQ,936,UNF,0,0,936,GASA,TA,Y,SBRKR,936,0,0,936,1,0,1,0,2,1,TA,4,TYP,0,,DETCHD,1980.0,UNF,2,672,TA,TA,Y,49,0,0,0,0,0,,,,0,8,2007-01-01,WD,NORMAL,140000
1131,50,RL,65.0,7804,PAVE,,REG,LVL,ALLPUB,INSIDE,GTL,SWISU,NORM,NORM,1FAM,1.5FIN,4,3,1928-01-01,1950-01-01,GABLE,COMPSHG,WDSHING,PLYWOOD,,0.0,TA,TA,BRKTIL,TA,TA,NO,BLQ,622,UNF,0,500,1122,GASA,TA,Y,SBRKR,1328,653,0,1981,1,0,2,0,4,1,GD,7,MIN2,2,TA,DETCHD,1981.0,UNF,2,576,TA,TA,Y,431,44,0,0,0,0,,MNPRV,,0,12,2009-01-01,WD,NORMAL,135000
1132,20,RL,63.0,10712,PAVE,,REG,LVL,ALLPUB,INSIDE,GTL,MITCHEL,NORM,NORM,1FAM,1STORY,5,5,1991-01-01,1992-01-01,GABLE,COMPSHG,HDBOARD,HDBOARD,,0.0,TA,TA,PCONC,GD,TA,MN,BLQ,212,UNF,0,762,974,GASA,TA,Y,SBRKR,974,0,0,974,0,0,1,0,3,1,TA,5,TYP,0,,,,,0,0,,,Y,0,28,0,0,0,0,,MNPRV,,0,9,2007-01-01,OTH,ABNORML,93500
1133,70,RM,90.0,9900,PAVE,,REG,LVL,ALLPUB,INSIDE,GTL,OLDTOWN,NORM,NORM,1FAM,2STORY,6,4,1880-01-01,1950-01-01,GABLE,COMPSHG,WD SDNG,WD SDNG,,0.0,TA,TA,BRKTIL,TA,TA,MN,UNF,0,UNF,0,1008,1008,GASW,TA,Y,SBRKR,1178,1032,0,2210,0,0,2,0,5,1,FA,8,TYP,0,,DETCHD,1930.0,UNF,1,205,FA,TA,N,0,48,0,0,0,0,,,,0,5,2007-01-01,WD,NORMAL,117500
1134,60,RL,80.0,9828,PAVE,,IR1,LVL,ALLPUB,INSIDE,GTL,SAWYERW,NORM,NORM,1FAM,2STORY,8,5,1995-01-01,1995-01-01,GABLE,COMPSHG,VINYLSD,VINYLSD,,0.0,GD,TA,PCONC,GD,TA,NO,GLQ,584,UNF,0,544,1128,GASA,EX,Y,SBRKR,1142,878,0,2020,0,0,2,1,3,1,GD,8,TYP,1,TA,ATTCHD,1995.0,RFN,2,466,TA,TA,Y,0,155,0,0,0,0,,,,0,6,2009-01-01,WD,NORMAL,239500
1135,60,RL,57.0,8773,PAVE,,IR1,HLS,ALLPUB,INSIDE,GTL,GILBERT,NORM,NORM,1FAM,2STORY,6,5,1997-01-01,1997-01-01,GABLE,COMPSHG,VINYLSD,VINYLSD,,0.0,TA,TA,PCONC,GD,TA,AV,UNF,0,UNF,0,916,916,GASA,GD,Y,SBRKR,916,684,0,1600,0,0,2,1,3,1,TA,7,TYP,1,TA,ATTCHD,1997.0,FIN,2,460,TA,TA,Y,100,38,0,0,0,0,,,,0,8,2007-01-01,WD,NORMAL,169000
1136,30,RM,60.0,6180,PAVE,,REG,LVL,ALLPUB,CORNER,GTL,BRKSIDE,NORM,NORM,1FAM,1STORY,6,5,1926-01-01,1950-01-01,GABLE,COMPSHG,WD SDNG,WD SDNG,,0.0,TA,TA,BRKTIL,TA,TA,NO,UNF,0,UNF,0,960,960,GASA,TA,N,SBRKR,986,0,0,986,0,0,1,0,2,1,TA,5,TYP,1,GD,DETCHD,1926.0,UNF,1,180,TA,TA,Y,0,128,0,0,0,0,,,,0,5,2007-01-01,WD,NORMAL,102000
1137,50,RL,80.0,9600,PAVE,,REG,LVL,ALLPUB,INSIDE,GTL,NAMES,NORM,NORM,1FAM,1.5FIN,6,5,1950-01-01,1950-01-01,GABLE,COMPSHG,VINYLSD,VINYLSD,,0.0,TA,TA,CBLOCK,TA,TA,NO,BLQ,280,UNF,0,752,1032,GASA,TA,Y,FUSEA,1032,220,0,1252,0,0,1,0,3,1,TA,6,TYP,0,,ATTCHD,1950.0,UNF,1,288,TA,TA,Y,0,0,96,0,0,0,,,,0,4,2008-01-01,WD,ABNORML,119000
1138,50,RL,54.0,6342,PAVE,,REG,LVL,ALLPUB,INSIDE,GTL,SAWYER,FEEDR,NORM,1FAM,1.5FIN,5,8,1875-01-01,1996-01-01,GABLE,COMPSHG,VINYLSD,VINYLSD,,0.0,TA,GD,CBLOCK,TA,TA,NO,UNF,0,UNF,0,780,780,GASA,GD,N,SBRKR,780,240,0,1020,0,0,1,0,2,1,TA,6,TYP,0,,,,,0,0,,,N,0,0,176,0,0,0,,,,0,5,2010-01-01,WD,NORMAL,94000
1139,20,RL,,9819,PAVE,,IR1,LVL,ALLPUB,INSIDE,MOD,MITCHEL,NORM,NORM,1FAM,1STORY,6,5,1977-01-01,1977-01-01,GABLE,COMPSHG,PLYWOOD,IMSTUCC,,0.0,TA,TA,PCONC,TA,TA,GD,ALQ,1567,UNF,0,0,1567,GASA,TA,Y,SBRKR,1567,0,0,1567,1,0,2,0,2,1,GD,5,TYP,2,TA,ATTCHD,1977.0,RFN,2,714,TA,TA,Y,264,32,0,0,0,0,,,,0,5,2009-01-01,WD,NORMAL,196000
1140,30,RL,98.0,8731,PAVE,,IR1,LVL,ALLPUB,INSIDE,GTL,BRKSIDE,NORM,NORM,1FAM,1STORY,5,5,1920-01-01,1950-01-01,GABLE,COMPSHG,STUCCO,STUCCO,,0.0,TA,FA,BRKTIL,TA,TA,NO,BLQ,645,UNF,0,270,915,GASA,TA,Y,SBRKR,1167,0,0,1167,0,0,1,0,3,1,TA,6,MAJ1,1,GD,DETCHD,1972.0,UNF,2,495,TA,TA,Y,0,0,216,0,126,0,,,,0,5,2007-01-01,WD,NORMAL,144000
1141,20,RL,60.0,7350,PAVE,,REG,LVL,ALLPUB,CORNER,GTL,NAMES,NORM,NORM,1FAM,1STORY,5,7,1951-01-01,1951-01-01,GABLE,COMPSHG,HDBOARD,HDBOARD,,0.0,TA,TA,CBLOCK,TA,TA,MN,ALQ,852,UNF,0,100,952,GASA,TA,Y,SBRKR,952,0,0,952,1,0,1,0,2,1,TA,4,TYP,0,,DETCHD,1988.0,UNF,2,840,TA,TA,Y,0,0,0,0,0,0,,,,0,6,2008-01-01,COD,ABNORML,139000
1142,60,RL,,10304,PAVE,,IR1,LVL,ALLPUB,CULDSAC,GTL,NWAMES,POSN,NORM,1FAM,2STORY,5,7,1976-01-01,1976-01-01,GABLE,COMPSHG,PLYWOOD,PLYWOOD,BRKFACE,44.0,TA,GD,CBLOCK,TA,TA,NO,ALQ,381,UNF,0,399,780,GASA,EX,Y,SBRKR,1088,780,0,1868,1,0,2,1,4,1,GD,9,TYP,1,TA,ATTCHD,1976.0,UNF,2,484,TA,TA,Y,448,96,0,0,0,0,,,,0,10,2009-01-01,WD,NORMAL,197500
1143,60,RL,77.0,9965,PAVE,,REG,LVL,ALLPUB,INSIDE,GTL,COLLGCR,NORM,NORM,1FAM,2STORY,8,5,2006-01-01,2007-01-01,HIP,COMPSHG,VINYLSD,VINYLSD,STONE,340.0,GD,TA,PCONC,EX,TA,GD,GLQ,1150,UNF,0,316,1466,GASA,EX,Y,SBRKR,1466,1362,0,2828,1,0,3,0,4,1,GD,11,TYP,1,TA,BUILTIN,2006.0,RFN,3,1052,TA,TA,Y,125,144,0,0,0,0,,,,0,4,2007-01-01,NEW,PARTIAL,424870
1144,20,RL,,9000,PAVE,,REG,LVL,ALLPUB,INSIDE,GTL,SAWYER,NORM,NORM,1FAM,1STORY,5,3,1959-01-01,1959-01-01,GABLE,COMPSHG,WD SDNG,PLYWOOD,,0.0,TA,TA,CBLOCK,TA,TA,NO,GLQ,288,UNF,0,718,1006,GASA,TA,Y,SBRKR,1006,0,0,1006,0,0,1,0,3,1,TA,5,TYP,0,,,,,0,0,,,Y,0,24,0,0,0,0,,,,0,7,2008-01-01,WD,NORMAL,80000
1145,190,RL,60.0,12180,PAVE,,REG,LVL,ALLPUB,INSIDE,GTL,EDWARDS,NORM,NORM,2FMCON,1.5FIN,4,4,1941-01-01,1950-01-01,GABLE,COMPSHG,METALSD,METALSD,,0.0,TA,FA,BRKTIL,GD,TA,NO,BLQ,348,UNF,0,324,672,GRAV,FA,N,FUSEA,672,252,0,924,1,0,1,0,2,1,FA,5,TYP,0,,DETCHD,1941.0,UNF,1,280,TA,TA,Y,0,0,0,0,0,0,,MNPRV,,0,7,2010-01-01,WD,NORMAL,80000
1146,50,RM,52.0,6240,PAVE,,REG,LVL,ALLPUB,INSIDE,GTL,BRKSIDE,NORM,NORM,1FAM,1.5FIN,5,6,1928-01-01,1950-01-01,GABLE,COMPSHG,METALSD,METALSD,,0.0,TA,TA,BRKTIL,TA,TA,NO,UNF,0,UNF,0,1042,1042,GASA,EX,Y,SBRKR,1042,534,0,1576,0,0,1,0,3,1,TA,8,TYP,1,GD,DETCHD,1928.0,UNF,1,225,TA,TA,Y,0,0,0,0,0,0,,,,0,8,2006-01-01,WD,FAMILY,149000
1147,20,RL,,11200,PAVE,,REG,LVL,ALLPUB,INSIDE,GTL,SAWYERW,NORM,NORM,1FAM,1STORY,6,5,1985-01-01,1985-01-01,GABLE,COMPSHG,WD SDNG,WD SHNG,BRKFACE,85.0,GD,TA,CBLOCK,GD,TA,NO,GLQ,1258,UNF,0,40,1298,GASA,TA,Y,SBRKR,1298,0,0,1298,1,0,2,0,3,1,GD,5,TYP,1,TA,ATTCHD,1985.0,UNF,2,403,TA,TA,Y,165,26,0,0,0,0,,,,0,5,2006-01-01,WD,NORMAL,180000
1148,70,RL,75.0,12000,PAVE,,REG,BNK,ALLPUB,INSIDE,GTL,CRAWFOR,NORM,NORM,1FAM,2STORY,7,7,1941-01-01,1950-01-01,GABLE,COMPSHG,METALSD,METALSD,,0.0,TA,TA,CBLOCK,TA,TA,NO,REC,275,UNF,0,429,704,GASA,EX,Y,SBRKR,860,704,0,1564,0,0,1,1,3,1,FA,7,TYP,1,GD,ATTCHD,1941.0,UNF,1,234,TA,TA,Y,0,0,0,0,0,0,,,,0,7,2009-01-01,WD,NORMAL,174500
1149,50,RM,,5700,PAVE,,REG,LVL,ALLPUB,INSIDE,GTL,OLDTOWN,NORM,NORM,1FAM,1.5FIN,7,7,1926-01-01,1950-01-01,GABLE,COMPSHG,WD SDNG,WD SDNG,,0.0,TA,TA,PCONC,TA,TA,NO,UNF,0,UNF,0,572,572,GASA,TA,Y,SBRKR,572,539,0,1111,0,0,1,0,2,1,TA,5,TYP,1,GD,DETCHD,1982.0,UNF,1,288,TA,TA,Y,0,0,176,0,0,0,,,,0,8,2008-01-01,WD,NORMAL,116900
1150,70,RM,50.0,9000,PAVE,,REG,LVL,ALLPUB,INSIDE,GTL,OLDTOWN,ARTERY,NORM,1FAM,2STORY,7,9,1920-01-01,1988-01-01,HIP,COMPSHG,VINYLSD,VINYLSD,,0.0,TA,GD,PCONC,TA,TA,NO,ALQ,624,UNF,0,26,650,GASA,EX,Y,SBRKR,832,650,0,1482,0,1,1,0,3,1,TA,7,TYP,0,,DETCHD,1930.0,UNF,2,324,TA,TA,Y,0,0,0,0,0,0,,,,0,7,2009-01-01,WD,NORMAL,143000
1151,20,RL,57.0,8280,PAVE,,IR1,LVL,ALLPUB,INSIDE,GTL,NAMES,NORM,NORM,1FAM,1STORY,6,5,1950-01-01,1950-01-01,GABLE,COMPSHG,BRKFACE,BRKFACE,,0.0,TA,TA,CBLOCK,TA,TA,NO,UNF,0,UNF,0,932,932,GASA,EX,Y,FUSEA,932,0,0,932,0,0,1,0,2,1,GD,4,TYP,1,GD,ATTCHD,1950.0,UNF,1,306,TA,TA,Y,0,0,214,0,0,0,,GDPRV,,0,11,2007-01-01,WD,NORMAL,124000
1152,20,RL,134.0,17755,PAVE,,REG,LVL,ALLPUB,INSIDE,GTL,EDWARDS,NORM,NORM,1FAM,1STORY,5,4,1959-01-01,1959-01-01,GABLE,COMPSHG,HDBOARD,PLYWOOD,BRKFACE,132.0,TA,TA,CBLOCK,TA,TA,NO,BLQ,176,UNF,0,1290,1466,GASA,TA,Y,SBRKR,1466,0,0,1466,0,0,1,1,3,1,FA,6,TYP,2,GD,ATTCHD,1959.0,FIN,2,528,TA,TA,Y,0,140,0,0,100,0,,,,0,11,2006-01-01,WD,NORMAL,149900
1153,20,RL,90.0,14115,PAVE,,IR1,LVL,ALLPUB,INSIDE,GTL,CRAWFOR,NORM,NORM,1FAM,1STORY,6,7,1956-01-01,2004-01-01,GABLE,COMPSHG,STONE,STONE,,0.0,TA,TA,PCONC,TA,TA,NO,ALQ,296,GLQ,547,230,1073,GASA,EX,Y,SBRKR,1811,0,0,1811,0,0,1,0,2,1,EX,6,TYP,1,GD,ATTCHD,1956.0,FIN,2,470,TA,TA,Y,0,0,280,0,0,0,,,,0,7,2006-01-01,WD,ABNORML,230000
1154,30,RM,,5890,PAVE,,REG,LVL,ALLPUB,CORNER,GTL,IDOTRR,NORM,NORM,1FAM,1STORY,6,8,1930-01-01,2007-01-01,GABLE,COMPSHG,WD SDNG,WD SDNG,,0.0,GD,GD,BRKTIL,TA,TA,AV,ALQ,538,UNF,0,278,816,GASA,EX,Y,SBRKR,816,0,0,816,0,0,1,0,2,1,TA,5,TYP,0,,DETCHD,2002.0,UNF,1,432,TA,TA,Y,0,0,96,0,0,0,,,,0,6,2008-01-01,WD,NORMAL,120500
1155,60,RL,,13700,PAVE,,IR1,LVL,ALLPUB,INSIDE,GTL,NAMES,NORM,NORM,1FAM,2STORY,7,6,1965-01-01,1988-01-01,GABLE,COMPSHG,VINYLSD,VINYLSD,STONE,288.0,TA,TA,CBLOCK,TA,TA,GD,ALQ,454,UNF,0,410,864,GASA,TA,Y,SBRKR,902,918,0,1820,0,0,1,2,4,1,GD,8,TYP,2,GD,ATTCHD,1965.0,UNF,2,492,TA,TA,Y,60,84,0,0,273,0,,GDPRV,,0,5,2008-01-01,WD,NORMAL,201800
1156,20,RL,90.0,10768,PAVE,,IR1,LVL,ALLPUB,CORNER,GTL,VEENKER,NORM,NORM,1FAM,1STORY,5,8,1976-01-01,2004-01-01,GABLE,COMPSHG,PLYWOOD,PLYWOOD,,0.0,GD,GD,CBLOCK,GD,TA,GD,ALQ,1157,UNF,0,280,1437,GASA,TA,Y,SBRKR,1437,0,0,1437,1,0,2,0,3,1,GD,6,TYP,1,FA,ATTCHD,1976.0,RFN,2,528,TA,TA,Y,0,21,0,0,180,0,,,,0,7,2007-01-01,WD,NORMAL,218000
1157,80,RL,85.0,9350,PAVE,,REG,LVL,ALLPUB,INSIDE,GTL,NAMES,NORM,NORM,1FAM,SLVL,5,8,1965-01-01,1999-01-01,GABLE,COMPSHG,BRKFACE,BRKFACE,,0.0,TA,GD,PCONC,TA,TA,GD,ALQ,633,UNF,0,586,1219,GASA,GD,Y,SBRKR,1265,0,0,1265,0,1,2,0,3,1,GD,6,TYP,1,GD,ATTCHD,1965.0,RFN,2,502,TA,TA,Y,0,92,0,96,0,0,,MNPRV,,0,10,2008-01-01,WD,NORMAL,179900
1158,120,RL,34.0,5001,PAVE,,IR1,LVL,ALLPUB,INSIDE,GTL,NRIDGHT,NORM,NORM,TWNHS,1STORY,7,5,2007-01-01,2008-01-01,GABLE,COMPSHG,VINYLSD,VINYLSD,STONE,166.0,GD,TA,PCONC,GD,TA,NO,GLQ,904,UNF,0,410,1314,GASA,EX,Y,SBRKR,1314,0,0,1314,1,0,2,0,2,1,GD,6,TYP,1,GD,ATTCHD,2008.0,RFN,2,626,TA,TA,Y,172,62,0,0,0,0,,,,0,7,2009-01-01,WD,NORMAL,230000
1159,20,RL,92.0,11932,PAVE,,REG,LVL,ALLPUB,FR2,GTL,SOMERST,FEEDR,NORM,1FAM,1STORY,8,5,2007-01-01,2008-01-01,GABLE,COMPSHG,VINYLSD,VINYLSD,STONE,186.0,GD,TA,PCONC,GD,TA,NO,UNF,0,UNF,0,1580,1580,GASA,EX,Y,SBRKR,1580,0,0,1580,0,0,2,0,3,1,GD,7,TYP,0,,ATTCHD,2008.0,RFN,3,830,TA,TA,Y,0,24,0,0,0,0,,,,0,6,2008-01-01,CONLD,PARTIAL,235128
1160,60,RL,76.0,9120,PAVE,,REG,LVL,ALLPUB,INSIDE,GTL,NWAMES,NORM,NORM,1FAM,2STORY,6,6,1974-01-01,1974-01-01,HIP,COMPSHG,HDBOARD,HDBOARD,BRKFACE,270.0,GD,TA,CBLOCK,TA,TA,NO,ALQ,442,UNF,0,459,901,GASA,TA,Y,SBRKR,943,933,0,1876,0,0,2,1,4,1,GD,8,TYP,1,TA,ATTCHD,1974.0,RFN,2,540,GD,TA,Y,0,69,0,0,0,0,,,,0,7,2008-01-01,WD,NORMAL,185000
1161,160,RL,24.0,2280,PAVE,,REG,LVL,ALLPUB,INSIDE,GTL,NPKVILL,NORM,NORM,TWNHS,2STORY,6,5,1978-01-01,1978-01-01,GABLE,COMPSHG,PLYWOOD,BRK CMN,,0.0,TA,TA,CBLOCK,GD,TA,NO,ALQ,311,UNF,0,544,855,GASA,FA,Y,SBRKR,855,601,0,1456,0,0,2,1,3,1,TA,7,TYP,1,TA,ATTCHD,1978.0,UNF,2,440,TA,TA,Y,26,0,0,0,0,0,,,,0,7,2010-01-01,WD,NORMAL,146000
1162,20,RL,,14778,PAVE,,IR1,LOW,ALLPUB,CULDSAC,GTL,CRAWFOR,POSN,NORM,1FAM,1STORY,6,7,1954-01-01,2006-01-01,HIP,COMPSHG,HDBOARD,HDBOARD,BRKFACE,72.0,GD,TA,CBLOCK,TA,TA,NO,BLQ,728,UNF,0,568,1296,GASA,EX,Y,SBRKR,1640,0,0,1640,1,0,1,0,3,1,GD,7,TYP,1,GD,DETCHD,1993.0,UNF,2,924,TA,TA,Y,108,0,0,216,0,0,,,,0,11,2008-01-01,WD,NORMAL,224000
1163,20,RL,109.0,8724,PAVE,,REG,LVL,ALLPUB,INSIDE,GTL,SAWYER,NORM,NORM,1FAM,1STORY,5,5,1968-01-01,1968-01-01,GABLE,COMPSHG,VINYLSD,VINYLSD,,0.0,TA,TA,CBLOCK,GD,TA,NO,BLQ,492,UNF,0,402,894,GASA,GD,Y,SBRKR,894,0,0,894,0,0,1,0,3,1,TA,5,TYP,1,PO,ATTCHD,1968.0,FIN,2,450,TA,TA,Y,0,0,0,0,0,0,,,,0,5,2007-01-01,WD,NORMAL,129000
1164,90,RL,60.0,12900,PAVE,,REG,LVL,ALLPUB,INSIDE,GTL,SAWYER,FEEDR,NORM,DUPLEX,SFOYER,4,4,1969-01-01,1969-01-01,GABLE,COMPSHG,PLYWOOD,PLYWOOD,,0.0,TA,TA,CBLOCK,GD,TA,AV,GLQ,1198,UNF,0,0,1198,GASA,TA,Y,SBRKR,1258,0,0,1258,2,0,0,2,0,2,TA,6,TYP,0,,CARPORT,1969.0,UNF,2,400,FA,TA,Y,120,0,0,0,0,0,,,,0,1,2008-01-01,WD,ALLOCA,108959
1165,80,RL,,16157,PAVE,,IR1,LVL,ALLPUB,FR2,GTL,VEENKER,FEEDR,NORM,1FAM,SLVL,5,7,1978-01-01,1978-01-01,GABLE,COMPSHG,PLYWOOD,PLYWOOD,,0.0,TA,TA,PCONC,GD,TA,GD,ALQ,680,REC,391,289,1360,GASA,EX,Y,SBRKR,1432,0,0,1432,1,0,1,1,2,1,GD,5,TYP,1,TA,ATTCHD,1978.0,UNF,2,588,TA,TA,Y,168,180,0,0,0,0,,,,0,6,2007-01-01,WD,NORMAL,194000
1166,20,RL,79.0,9541,PAVE,,IR1,LVL,ALLPUB,INSIDE,GTL,NRIDGHT,NORM,NORM,1FAM,1STORY,7,5,2009-01-01,2009-01-01,GABLE,COMPSHG,VINYLSD,VINYLSD,STONE,268.0,GD,TA,PCONC,GD,TA,NO,UNF,0,UNF,0,1502,1502,GASA,EX,Y,SBRKR,1502,0,0,1502,0,0,2,0,3,1,GD,7,TYP,0,,ATTCHD,2009.0,RFN,2,644,TA,TA,Y,0,114,0,0,0,0,,,,0,9,2009-01-01,NEW,PARTIAL,233170
1167,20,RL,64.0,10475,PAVE,,IR1,LVL,ALLPUB,CORNER,GTL,COLLGCR,NORM,NORM,1FAM,1STORY,8,5,2008-01-01,2008-01-01,GABLE,COMPSHG,VINYLSD,VINYLSD,STONE,72.0,GD,TA,PCONC,GD,TA,AV,UNF,0,UNF,0,1694,1694,GASA,EX,Y,SBRKR,1694,0,0,1694,0,0,2,0,3,1,GD,7,TYP,0,,ATTCHD,2008.0,RFN,3,776,TA,TA,Y,160,33,0,0,0,0,,,,0,2,2010-01-01,WD,NORMAL,245350
1168,60,RL,58.0,10852,PAVE,,IR1,LVL,ALLPUB,INSIDE,GTL,GILBERT,RRAN,NORM,1FAM,2STORY,6,5,2000-01-01,2000-01-01,GABLE,COMPSHG,VINYLSD,VINYLSD,,0.0,TA,TA,PCONC,GD,TA,NO,GLQ,786,UNF,0,173,959,GASA,EX,Y,SBRKR,959,712,0,1671,1,0,2,1,3,1,TA,7,TYP,1,TA,ATTCHD,2000.0,FIN,2,472,TA,TA,Y,0,38,0,0,0,0,,,,0,2,2006-01-01,WD,NORMAL,173000
1169,70,RL,120.0,13728,PAVE,,REG,LVL,ALLPUB,CORNER,GTL,EDWARDS,NORM,NORM,1FAM,2STORY,6,7,1935-01-01,1986-01-01,HIP,COMPSHG,STUCCO,STUCCO,,0.0,TA,TA,CBLOCK,TA,TA,NO,REC,626,UNF,0,501,1127,GASA,EX,Y,SBRKR,1236,872,0,2108,0,0,2,0,4,1,GD,7,TYP,2,TA,BASMENT,1935.0,UNF,2,540,TA,TA,Y,0,0,0,0,90,0,,,,0,7,2008-01-01,WD,NORMAL,235000
1170,60,RL,118.0,35760,PAVE,,IR1,LVL,ALLPUB,CULDSAC,GTL,NORIDGE,NORM,NORM,1FAM,2STORY,10,5,1995-01-01,1996-01-01,HIP,COMPSHG,HDBOARD,HDBOARD,BRKFACE,1378.0,GD,GD,PCONC,EX,TA,GD,GLQ,1387,UNF,0,543,1930,GASA,EX,Y,SBRKR,1831,1796,0,3627,1,0,3,1,4,1,GD,10,TYP,1,TA,ATTCHD,1995.0,FIN,3,807,TA,TA,Y,361,76,0,0,0,0,,,,0,7,2006-01-01,WD,NORMAL,625000
1171,80,RL,76.0,9880,PAVE,,REG,LVL,ALLPUB,INSIDE,GTL,MITCHEL,NORM,NORM,1FAM,SLVL,6,6,1977-01-01,1977-01-01,GABLE,COMPSHG,PLYWOOD,PLYWOOD,,0.0,TA,TA,CBLOCK,TA,TA,AV,ALQ,522,UNF,0,574,1096,GASA,TA,Y,SBRKR,1118,0,0,1118,1,0,1,0,3,1,TA,6,TYP,1,PO,ATTCHD,1977.0,FIN,1,358,TA,TA,Y,203,0,0,0,0,576,GD,GDPRV,,0,7,2008-01-01,WD,NORMAL,171000
1172,20,RL,76.0,9120,PAVE,,REG,LVL,ALLPUB,INSIDE,GTL,NAMES,NORM,NORM,1FAM,1STORY,6,6,1958-01-01,1958-01-01,HIP,COMPSHG,METALSD,METALSD,,0.0,TA,TA,CBLOCK,TA,TA,NO,ALQ,662,UNF,0,599,1261,GASA,EX,Y,SBRKR,1261,0,0,1261,1,0,1,0,3,1,TA,6,TYP,1,TA,ATTCHD,1958.0,RFN,2,433,TA,TA,Y,0,0,0,0,288,0,,,SHED,1400,11,2008-01-01,WD,NORMAL,163000
1173,160,FV,35.0,4017,PAVE,PAVE,IR1,LVL,ALLPUB,INSIDE,GTL,SOMERST,NORM,NORM,TWNHSE,2STORY,7,5,2006-01-01,2007-01-01,GABLE,COMPSHG,METALSD,METALSD,,0.0,GD,TA,PCONC,GD,TA,NO,UNF,0,UNF,0,625,625,GASA,EX,Y,SBRKR,625,625,0,1250,0,0,2,1,2,1,GD,5,TYP,0,,DETCHD,2006.0,FIN,2,625,TA,TA,Y,0,54,0,0,0,0,,,,0,3,2008-01-01,WD,NORMAL,171900
1174,50,RL,138.0,18030,PAVE,,IR1,BNK,ALLPUB,INSIDE,GTL,CLEARCR,NORM,NORM,1FAM,1.5FIN,5,6,1946-01-01,1994-01-01,GABLE,COMPSHG,METALSD,METALSD,,0.0,TA,TA,CBLOCK,TA,TA,NO,REC,152,BLQ,469,977,1598,GASA,TA,Y,SBRKR,1636,971,479,3086,0,0,3,0,3,1,EX,12,MAJ1,1,GD,,,,0,0,,,Y,122,0,0,0,0,0,,MNPRV,,0,3,2007-01-01,WD,NORMAL,200500
1175,70,RL,80.0,16560,PAVE,,IR1,LVL,ALLPUB,INSIDE,GTL,CRAWFOR,NORM,NORM,1FAM,2STORY,6,8,1932-01-01,1950-01-01,GABLE,COMPSHG,WD SDNG,WD SDNG,,0.0,TA,TA,BRKTIL,GD,TA,NO,REC,503,UNF,0,449,952,GASA,TA,Y,SBRKR,1170,1175,0,2345,0,0,2,1,4,1,TA,9,TYP,1,GD,DETCHD,1932.0,UNF,2,360,TA,TA,Y,0,0,0,0,0,0,,,,0,7,2006-01-01,WD,NORMAL,239000
1176,50,RL,85.0,10678,PAVE,,REG,LVL,ALLPUB,INSIDE,GTL,NORIDGE,NORM,NORM,1FAM,1.5FIN,8,5,1992-01-01,2000-01-01,HIP,COMPSHG,HDBOARD,HDBOARD,BRKFACE,337.0,GD,TA,PCONC,GD,TA,NO,GLQ,700,UNF,0,983,1683,GASA,EX,Y,SBRKR,2129,743,0,2872,0,0,2,1,4,1,GD,9,TYP,1,TA,ATTCHD,1992.0,FIN,2,541,TA,TA,Y,0,33,0,0,0,0,,,,0,4,2007-01-01,WD,NORMAL,285000
1177,20,RL,37.0,6951,PAVE,,IR1,LVL,ALLPUB,CULDSAC,GTL,MITCHEL,NORM,NORM,1FAM,1STORY,5,5,1984-01-01,1985-01-01,GABLE,COMPSHG,HDBOARD,PLYWOOD,,0.0,TA,TA,CBLOCK,TA,TA,NO,ALQ,658,UNF,0,218,876,GASA,TA,Y,SBRKR,923,0,0,923,1,0,1,0,3,1,TA,5,TYP,0,,ATTCHD,1984.0,UNF,1,264,TA,TA,Y,362,0,0,0,0,0,,MNPRV,,0,10,2008-01-01,WD,NORMAL,119500
1178,50,RM,,3950,PAVE,GRVL,REG,BNK,ALLPUB,INSIDE,GTL,OLDTOWN,ARTERY,NORM,1FAM,1.5FIN,6,8,1926-01-01,2004-01-01,GABLE,COMPSHG,METALSD,METALSD,,0.0,TA,TA,CBLOCK,TA,TA,NO,REC,468,UNF,0,350,818,GASA,TA,Y,SBRKR,818,406,0,1224,0,0,1,0,3,1,TA,5,TYP,0,,DETCHD,1926.0,UNF,1,210,TA,TA,N,0,0,116,0,0,0,,,,0,12,2009-01-01,WD,NORMAL,115000
1179,50,RL,54.0,7681,PAVE,,IR1,LVL,ALLPUB,FR2,GTL,CRAWFOR,NORM,NORM,1FAM,1.5FIN,5,6,1921-01-01,1950-01-01,GABLE,COMPSHG,WD SDNG,WD SDNG,,0.0,TA,TA,BRKTIL,TA,TA,NO,UNF,0,UNF,0,731,731,GASA,EX,Y,SBRKR,820,523,0,1343,0,0,1,1,3,1,TA,7,TYP,1,GD,DETCHD,1921.0,UNF,1,186,FA,TA,Y,192,0,102,0,0,0,,,,0,7,2009-01-01,WD,NORMAL,154900
1180,20,RL,77.0,8335,PAVE,,REG,LVL,ALLPUB,CORNER,GTL,EDWARDS,NORM,NORM,1FAM,1STORY,5,5,1954-01-01,1954-01-01,GABLE,COMPSHG,WD SDNG,WD SDNG,,0.0,TA,TA,SLAB,,,,,0,,0,0,0,GASA,GD,Y,SBRKR,1124,0,0,1124,0,0,1,0,3,1,TA,5,MIN2,1,GD,,,,0,0,,,N,0,36,190,0,0,0,,,,0,4,2006-01-01,WD,NORMAL,93000
1181,60,RL,,11170,PAVE,,IR2,LVL,ALLPUB,CORNER,GTL,TIMBER,NORM,NORM,1FAM,2STORY,7,5,1990-01-01,1991-01-01,GABLE,COMPSHG,METALSD,METALSD,,0.0,TA,TA,WOOD,GD,TA,NO,LWQ,1216,UNF,0,0,1216,GASA,EX,Y,SBRKR,1298,1216,0,2514,0,0,2,1,4,1,TA,8,TYP,0,,ATTCHD,1990.0,FIN,2,693,TA,TA,Y,0,0,0,0,0,0,,GDPRV,,0,4,2006-01-01,WD,NORMAL,250000
1182,120,RM,64.0,5587,PAVE,,IR1,HLS,ALLPUB,INSIDE,MOD,CRAWFOR,NORM,NORM,TWNHSE,1STORY,8,5,2008-01-01,2008-01-01,HIP,COMPSHG,CEMNTBD,CMENTBD,STONE,186.0,EX,TA,PCONC,EX,TA,GD,GLQ,1480,UNF,0,120,1600,GASA,EX,Y,SBRKR,1652,0,0,1652,1,1,2,0,2,1,GD,5,TYP,1,GD,ATTCHD,2008.0,FIN,2,482,TA,TA,Y,162,53,0,153,0,0,,,,0,11,2008-01-01,NEW,PARTIAL,392500
1183,60,RL,160.0,15623,PAVE,,IR1,LVL,ALLPUB,CORNER,GTL,NORIDGE,NORM,NORM,1FAM,2STORY,10,5,1996-01-01,1996-01-01,HIP,COMPSHG,WD SDNG,IMSTUCC,,0.0,GD,TA,PCONC,EX,TA,AV,GLQ,2096,UNF,0,300,2396,GASA,EX,Y,SBRKR,2411,2065,0,4476,1,0,3,1,4,1,EX,10,TYP,2,TA,ATTCHD,1996.0,FIN,3,813,TA,TA,Y,171,78,0,0,0,555,EX,MNPRV,,0,7,2007-01-01,WD,ABNORML,745000
1184,30,RL,60.0,10800,PAVE,GRVL,REG,LVL,ALLPUB,INSIDE,GTL,OLDTOWN,NORM,NORM,1FAM,1STORY,5,6,1920-01-01,1950-01-01,HIP,COMPSHG,STUCCO,STUCCO,,0.0,TA,TA,BRKTIL,TA,TA,NO,REC,821,UNF,0,299,1120,GASA,EX,Y,SBRKR,1130,0,0,1130,1,0,1,0,2,1,TA,5,TYP,1,GD,DETCHD,1970.0,UNF,2,720,TA,TA,Y,229,0,0,0,0,0,,,,0,6,2006-01-01,WD,NORMAL,120000
1185,20,RL,50.0,35133,GRVL,,REG,LVL,ALLPUB,INSIDE,MOD,TIMBER,NORM,NORM,1FAM,1STORY,5,4,1963-01-01,1963-01-01,HIP,COMPSHG,METALSD,METALSD,BRKFACE,226.0,TA,TA,CBLOCK,TA,TA,GD,REC,1159,UNF,0,413,1572,GASA,GD,Y,SBRKR,1572,0,0,1572,1,0,1,1,3,1,TA,5,TYP,2,TA,2TYPES,1963.0,RFN,3,995,TA,TA,Y,0,263,0,0,263,0,,,,0,5,2007-01-01,WD,NORMAL,186700
1186,50,RL,60.0,9738,PAVE,,REG,LVL,ALLPUB,INSIDE,GTL,EDWARDS,NORM,NORM,1FAM,1.5FIN,5,7,1924-01-01,1950-01-01,GABLE,COMPSHG,ASBSHNG,ASBSHNG,,0.0,TA,GD,BRKTIL,TA,TA,NO,BLQ,392,UNF,0,392,784,GASA,GD,Y,SBRKR,949,272,0,1221,1,0,1,0,4,1,TA,7,TYP,0,,ATTCHD,1965.0,UNF,1,392,TA,TA,Y,0,0,236,0,0,0,,,,0,3,2006-01-01,WD,NORMAL,104900
1187,190,RL,107.0,10615,PAVE,,IR1,BNK,ALLPUB,CORNER,MOD,OLDTOWN,ARTERY,ARTERY,2FMCON,2STORY,3,5,1900-01-01,1970-01-01,GABLE,COMPSHG,HDBOARD,HDBOARD,,0.0,TA,TA,CBLOCK,FA,TA,MN,BLQ,440,UNF,0,538,978,GASA,TA,Y,SBRKR,1014,685,0,1699,1,0,2,0,3,2,TA,7,TYP,0,,CARPORT,1920.0,UNF,2,420,FA,FA,Y,0,74,0,0,0,0,,,,0,8,2009-01-01,WD,ABNORML,95000
1188,20,RL,89.0,12461,PAVE,,REG,LVL,ALLPUB,CORNER,GTL,NORIDGE,NORM,NORM,1FAM,1STORY,8,5,1994-01-01,1995-01-01,GABLE,COMPSHG,IMSTUCC,IMSTUCC,,0.0,GD,TA,PCONC,GD,TA,NO,GLQ,1456,UNF,0,168,1624,GASA,EX,Y,SBRKR,1624,0,0,1624,1,0,2,0,2,1,GD,5,TYP,1,FA,ATTCHD,1994.0,RFN,3,757,TA,TA,Y,0,114,192,0,0,0,,GDPRV,,0,7,2006-01-01,WD,NORMAL,262000
1189,60,RL,68.0,8935,PAVE,,IR1,LVL,ALLPUB,INSIDE,GTL,COLLGCR,NORM,NORM,1FAM,2STORY,7,5,2002-01-01,2002-01-01,GABLE,COMPSHG,VINYLSD,VINYLSD,BRKFACE,95.0,GD,TA,PCONC,GD,TA,NO,UNF,0,UNF,0,831,831,GASA,EX,Y,SBRKR,831,829,0,1660,0,0,2,1,3,1,GD,7,TYP,0,,ATTCHD,2002.0,RFN,2,493,TA,TA,Y,144,68,0,0,0,0,,,,0,7,2009-01-01,WD,NORMAL,195000
1190,60,RL,60.0,7500,PAVE,,REG,LVL,ALLPUB,INSIDE,GTL,GILBERT,NORM,NORM,1FAM,2STORY,7,5,1999-01-01,1999-01-01,GABLE,COMPSHG,VINYLSD,VINYLSD,,0.0,TA,TA,PCONC,TA,TA,NO,UNF,0,UNF,0,994,994,GASA,GD,Y,SBRKR,1028,776,0,1804,0,0,2,1,3,1,GD,7,TYP,1,TA,ATTCHD,1999.0,FIN,2,442,TA,TA,Y,140,60,0,0,0,0,,,,0,6,2010-01-01,WD,NORMAL,189000
1191,190,RL,,32463,PAVE,,REG,LOW,ALLPUB,INSIDE,MOD,MITCHEL,NORM,NORM,2FMCON,1STORY,4,4,1961-01-01,1975-01-01,GABLE,COMPSHG,METALSD,METALSD,STONE,149.0,TA,GD,CBLOCK,TA,TA,AV,BLQ,1159,UNF,0,90,1249,GASA,EX,Y,SBRKR,1622,0,0,1622,1,0,1,0,3,1,TA,7,TYP,1,TA,2TYPES,1975.0,FIN,4,1356,TA,TA,Y,439,0,0,0,0,0,,,,0,3,2007-01-01,WD,NORMAL,168000
1192,160,FV,24.0,2645,PAVE,PAVE,REG,LVL,ALLPUB,INSIDE,GTL,SOMERST,NORM,NORM,TWNHS,2STORY,8,5,1999-01-01,2000-01-01,GABLE,COMPSHG,METALSD,METALSD,BRKFACE,456.0,GD,TA,PCONC,GD,TA,NO,UNF,0,UNF,0,776,776,GASA,EX,Y,SBRKR,764,677,0,1441,0,0,2,1,2,1,GD,5,TYP,0,,DETCHD,1999.0,UNF,2,492,TA,TA,Y,206,0,0,0,0,0,,,,0,11,2007-01-01,WD,NORMAL,174000
1193,50,RM,60.0,9600,PAVE,GRVL,REG,LVL,ALLPUB,INSIDE,GTL,OLDTOWN,NORM,NORM,1FAM,1.5FIN,5,8,1925-01-01,1994-01-01,GAMBREL,COMPSHG,VINYLSD,VINYLSD,,0.0,TA,TA,PCONC,TA,TA,MN,UNF,0,UNF,0,702,702,GASA,GD,Y,SBRKR,842,630,0,1472,0,0,1,0,3,1,GD,6,TYP,0,,DETCHD,1925.0,UNF,1,250,TA,FA,P,0,0,84,0,0,0,,GDWO,,0,7,2007-01-01,WD,NORMAL,125000
1194,120,RM,,4500,PAVE,,REG,LVL,ALLPUB,FR2,GTL,MITCHEL,NORM,NORM,TWNHSE,1STORY,6,5,1999-01-01,1999-01-01,HIP,COMPSHG,VINYLSD,VINYLSD,BRKFACE,425.0,TA,TA,PCONC,EX,TA,NO,GLQ,883,UNF,0,341,1224,GASA,EX,Y,SBRKR,1224,0,0,1224,1,0,2,0,2,1,TA,5,TYP,0,,ATTCHD,1999.0,FIN,2,402,TA,TA,Y,0,304,0,0,0,0,,,,0,6,2009-01-01,WD,NORMAL,165000
1195,60,RL,80.0,9364,PAVE,,REG,LVL,ALLPUB,CORNER,GTL,SAWYER,NORM,NORM,1FAM,2STORY,6,7,1969-01-01,1969-01-01,GABLE,COMPSHG,HDBOARD,HDBOARD,STONE,143.0,TA,TA,CBLOCK,TA,TA,NO,ALQ,371,UNF,0,292,663,GASA,TA,Y,SBRKR,663,689,0,1352,0,0,1,1,4,1,TA,7,TYP,0,,ATTCHD,1969.0,FIN,1,299,TA,TA,Y,379,36,0,0,0,0,,MNPRV,,0,3,2010-01-01,WD,NORMAL,158000
1196,60,RL,51.0,8029,PAVE,,IR1,LVL,ALLPUB,INSIDE,GTL,GILBERT,NORM,NORM,1FAM,2STORY,6,5,2005-01-01,2005-01-01,GABLE,COMPSHG,VINYLSD,VINYLSD,,0.0,TA,TA,PCONC,GD,TA,NO,UNF,0,UNF,0,728,728,GASA,EX,Y,SBRKR,728,728,0,1456,0,0,2,1,3,1,GD,8,TYP,0,,ATTCHD,2005.0,FIN,2,400,TA,TA,Y,100,24,0,0,0,0,,,,0,7,2008-01-01,WD,NORMAL,176000
1197,60,RL,58.0,14054,PAVE,,IR1,LVL,ALLPUB,INSIDE,GTL,GILBERT,NORM,NORM,1FAM,2STORY,7,5,2006-01-01,2006-01-01,GABLE,COMPSHG,VINYLSD,VINYLSD,,0.0,GD,TA,PCONC,GD,TA,AV,UNF,0,UNF,0,879,879,GASA,EX,Y,SBRKR,879,984,0,1863,0,0,2,1,4,1,GD,9,TYP,1,GD,BUILTIN,2006.0,FIN,3,660,TA,TA,Y,100,17,0,0,0,0,,,,0,11,2006-01-01,NEW,PARTIAL,219210
1198,75,RM,65.0,8850,PAVE,,IR1,BNK,ALLPUB,CORNER,GTL,OLDTOWN,NORM,NORM,1FAM,2.5UNF,7,6,1916-01-01,1950-01-01,GABLE,COMPSHG,METALSD,METALSD,,0.0,TA,TA,BRKTIL,TA,TA,NO,UNF,0,UNF,0,815,815,GASA,EX,Y,SBRKR,815,875,0,1690,0,0,1,0,3,1,TA,7,TYP,1,GD,DETCHD,1916.0,UNF,1,225,TA,TA,Y,0,0,330,0,0,0,,,,0,7,2006-01-01,CONLW,NORMAL,144000
1199,20,RL,70.0,9100,PAVE,,REG,LVL,ALLPUB,INSIDE,GTL,COLLGCR,NORM,NORM,1FAM,1STORY,7,5,2001-01-01,2001-01-01,GABLE,COMPSHG,VINYLSD,VINYLSD,,0.0,GD,TA,PCONC,GD,TA,NO,UNF,0,UNF,0,1212,1212,GASA,EX,Y,SBRKR,1212,0,0,1212,0,0,2,0,3,1,GD,6,TYP,0,,ATTCHD,2001.0,RFN,2,573,TA,TA,Y,356,0,0,0,0,0,,,,0,6,2009-01-01,WD,NORMAL,178000
1200,20,RL,75.0,11235,PAVE,,REG,LVL,ALLPUB,INSIDE,GTL,SAWYER,NORM,NORM,1FAM,1STORY,4,5,1963-01-01,1979-01-01,GABLE,COMPSHG,HDBOARD,HDBOARD,BRKFACE,51.0,TA,TA,CBLOCK,TA,TA,NO,REC,547,UNF,0,504,1051,GASA,GD,Y,SBRKR,1382,0,0,1382,0,0,1,1,3,1,TA,6,TYP,1,PO,ATTCHD,1974.0,UNF,2,459,TA,TA,Y,0,82,0,0,0,0,,,,0,10,2006-01-01,WD,NORMAL,148000
1201,20,RL,71.0,9353,PAVE,,REG,LVL,ALLPUB,INSIDE,GTL,NAMES,NORM,NORM,1FAM,1STORY,4,5,1970-01-01,1970-01-01,GABLE,COMPSHG,METALSD,METALSD,,0.0,TA,TA,CBLOCK,TA,TA,NO,UNF,0,UNF,0,864,864,GASA,GD,Y,SBRKR,864,0,0,864,0,0,1,0,3,1,TA,5,TYP,0,,ATTCHD,1972.0,UNF,1,280,TA,TA,Y,0,0,0,0,0,0,,,SHED,0,7,2006-01-01,OTH,ABNORML,116050
1202,60,RL,80.0,10400,PAVE,,REG,LVL,ALLPUB,CORNER,GTL,COLLGCR,NORM,NORM,1FAM,2STORY,7,5,1998-01-01,1998-01-01,GABLE,COMPSHG,VINYLSD,VINYLSD,,0.0,TA,TA,PCONC,GD,TA,AV,UNF,0,UNF,0,866,866,GASA,EX,Y,SBRKR,866,913,0,1779,0,0,2,1,3,1,GD,6,TYP,0,,ATTCHD,1998.0,RFN,2,546,TA,TA,Y,198,36,0,0,0,0,,,,0,3,2009-01-01,WD,NORMAL,197900
1203,50,RM,50.0,6000,PAVE,,REG,LVL,ALLPUB,CORNER,GTL,BRKSIDE,NORM,NORM,1FAM,1.5FIN,5,8,1925-01-01,1997-01-01,GABLE,COMPSHG,WD SDNG,WD SDNG,,0.0,TA,TA,BRKTIL,TA,TA,NO,UNF,0,UNF,0,884,884,GASA,EX,Y,SBRKR,884,464,0,1348,1,0,1,0,3,1,TA,5,TYP,1,FA,DETCHD,1960.0,UNF,1,216,TA,TA,N,0,0,208,0,0,0,,,,0,5,2009-01-01,WD,NORMAL,117000
1204,20,RL,75.0,9750,PAVE,,REG,LVL,ALLPUB,INSIDE,GTL,COLLGCR,NORM,NORM,1FAM,1STORY,7,5,2000-01-01,2001-01-01,GABLE,COMPSHG,VINYLSD,VINYLSD,BRKFACE,171.0,GD,TA,PCONC,GD,TA,NO,UNF,0,UNF,0,1630,1630,GASA,EX,Y,SBRKR,1630,0,0,1630,0,0,2,0,3,1,GD,6,TYP,1,TA,ATTCHD,2000.0,UNF,2,451,TA,TA,Y,74,234,0,0,0,0,,,,0,10,2009-01-01,WD,NORMAL,213000
1205,20,RL,78.0,10140,PAVE,,REG,LVL,ALLPUB,INSIDE,GTL,NWAMES,NORM,NORM,1FAM,1STORY,5,6,1975-01-01,1975-01-01,GABLE,COMPSHG,HDBOARD,HDBOARD,,0.0,TA,TA,CBLOCK,GD,TA,NO,ALQ,788,UNF,0,268,1056,GASA,EX,Y,SBRKR,1074,0,0,1074,1,0,1,1,3,1,TA,6,TYP,0,,ATTCHD,1975.0,RFN,2,495,TA,TA,Y,0,88,0,0,0,0,,MNPRV,,0,7,2006-01-01,WD,NORMAL,153500
1206,20,RL,90.0,14684,PAVE,,IR1,LVL,ALLPUB,CULDSAC,GTL,SAWYERW,NORM,NORM,1FAM,1STORY,7,7,1990-01-01,1991-01-01,HIP,COMPSHG,HDBOARD,HDBOARD,BRKFACE,234.0,GD,TA,CBLOCK,GD,TA,MN,ALQ,485,BLQ,177,1496,2158,GASA,GD,Y,SBRKR,2196,0,0,2196,0,0,2,0,3,1,GD,7,TYP,1,TA,ATTCHD,1990.0,RFN,3,701,TA,TA,Y,84,70,0,0,0,0,,,,0,6,2009-01-01,WD,NORMAL,271900
1207,20,RH,,8900,PAVE,,REG,LVL,ALLPUB,INSIDE,GTL,SAWYERW,NORM,NORM,1FAM,1STORY,4,4,1966-01-01,1966-01-01,GABLE,COMPSHG,HDBOARD,HDBOARD,,0.0,TA,TA,CBLOCK,TA,TA,NO,REC,1056,UNF,0,0,1056,GASA,TA,Y,SBRKR,1056,0,0,1056,1,0,1,0,2,1,TA,5,TYP,0,,DETCHD,1966.0,UNF,1,384,TA,TA,Y,0,42,0,0,0,0,,MNPRV,,0,11,2006-01-01,WD,NORMAL,107000
1208,20,RL,70.0,9135,PAVE,,REG,LVL,ALLPUB,INSIDE,GTL,COLLGCR,NORM,NORM,1FAM,1STORY,6,5,2003-01-01,2003-01-01,GABLE,COMPSHG,VINYLSD,VINYLSD,BRKFACE,120.0,GD,TA,PCONC,GD,TA,AV,GLQ,340,UNF,0,1342,1682,GASA,EX,Y,SBRKR,1700,0,0,1700,1,0,2,0,3,1,GD,7,TYP,0,,ATTCHD,2003.0,RFN,2,544,TA,TA,Y,192,23,0,0,0,0,,,,0,5,2006-01-01,WD,NORMAL,200000
1209,20,RL,70.0,7763,PAVE,,REG,LVL,ALLPUB,INSIDE,GTL,NAMES,NORM,NORM,1FAM,1STORY,5,7,1962-01-01,1980-01-01,GABLE,COMPSHG,METALSD,METALSD,,0.0,TA,GD,CBLOCK,TA,TA,NO,REC,504,BLQ,108,319,931,GASA,TA,Y,SBRKR,1283,0,0,1283,1,0,1,0,3,1,TA,6,TYP,0,,DETCHD,1980.0,UNF,2,506,TA,TA,Y,0,0,0,0,0,0,,,,0,10,2008-01-01,WD,NORMAL,140000
1210,20,RL,85.0,10182,PAVE,,IR1,LVL,ALLPUB,CULDSAC,GTL,SOMERST,RRNN,NORM,1FAM,1STORY,8,5,2006-01-01,2006-01-01,HIP,COMPSHG,VINYLSD,VINYLSD,STONE,420.0,GD,TA,PCONC,EX,TA,MN,GLQ,1220,UNF,0,440,1660,GASA,EX,Y,SBRKR,1660,0,0,1660,1,0,2,0,3,1,GD,8,TYP,1,GD,ATTCHD,2006.0,RFN,2,500,TA,TA,Y,322,50,0,0,0,0,,,,0,5,2006-01-01,NEW,PARTIAL,290000
1211,60,RL,70.0,11218,PAVE,,REG,LVL,ALLPUB,INSIDE,GTL,SAWYERW,NORM,NORM,1FAM,2STORY,6,5,1992-01-01,1992-01-01,GABLE,COMPSHG,WD SDNG,WD SDNG,,0.0,GD,TA,PCONC,GD,TA,NO,UNF,0,UNF,0,1055,1055,GASA,EX,Y,SBRKR,1055,790,0,1845,0,0,2,1,3,1,GD,8,TYP,1,TA,ATTCHD,1992.0,RFN,2,462,TA,TA,Y,635,104,0,0,0,0,,GDPRV,SHED,400,5,2010-01-01,WD,NORMAL,189000
1212,50,RL,152.0,12134,PAVE,,IR1,BNK,ALLPUB,INSIDE,MOD,GILBERT,NORM,NORM,1FAM,1.5FIN,8,7,1988-01-01,2005-01-01,GABLE,COMPSHG,WD SDNG,WD SDNG,,0.0,GD,TA,WOOD,GD,TA,AV,GLQ,427,UNF,0,132,559,GASA,GD,Y,SBRKR,1080,672,0,1752,0,0,2,0,4,1,TA,8,TYP,0,,BASMENT,1988.0,RFN,2,492,TA,TA,Y,325,12,0,0,0,0,,,,0,6,2010-01-01,WD,NORMAL,164000
1213,30,RL,50.0,9340,PAVE,,REG,LVL,ALLPUB,INSIDE,GTL,EDWARDS,NORM,NORM,1FAM,1STORY,4,6,1941-01-01,1950-01-01,HIP,COMPSHG,METALSD,METALSD,,0.0,TA,TA,CBLOCK,TA,TA,NO,REC,344,UNF,0,328,672,GASA,TA,Y,SBRKR,672,0,0,672,1,0,1,0,2,1,TA,4,TYP,0,,ATTCHD,1941.0,UNF,1,234,TA,TA,N,0,113,0,0,0,0,,,,0,8,2009-01-01,WD,NORMAL,113000
1214,80,RL,,10246,PAVE,,IR1,LVL,ALLPUB,CULDSAC,GTL,SAWYER,NORM,NORM,1FAM,SLVL,4,9,1965-01-01,2001-01-01,GABLE,COMPSHG,VINYLSD,VINYLSD,,0.0,TA,GD,CBLOCK,TA,GD,AV,GLQ,648,UNF,0,0,648,GASA,EX,Y,SBRKR,960,0,0,960,1,1,0,0,0,1,TA,3,TYP,0,,ATTCHD,1965.0,UNF,1,364,TA,TA,Y,88,0,0,0,0,0,,,,0,5,2006-01-01,WD,NORMAL,145000
1215,85,RL,69.0,10205,PAVE,,IR1,LVL,ALLPUB,INSIDE,GTL,NAMES,NORM,NORM,1FAM,SFOYER,5,5,1962-01-01,1962-01-01,GABLE,COMPSHG,METALSD,METALSD,,0.0,TA,TA,CBLOCK,TA,TA,AV,BLQ,784,UNF,0,141,925,GASA,TA,Y,SBRKR,999,0,0,999,1,0,1,0,3,1,TA,6,TYP,0,,ATTCHD,1962.0,UNF,1,300,TA,TA,Y,150,72,0,0,0,0,,,,0,5,2006-01-01,WD,NORMAL,134500
1216,20,RL,99.0,7094,PAVE,,IR1,LVL,ALLPUB,INSIDE,GTL,SAWYER,NORM,NORM,1FAM,1STORY,5,5,1966-01-01,1966-01-01,GABLE,COMPSHG,VINYLSD,VINYLSD,,0.0,TA,TA,CBLOCK,TA,TA,NO,REC,180,LWQ,374,340,894,GASA,TA,Y,SBRKR,894,0,0,894,0,0,1,0,3,1,TA,5,TYP,0,,DETCHD,1966.0,RFN,1,384,TA,TA,Y,0,0,0,0,0,0,,MNPRV,,0,5,2007-01-01,WD,NORMAL,125000
1217,90,RM,68.0,8930,PAVE,,REG,LVL,ALLPUB,INSIDE,GTL,SAWYER,RRAE,NORM,DUPLEX,1.5FIN,6,5,1978-01-01,1978-01-01,GABLE,COMPSHG,VINYLSD,VINYLSD,,0.0,TA,TA,SLAB,,,,,0,,0,0,0,GASA,TA,Y,SBRKR,1318,584,0,1902,0,0,2,0,4,2,TA,8,TYP,0,,ATTCHD,1978.0,UNF,2,539,TA,TA,Y,0,0,0,0,0,0,,,,0,4,2010-01-01,WD,NORMAL,112000
1218,20,FV,72.0,8640,PAVE,,REG,LVL,ALLPUB,INSIDE,GTL,SOMERST,NORM,NORM,1FAM,1STORY,8,5,2009-01-01,2009-01-01,GABLE,COMPSHG,CEMNTBD,CMENTBD,STONE,72.0,GD,TA,PCONC,GD,TA,MN,GLQ,936,UNF,0,364,1300,GASA,EX,Y,SBRKR,1314,0,0,1314,1,0,2,0,3,1,GD,6,TYP,0,,ATTCHD,2009.0,RFN,2,552,TA,TA,Y,135,112,0,0,0,0,,,,0,9,2009-01-01,NEW,PARTIAL,229456
1219,50,RM,52.0,6240,PAVE,,REG,LVL,ALLPUB,INSIDE,GTL,BRKSIDE,NORM,NORM,1FAM,1.5FIN,4,5,1947-01-01,1950-01-01,GABLE,COMPSHG,ASBSHNG,ASBSHNG,,0.0,TA,TA,SLAB,,,,,0,,0,0,0,GASA,GD,N,SBRKR,672,240,0,912,0,0,1,0,2,1,TA,3,TYP,0,,,,,0,0,,,N,0,0,0,0,0,0,,,,0,7,2006-01-01,WD,NORMAL,80500
1220,160,RM,21.0,1680,PAVE,,REG,LVL,ALLPUB,INSIDE,GTL,BRDALE,NORM,NORM,TWNHS,2STORY,6,5,1971-01-01,1971-01-01,GABLE,COMPSHG,CEMNTBD,CMENTBD,BRKFACE,236.0,TA,TA,CBLOCK,TA,TA,NO,UNF,0,UNF,0,672,672,GASA,TA,Y,SBRKR,672,546,0,1218,0,0,1,1,3,1,TA,7,TYP,0,,,,,0,0,,,N,201,0,0,0,0,0,,,,0,4,2006-01-01,WD,ABNORML,91500
1221,20,RL,66.0,7800,PAVE,,IR1,LVL,ALLPUB,INSIDE,GTL,NAMES,NORM,NORM,1FAM,1STORY,5,5,1964-01-01,1964-01-01,GABLE,COMPSHG,WD SDNG,WD SDNG,,0.0,TA,TA,CBLOCK,TA,TA,NO,REC,312,LWQ,600,0,912,GASA,TA,Y,SBRKR,912,0,0,912,0,0,1,0,2,1,TA,5,TYP,0,,ATTCHD,1964.0,UNF,1,288,TA,TA,Y,0,0,0,0,0,0,,,,0,11,2006-01-01,WD,ABNORML,115000
1222,20,RL,55.0,8250,PAVE,,REG,LVL,ALLPUB,INSIDE,GTL,SAWYER,FEEDR,NORM,1FAM,1STORY,5,5,1968-01-01,1968-01-01,HIP,COMPSHG,HDBOARD,HDBOARD,,0.0,TA,TA,CBLOCK,TA,TA,NO,BLQ,250,LWQ,492,210,952,GASA,EX,Y,SBRKR,1211,0,0,1211,0,0,1,0,3,1,TA,5,TYP,1,TA,ATTCHD,1968.0,UNF,1,322,TA,TA,Y,0,63,0,0,0,0,,,,0,8,2008-01-01,WD,NORMAL,134000
1223,50,RL,78.0,10496,PAVE,,REG,LVL,ALLPUB,INSIDE,GTL,NAMES,ARTERY,NORM,1FAM,1.5FIN,6,6,1949-01-01,1950-01-01,GABLE,COMPSHG,WD SDNG,WD SDNG,BRKFACE,320.0,TA,TA,CBLOCK,TA,TA,MN,REC,196,UNF,0,844,1040,GASA,EX,Y,SBRKR,1168,678,0,1846,0,0,2,0,3,1,TA,7,TYP,1,GD,ATTCHD,1949.0,UNF,1,315,TA,TA,Y,0,0,0,0,0,0,,GDWO,,0,1,2007-01-01,WD,NORMAL,143000
1224,20,RL,89.0,10680,PAVE,,REG,LVL,ALLPUB,INSIDE,GTL,NAMES,NORM,NORM,1FAM,1STORY,5,3,1951-01-01,1951-01-01,HIP,COMPSHG,WD SDNG,WD SDNG,BRKFACE,44.0,TA,TA,CBLOCK,TA,FA,NO,LWQ,756,UNF,0,1380,2136,GASA,TA,N,FUSEA,2136,0,0,2136,0,0,2,0,4,1,TA,7,MOD,0,,DETCHD,1951.0,UNF,2,528,TA,TA,Y,0,30,0,0,0,0,,MNPRV,,0,10,2006-01-01,WD,NORMAL,137900
1225,60,RL,60.0,15384,PAVE,,IR1,LVL,ALLPUB,INSIDE,GTL,GILBERT,RRAN,NORM,1FAM,2STORY,7,5,2004-01-01,2005-01-01,GABLE,COMPSHG,VINYLSD,VINYLSD,,0.0,GD,TA,PCONC,GD,TA,AV,GLQ,724,UNF,0,64,788,GASA,EX,Y,SBRKR,788,702,0,1490,1,0,2,1,3,1,GD,8,TYP,1,GD,ATTCHD,2004.0,FIN,2,388,TA,TA,Y,100,75,0,0,0,0,,,,0,2,2008-01-01,WD,NORMAL,184000
1226,80,RL,65.0,10482,PAVE,,REG,LVL,ALLPUB,INSIDE,GTL,NAMES,NORM,NORM,1FAM,SLVL,6,8,1958-01-01,1958-01-01,HIP,COMPSHG,VINYLSD,VINYLSD,BRKFACE,63.0,TA,GD,CBLOCK,TA,TA,AV,GLQ,507,UNF,0,81,588,GASA,EX,Y,SBRKR,1138,0,0,1138,0,1,1,0,3,1,TA,6,TYP,0,,ATTCHD,1958.0,RFN,1,264,TA,TA,Y,224,0,0,0,0,0,,MNWW,,0,6,2007-01-01,WD,NORMAL,145000
1227,60,RL,86.0,14598,PAVE,,IR1,LVL,ALLPUB,CULDSAC,GTL,SOMERST,FEEDR,NORM,1FAM,2STORY,6,5,2007-01-01,2007-01-01,GABLE,COMPSHG,VINYLSD,VINYLSD,STONE,74.0,GD,TA,PCONC,GD,TA,MN,UNF,0,UNF,0,894,894,GASA,EX,Y,SBRKR,894,1039,0,1933,0,0,2,1,4,1,GD,9,TYP,1,GD,BUILTIN,2007.0,FIN,3,668,TA,TA,Y,100,18,0,0,0,0,,,,0,1,2008-01-01,WD,NORMAL,214000
1228,20,RL,72.0,8872,PAVE,,REG,LVL,ALLPUB,CORNER,GTL,NAMES,NORM,NORM,1FAM,1STORY,5,8,1965-01-01,2008-01-01,GABLE,COMPSHG,VINYLSD,VINYLSD,BRKFACE,300.0,TA,TA,CBLOCK,TA,TA,NO,ALQ,595,UNF,0,317,912,GASA,EX,Y,SBRKR,912,0,0,912,1,0,1,0,2,1,GD,5,TYP,0,,DETCHD,1992.0,UNF,2,576,TA,TA,Y,0,240,0,0,0,0,,,,0,12,2008-01-01,WD,NORMAL,147000
1229,120,RL,65.0,8769,PAVE,,REG,LVL,ALLPUB,CORNER,GTL,NRIDGHT,NORM,NORM,TWNHSE,1STORY,9,5,2008-01-01,2008-01-01,HIP,COMPSHG,METALSD,METALSD,BRKFACE,766.0,EX,TA,PCONC,EX,TA,NO,GLQ,1540,UNF,0,162,1702,GASA,EX,Y,SBRKR,1702,0,0,1702,1,0,1,1,1,1,EX,7,TYP,1,GD,ATTCHD,2008.0,FIN,3,1052,TA,TA,Y,0,72,0,0,224,0,,,,0,10,2008-01-01,NEW,PARTIAL,367294
1230,80,RL,70.0,7910,PAVE,,REG,LVL,ALLPUB,INSIDE,GTL,NAMES,NORM,NORM,1FAM,SLVL,5,5,1960-01-01,1960-01-01,HIP,COMPSHG,BRKFACE,HDBOARD,,0.0,TA,TA,CBLOCK,TA,TA,NO,ALQ,666,UNF,0,409,1075,GASA,GD,Y,SBRKR,1507,0,0,1507,0,0,2,0,4,1,TA,7,MAJ1,0,,BASMENT,1960.0,UNF,1,404,TA,TA,Y,0,0,0,0,0,0,,GDWO,,0,8,2008-01-01,WD,NORMAL,127000
1231,90,RL,,18890,PAVE,,IR1,LVL,ALLPUB,INSIDE,GTL,SAWYER,FEEDR,RRAE,DUPLEX,1.5FIN,5,5,1977-01-01,1977-01-01,SHED,COMPSHG,PLYWOOD,PLYWOOD,,1.0,TA,TA,CBLOCK,GD,TA,NO,GLQ,498,REC,211,652,1361,GASA,EX,Y,SBRKR,1361,1259,0,2620,0,0,2,2,4,2,TA,12,TYP,1,TA,BUILTIN,1977.0,RFN,2,600,TA,TA,N,155,24,145,0,0,0,,,GAR2,8300,8,2007-01-01,WD,NORMAL,190000
1232,90,RL,70.0,7728,PAVE,,REG,LVL,ALLPUB,INSIDE,GTL,NAMES,NORM,NORM,DUPLEX,SLVL,5,6,1962-01-01,1962-01-01,HIP,COMPSHG,WD SDNG,WD SDNG,BRKFACE,120.0,TA,TA,CBLOCK,TA,TA,AV,ALQ,803,UNF,0,303,1106,GASA,TA,Y,SBRKR,1190,0,0,1190,1,0,1,0,3,1,TA,6,TYP,0,,ATTCHD,1962.0,UNF,2,540,TA,TA,Y,0,18,0,0,0,0,,GDWO,,0,5,2006-01-01,WD,NORMAL,132500
1233,90,RL,70.0,9842,PAVE,,REG,LVL,ALLPUB,FR2,GTL,NAMES,NORM,NORM,DUPLEX,1STORY,4,5,1962-01-01,1962-01-01,GABLE,COMPSHG,HDBOARD,HDBOARD,,0.0,TA,TA,SLAB,,,,,0,,0,0,0,GASA,TA,Y,SBRKR,1224,0,0,1224,0,0,2,0,2,2,TA,6,TYP,0,,CARPORT,1962.0,UNF,2,462,TA,TA,Y,0,0,0,0,0,0,,,,0,3,2007-01-01,WD,NORMAL,101800
1234,20,RL,,12160,PAVE,,IR1,LVL,ALLPUB,INSIDE,GTL,NAMES,NORM,NORM,1FAM,1STORY,5,5,1959-01-01,1959-01-01,HIP,COMPSHG,PLYWOOD,PLYWOOD,BRKFACE,180.0,TA,TA,CBLOCK,TA,TA,NO,REC,1000,UNF,0,188,1188,GASA,FA,Y,SBRKR,1188,0,0,1188,1,0,1,0,3,1,TA,6,TYP,0,,ATTCHD,1959.0,RFN,2,531,TA,TA,Y,0,0,0,0,0,0,,MNPRV,,0,5,2010-01-01,COD,ABNORML,142000
1235,70,RH,55.0,8525,PAVE,,REG,BNK,ALLPUB,INSIDE,GTL,SWISU,NORM,NORM,1FAM,2STORY,5,6,1911-01-01,1950-01-01,GABLE,COMPSHG,METALSD,METALSD,,0.0,TA,TA,PCONC,TA,TA,AV,UNF,0,UNF,0,940,940,GASA,TA,N,FUSEA,1024,940,0,1964,0,0,1,1,4,1,TA,7,TYP,0,,,,,0,0,,,N,0,192,0,0,0,0,,,,0,11,2008-01-01,WD,ABNORML,130000
1236,70,RL,96.0,13132,PAVE,,REG,LVL,ALLPUB,INSIDE,GTL,CRAWFOR,NORM,NORM,1FAM,2STORY,5,5,1914-01-01,1950-01-01,GABLE,COMPSHG,WD SDNG,WD SDNG,,0.0,TA,TA,BRKTIL,GD,TA,MN,UNF,0,UNF,0,747,747,GASA,GD,Y,FUSEF,892,892,0,1784,0,0,1,1,4,1,TA,9,TYP,0,,DETCHD,1914.0,UNF,1,180,FA,FA,N,203,40,0,0,0,0,,,,0,7,2006-01-01,WD,NORMAL,138887
1237,160,RL,36.0,2628,PAVE,,REG,LVL,ALLPUB,INSIDE,GTL,NRIDGHT,NORM,NORM,TWNHS,2STORY,7,5,2003-01-01,2003-01-01,GABLE,COMPSHG,VINYLSD,WD SHNG,STONE,106.0,GD,TA,PCONC,GD,TA,NO,UNF,0,UNF,0,764,764,GASA,EX,Y,SBRKR,764,862,0,1626,0,0,2,1,2,1,GD,6,TYP,0,,BUILTIN,2003.0,RFN,2,474,TA,TA,Y,0,27,0,0,0,0,,,,0,6,2010-01-01,WD,NORMAL,175500
1238,60,RL,41.0,12393,PAVE,,IR2,LVL,ALLPUB,FR2,GTL,COLLGCR,NORM,NORM,1FAM,2STORY,7,5,2004-01-01,2005-01-01,GABLE,COMPSHG,VINYLSD,VINYLSD,,0.0,GD,TA,PCONC,GD,TA,NO,UNF,0,UNF,0,847,847,GASA,EX,Y,SBRKR,847,1101,0,1948,0,0,2,1,4,1,GD,8,TYP,1,GD,BUILTIN,2004.0,FIN,2,434,TA,TA,Y,100,48,0,0,0,0,,,,0,9,2006-01-01,WD,NORMAL,195000
1239,20,RL,63.0,13072,PAVE,,REG,LVL,ALLPUB,INSIDE,GTL,SAWYERW,RRAE,NORM,1FAM,1STORY,6,5,2005-01-01,2005-01-01,GABLE,COMPSHG,VINYLSD,VINYLSD,,0.0,GD,TA,PCONC,GD,TA,NO,UNF,0,UNF,0,1141,1141,GASA,EX,Y,SBRKR,1141,0,0,1141,0,0,1,1,3,1,TA,6,TYP,0,,DETCHD,2005.0,UNF,2,484,TA,TA,Y,0,0,0,0,0,0,,,,0,3,2006-01-01,WD,ABNORML,142500
1240,20,RL,64.0,9037,PAVE,,IR1,HLS,ALLPUB,INSIDE,GTL,TIMBER,NORM,NORM,1FAM,1STORY,8,5,2006-01-01,2006-01-01,HIP,COMPSHG,VINYLSD,VINYLSD,BRKFACE,32.0,GD,TA,PCONC,GD,TA,AV,GLQ,428,UNF,0,1048,1476,GASA,EX,Y,SBRKR,1484,0,0,1484,0,0,2,0,2,1,EX,6,TYP,1,GD,ATTCHD,2006.0,RFN,2,472,TA,TA,Y,120,33,0,0,0,0,,,,0,12,2007-01-01,WD,NORMAL,265900
1241,60,RL,65.0,8158,PAVE,,REG,LVL,ALLPUB,INSIDE,GTL,COLLGCR,NORM,NORM,1FAM,2STORY,7,5,2003-01-01,2003-01-01,GABLE,COMPSHG,VINYLSD,VINYLSD,BRKFACE,252.0,GD,TA,PCONC,GD,TA,NO,GLQ,550,UNF,0,334,884,GASA,EX,Y,SBRKR,884,884,0,1768,1,0,2,1,3,1,GD,8,TYP,0,,ATTCHD,2003.0,RFN,2,543,TA,TA,Y,0,63,0,0,0,0,,,,0,7,2008-01-01,WD,NORMAL,224900
1242,20,RL,83.0,9849,PAVE,,REG,LVL,ALLPUB,INSIDE,GTL,SOMERST,NORM,NORM,1FAM,1STORY,7,6,2007-01-01,2007-01-01,HIP,COMPSHG,VINYLSD,VINYLSD,STONE,0.0,GD,TA,PCONC,GD,TA,AV,UNF,0,UNF,0,1689,1689,GASA,EX,Y,SBRKR,1689,0,0,1689,0,0,2,0,3,1,GD,7,TYP,0,,ATTCHD,2007.0,RFN,3,954,TA,TA,Y,0,56,0,0,0,0,,,,0,6,2007-01-01,NEW,PARTIAL,248328
1243,85,RL,85.0,10625,PAVE,,REG,LVL,ALLPUB,INSIDE,GTL,NWAMES,NORM,NORM,1FAM,SFOYER,7,6,1974-01-01,1974-01-01,GABLE,COMPSHG,PLYWOOD,PLYWOOD,BRKFACE,81.0,TA,TA,CBLOCK,GD,TA,GD,GLQ,885,LWQ,168,0,1053,GASA,TA,Y,SBRKR,1173,0,0,1173,1,0,2,0,3,1,GD,6,TYP,2,TA,ATTCHD,1974.0,RFN,2,528,TA,TA,Y,0,120,0,0,0,0,,MNPRV,,0,1,2010-01-01,WD,FAMILY,170000
1244,20,RL,107.0,13891,PAVE,,REG,LVL,ALLPUB,INSIDE,GTL,NRIDGHT,NORM,NORM,1FAM,1STORY,10,5,2006-01-01,2006-01-01,GABLE,COMPSHG,VINYLSD,VINYLSD,,,EX,TA,PCONC,EX,GD,GD,GLQ,1386,UNF,0,690,2076,GASA,EX,Y,SBRKR,2076,0,0,2076,1,0,2,1,2,1,EX,7,TYP,1,GD,ATTCHD,2006.0,FIN,3,850,TA,TA,Y,216,229,0,0,0,0,,,,0,9,2006-01-01,NEW,PARTIAL,465000
1245,70,RL,,11435,PAVE,,IR1,HLS,ALLPUB,CORNER,MOD,CRAWFOR,NORM,NORM,1FAM,2STORY,8,7,1929-01-01,1950-01-01,GABLE,COMPSHG,BRKFACE,STUCCO,,0.0,TA,TA,PCONC,GD,TA,NO,UNF,0,UNF,0,792,792,GASA,FA,Y,SBRKR,792,725,0,1517,0,0,1,0,3,1,GD,7,TYP,2,GD,DETCHD,1931.0,UNF,2,400,TA,TA,Y,0,0,0,0,0,0,,,,0,6,2006-01-01,WD,NORMAL,230000
1246,80,RL,78.0,12090,PAVE,,REG,LVL,ALLPUB,INSIDE,GTL,NWAMES,NORM,NORM,1FAM,SLVL,6,7,1984-01-01,2003-01-01,HIP,COMPSHG,VINYLSD,VINYLSD,BRKFACE,74.0,TA,TA,CBLOCK,GD,TA,NO,UNF,0,UNF,0,585,585,GASA,EX,Y,SBRKR,1140,728,0,1868,0,0,3,1,3,1,TA,7,TYP,1,TA,BUILTIN,1984.0,FIN,2,477,TA,TA,Y,268,112,0,0,147,0,,,,0,1,2007-01-01,WD,ABNORML,178000
1247,60,FV,65.0,8125,PAVE,,REG,LVL,ALLPUB,INSIDE,GTL,SOMERST,NORM,NORM,1FAM,2STORY,7,5,2005-01-01,2006-01-01,GABLE,COMPSHG,VINYLSD,VINYLSD,,0.0,GD,TA,PCONC,GD,TA,NO,UNF,0,UNF,0,756,756,GASA,EX,Y,SBRKR,756,797,0,1553,0,0,2,1,3,1,GD,6,TYP,0,,ATTCHD,2005.0,RFN,2,615,TA,TA,Y,0,45,0,0,0,0,,,,0,3,2006-01-01,NEW,PARTIAL,186500
1248,80,RL,,12328,PAVE,,IR1,LVL,ALLPUB,INSIDE,GTL,MITCHEL,NORM,NORM,1FAM,SLVL,6,5,1976-01-01,1976-01-01,GABLE,COMPSHG,HDBOARD,HDBOARD,BRKFACE,335.0,TA,TA,CBLOCK,TA,TA,AV,GLQ,539,UNF,0,473,1012,GASA,TA,Y,SBRKR,1034,0,0,1034,1,0,1,0,3,1,TA,6,TYP,0,,ATTCHD,1976.0,UNF,3,888,TA,TA,Y,0,0,0,0,0,0,,,,0,5,2010-01-01,WD,NORMAL,169900
1249,75,RM,60.0,9600,PAVE,GRVL,REG,LVL,ALLPUB,INSIDE,GTL,OLDTOWN,NORM,NORM,1FAM,2.5UNF,6,5,1917-01-01,1950-01-01,GABLE,COMPSHG,ASBSHNG,ASBSHNG,,0.0,TA,TA,BRKTIL,GD,TA,NO,REC,319,UNF,0,416,735,OTHW,FA,N,SBRKR,1134,924,0,2058,0,0,1,1,3,1,TA,8,TYP,1,GD,DETCHD,1950.0,UNF,2,396,FA,FA,P,0,0,259,0,0,0,,,,0,4,2008-01-01,WD,NORMAL,129500
1250,20,RL,60.0,7200,PAVE,,REG,LVL,ALLPUB,INSIDE,GTL,NAMES,NORM,NORM,1FAM,1STORY,5,7,1950-01-01,1950-01-01,GABLE,COMPSHG,METALSD,METALSD,,0.0,TA,TA,CBLOCK,TA,TA,NO,BLQ,534,REC,96,246,876,GASA,TA,Y,SBRKR,988,0,0,988,0,0,1,0,3,1,TA,6,TYP,0,,ATTCHD,1950.0,UNF,1,276,TA,TA,Y,0,80,0,0,0,0,,,,0,5,2007-01-01,WD,NORMAL,119000
1251,20,RL,93.0,11160,PAVE,,REG,LVL,ALLPUB,CORNER,GTL,NAMES,NORM,NORM,1FAM,1STORY,7,5,1968-01-01,1968-01-01,HIP,COMPSHG,BRKFACE,BRKFACE,,0.0,GD,TA,CBLOCK,TA,TA,NO,ALQ,1065,UNF,0,1045,2110,GASA,EX,Y,SBRKR,2110,0,0,2110,1,0,2,1,3,1,EX,8,TYP,2,TA,ATTCHD,1968.0,FIN,2,522,TA,TA,Y,0,0,0,0,0,0,,,,0,4,2010-01-01,WD,NORMAL,244000
1252,120,RL,,3136,PAVE,,IR1,LVL,ALLPUB,CORNER,GTL,NRIDGHT,NORM,NORM,TWNHSE,1STORY,7,5,2003-01-01,2003-01-01,GABLE,COMPSHG,VINYLSD,WD SHNG,STONE,163.0,GD,TA,PCONC,GD,TA,NO,UNF,0,UNF,0,1405,1405,GASA,EX,Y,SBRKR,1405,0,0,1405,0,0,2,0,2,1,GD,6,TYP,1,GD,ATTCHD,2003.0,RFN,2,478,TA,TA,Y,148,36,0,0,0,0,,,,0,3,2006-01-01,WD,NORMAL,171750
1253,20,RL,62.0,9858,PAVE,,REG,LVL,ALLPUB,INSIDE,GTL,MITCHEL,NORM,NORM,1FAM,1STORY,5,6,1968-01-01,1968-01-01,GABLE,COMPSHG,HDBOARD,HDBOARD,,0.0,TA,TA,CBLOCK,TA,TA,NO,BLQ,510,UNF,0,354,864,GASA,TA,Y,SBRKR,874,0,0,874,1,0,1,0,3,1,TA,5,TYP,0,,ATTCHD,1968.0,RFN,1,288,TA,TA,Y,33,0,0,0,0,0,,GDWO,SHED,600,11,2009-01-01,WD,NORMAL,130000
1254,60,RL,,17542,PAVE,,IR1,LVL,ALLPUB,INSIDE,GTL,VEENKER,NORM,NORM,1FAM,2STORY,7,7,1974-01-01,2003-01-01,GABLE,COMPSHG,WD SDNG,WD SDNG,,0.0,GD,TA,CBLOCK,TA,TA,GD,LWQ,125,ALQ,1031,36,1192,GASA,TA,Y,SBRKR,1516,651,0,2167,1,0,2,1,3,1,GD,9,TYP,2,GD,ATTCHD,1974.0,RFN,2,518,TA,TA,Y,220,47,0,0,0,0,,MNPRV,,0,7,2007-01-01,WD,NORMAL,294000
1255,60,RL,60.0,6931,PAVE,,REG,LVL,ALLPUB,INSIDE,GTL,EDWARDS,NORM,NORM,1FAM,2STORY,7,5,2003-01-01,2004-01-01,GABLE,COMPSHG,VINYLSD,VINYLSD,STONE,92.0,GD,TA,PCONC,GD,TA,NO,UNF,0,UNF,0,746,746,GASA,EX,Y,SBRKR,760,896,0,1656,0,0,2,1,3,1,GD,7,TYP,1,GD,BUILTIN,2003.0,FIN,2,397,TA,TA,Y,178,128,0,0,0,0,,,,0,7,2008-01-01,WD,NORMAL,165400
1256,50,RM,52.0,6240,PAVE,,REG,LVL,ALLPUB,INSIDE,GTL,BRKSIDE,NORM,NORM,1FAM,1.5FIN,6,6,1931-01-01,1950-01-01,GABLE,COMPSHG,WD SDNG,WD SDNG,,0.0,TA,TA,BRKTIL,TA,FA,NO,LWQ,425,UNF,0,459,884,GASA,TA,Y,FUSEA,959,408,0,1367,0,0,1,0,3,1,TA,6,TYP,1,GD,DETCHD,1978.0,UNF,1,560,TA,TA,Y,0,0,0,0,120,0,,,,0,11,2007-01-01,WD,NORMAL,127500
1257,20,RL,91.0,14303,PAVE,,IR1,LVL,ALLPUB,CORNER,GTL,NORIDGE,NORM,NORM,1FAM,1STORY,8,5,1994-01-01,1994-01-01,HIP,COMPSHG,HDBOARD,HDBOARD,BRKFACE,554.0,GD,TA,PCONC,GD,TA,GD,GLQ,1314,UNF,0,672,1986,GASA,EX,Y,SBRKR,1987,0,0,1987,1,0,2,0,2,1,GD,7,TYP,1,TA,ATTCHD,1994.0,FIN,2,691,TA,TA,Y,262,36,0,0,0,0,,,,0,8,2008-01-01,WD,NORMAL,301500
1258,30,RL,56.0,4060,PAVE,,REG,LVL,ALLPUB,CORNER,GTL,EDWARDS,FEEDR,NORM,1FAM,1STORY,5,8,1922-01-01,1950-01-01,GABLE,COMPSHG,WD SDNG,WD SDNG,,0.0,TA,TA,PCONC,FA,TA,NO,UNF,0,UNF,0,864,864,GASA,EX,Y,SBRKR,864,0,0,864,0,0,1,0,2,1,TA,4,TYP,0,,,,,0,0,,,Y,0,96,0,0,0,0,,,,0,7,2009-01-01,WD,NORMAL,99900
1259,80,RL,59.0,9587,PAVE,,IR1,LVL,ALLPUB,INSIDE,GTL,GILBERT,NORM,NORM,1FAM,SLVL,7,5,2005-01-01,2005-01-01,GABLE,COMPSHG,VINYLSD,VINYLSD,STONE,182.0,GD,TA,PCONC,GD,TA,GD,GLQ,655,UNF,0,201,856,GASA,EX,Y,SBRKR,1166,0,0,1166,1,0,2,0,2,1,GD,5,TYP,0,,ATTCHD,2005.0,FIN,2,400,TA,TA,Y,212,0,0,0,0,0,,,,0,7,2008-01-01,WD,NORMAL,190000
1260,20,RL,65.0,9750,PAVE,,REG,LVL,ALLPUB,FR2,GTL,NAMES,NORM,NORM,1FAM,1STORY,6,8,1969-01-01,1969-01-01,GABLE,COMPSHG,HDBOARD,HDBOARD,,0.0,TA,TA,CBLOCK,GD,TA,NO,ALQ,602,LWQ,438,14,1054,GASA,GD,Y,SBRKR,1054,0,0,1054,1,0,1,1,3,1,TA,6,TYP,0,,ATTCHD,1969.0,UNF,2,460,TA,TA,Y,180,0,0,0,80,0,,,,0,7,2008-01-01,WD,NORMAL,151000
1261,60,RL,,24682,PAVE,,IR3,LVL,ALLPUB,CULDSAC,GTL,GILBERT,RRAN,NORM,1FAM,2STORY,6,5,1999-01-01,1999-01-01,GABLE,COMPSHG,VINYLSD,VINYLSD,,0.0,TA,TA,PCONC,GD,TA,NO,UNF,0,UNF,0,841,841,GASA,EX,Y,SBRKR,892,783,0,1675,0,0,2,1,3,1,TA,7,TYP,1,TA,BUILTIN,1999.0,FIN,2,502,TA,TA,Y,0,103,0,0,0,0,,,,0,6,2009-01-01,WD,NORMAL,181000
1262,20,RL,80.0,9600,PAVE,,REG,LVL,ALLPUB,INSIDE,GTL,NAMES,NORM,NORM,1FAM,1STORY,5,6,1956-01-01,1956-01-01,HIP,COMPSHG,METALSD,METALSD,,0.0,TA,TA,CBLOCK,TA,TA,NO,REC,504,UNF,0,546,1050,GASA,GD,Y,SBRKR,1050,0,0,1050,0,0,1,0,2,1,TA,5,TYP,0,,ATTCHD,1956.0,UNF,1,338,TA,TA,Y,0,0,0,0,0,0,,,,0,6,2009-01-01,WD,NORMAL,128900
1263,50,RL,,11250,PAVE,,REG,LVL,ALLPUB,INSIDE,GTL,CLEARCR,NORM,NORM,1FAM,1.5FIN,4,5,1957-01-01,1989-01-01,GABLE,COMPSHG,WD SDNG,WD SDNG,,0.0,TA,TA,CBLOCK,TA,TA,AV,UNF,0,UNF,0,1104,1104,GASA,EX,Y,FUSEA,1104,684,0,1788,1,0,1,0,5,1,TA,8,MIN2,2,TA,ATTCHD,1957.0,UNF,1,304,TA,TA,Y,120,0,0,0,0,0,,,,0,11,2009-01-01,WD,NORMAL,161500
1264,70,RL,60.0,13515,PAVE,PAVE,REG,LVL,ALLPUB,INSIDE,GTL,BRKSIDE,NORM,NORM,1FAM,2STORY,6,6,1919-01-01,1950-01-01,GAMBREL,COMPSHG,WD SDNG,WD SDNG,,0.0,TA,TA,PCONC,TA,TA,NO,UNF,0,UNF,0,764,764,GASA,EX,Y,FUSEA,1060,764,0,1824,0,0,1,0,3,1,TA,8,TYP,1,GD,DETCHD,1940.0,UNF,2,520,TA,TA,N,0,0,126,0,0,0,,GDPRV,,0,7,2007-01-01,WD,NORMAL,180500
1265,120,RH,34.0,4060,PAVE,,REG,LVL,ALLPUB,INSIDE,GTL,NAMES,NORM,NORM,TWNHSE,1STORY,6,5,1998-01-01,1999-01-01,GABLE,COMPSHG,METALSD,METALSD,,0.0,GD,TA,PCONC,GD,TA,NO,GLQ,266,UNF,0,1139,1405,GASA,EX,Y,SBRKR,1337,0,0,1337,1,0,2,0,2,1,GD,5,TYP,0,,ATTCHD,1998.0,FIN,2,511,TA,TA,Y,144,68,0,0,0,0,,,,0,8,2008-01-01,COD,ABNORML,181000
1266,160,FV,35.0,3735,PAVE,,REG,LVL,ALLPUB,FR3,GTL,SOMERST,NORM,NORM,TWNHSE,2STORY,7,5,1999-01-01,1999-01-01,HIP,COMPSHG,METALSD,METALSD,BRKFACE,218.0,GD,TA,PCONC,GD,TA,NO,GLQ,450,UNF,0,241,691,GASA,EX,Y,SBRKR,713,739,0,1452,1,0,2,1,3,1,GD,6,TYP,0,,DETCHD,1999.0,UNF,2,506,TA,TA,Y,0,34,0,0,0,0,,,,0,3,2006-01-01,WD,NORMAL,183900
1267,190,RM,60.0,10120,PAVE,,IR1,BNK,ALLPUB,INSIDE,GTL,OLDTOWN,FEEDR,NORM,2FMCON,2.5UNF,7,4,1910-01-01,1950-01-01,HIP,COMPSHG,WD SDNG,WD SDNG,,0.0,FA,TA,CBLOCK,TA,TA,NO,UNF,0,UNF,0,925,925,GASA,TA,N,FUSEF,964,925,0,1889,0,0,1,1,4,2,TA,9,TYP,1,GD,DETCHD,1960.0,UNF,1,308,TA,TA,N,0,0,264,0,0,0,,MNPRV,,0,1,2007-01-01,WD,NORMAL,122000
1268,20,RL,89.0,13214,PAVE,,IR1,HLS,ALLPUB,INSIDE,GTL,TIMBER,NORM,NORM,1FAM,1STORY,9,5,2008-01-01,2009-01-01,HIP,COMPSHG,STUCCO,CMENTBD,,0.0,EX,TA,PCONC,EX,TA,GD,UNF,0,UNF,0,2002,2002,GASA,EX,Y,SBRKR,2018,0,0,2018,0,0,2,0,3,1,EX,10,TYP,1,GD,ATTCHD,2009.0,FIN,3,746,TA,TA,Y,144,76,0,0,0,0,,,,0,5,2010-01-01,WD,NORMAL,378500
1269,50,RL,,14100,PAVE,,IR1,LVL,ALLPUB,INSIDE,MOD,CRAWFOR,NORM,NORM,1FAM,1.5FIN,8,9,1935-01-01,1997-01-01,GABLE,COMPSHG,STUCCO,STUCCO,BRKFACE,632.0,TA,GD,CBLOCK,TA,TA,MN,REC,192,UNF,0,536,728,GASA,EX,Y,SBRKR,1968,1479,0,3447,0,0,3,1,4,1,GD,11,TYP,2,GD,BUILTIN,1982.0,UNF,3,1014,TA,TA,Y,314,12,0,0,0,0,,GDWO,,0,5,2008-01-01,WD,NORMAL,381000
1270,50,RL,78.0,11344,PAVE,,REG,LVL,ALLPUB,INSIDE,GTL,NAMES,FEEDR,NORM,1FAM,1.5FIN,5,5,1958-01-01,1958-01-01,GABLE,COMPSHG,METALSD,METALSD,BRKFACE,180.0,TA,TA,CBLOCK,TA,TA,NO,BLQ,460,UNF,0,414,874,GASW,TA,Y,FUSEA,874,650,0,1524,0,0,1,1,3,1,TA,7,TYP,0,,ATTCHD,1958.0,UNF,1,315,TA,TA,Y,0,0,0,0,0,0,,GDWO,,0,7,2007-01-01,WD,NORMAL,144000
1271,40,RL,,23595,PAVE,,REG,LOW,ALLPUB,INSIDE,SEV,CLEARCR,NORM,NORM,1FAM,1STORY,7,6,1979-01-01,1979-01-01,SHED,WDSHAKE,PLYWOOD,PLYWOOD,,0.0,GD,TA,PCONC,GD,TA,GD,GLQ,1258,UNF,0,74,1332,GASA,TA,Y,SBRKR,1332,192,0,1524,2,0,0,1,0,1,GD,4,TYP,1,TA,ATTCHD,1979.0,FIN,2,586,TA,TA,Y,268,0,0,0,0,0,,,,0,4,2010-01-01,WD,NORMAL,260000
1272,20,RL,,9156,PAVE,,IR1,LVL,ALLPUB,INSIDE,GTL,NWAMES,POSN,NORM,1FAM,1STORY,6,7,1968-01-01,1968-01-01,HIP,COMPSHG,BRKFACE,BRKFACE,,0.0,TA,TA,CBLOCK,TA,TA,NO,UNF,0,UNF,0,1489,1489,GASA,GD,Y,SBRKR,1489,0,0,1489,0,0,2,0,3,1,GD,7,TYP,1,GD,ATTCHD,1968.0,RFN,2,462,TA,TA,Y,0,0,0,0,0,0,,,,0,8,2009-01-01,WD,NORMAL,185750
1273,20,RL,,13526,PAVE,,IR1,LVL,ALLPUB,CULDSAC,GTL,SAWYER,NORM,NORM,1FAM,1STORY,5,6,1965-01-01,1965-01-01,HIP,COMPSHG,HDBOARD,PLYWOOD,BRKFACE,114.0,TA,TA,CBLOCK,TA,TA,NO,BLQ,560,LWQ,375,0,935,GASA,TA,Y,SBRKR,935,0,0,935,1,0,1,0,3,1,TA,5,TYP,0,,ATTCHD,1965.0,UNF,1,288,TA,TA,Y,180,0,0,0,0,0,,MNPRV,,0,11,2006-01-01,WD,NORMAL,137000
1274,80,RL,124.0,11512,PAVE,,IR1,LVL,ALLPUB,CORNER,GTL,EDWARDS,NORM,NORM,1FAM,SLVL,6,7,1959-01-01,2006-01-01,GABLE,COMPSHG,PLYWOOD,PLYWOOD,BRKFACE,84.0,TA,TA,CBLOCK,TA,TA,AV,ALQ,719,UNF,0,300,1019,GASA,GD,Y,SBRKR,1357,0,0,1357,1,0,1,0,2,1,EX,5,TYP,1,GD,BASMENT,1959.0,RFN,1,312,TA,TA,Y,0,0,0,0,163,0,,GDPRV,,0,5,2008-01-01,WD,NORMAL,177000
1275,50,RL,53.0,5362,PAVE,,REG,LVL,ALLPUB,CORNER,GTL,CRAWFOR,NORM,NORM,1FAM,1.5FIN,5,6,1910-01-01,2003-01-01,GABLE,COMPSHG,WD SDNG,WD SHNG,,0.0,TA,TA,PCONC,TA,TA,NO,UNF,0,UNF,0,661,661,GASA,EX,Y,SBRKR,661,589,0,1250,0,0,2,0,3,1,TA,8,TYP,1,GD,DETCHD,1985.0,UNF,2,552,TA,TA,Y,242,0,81,0,0,0,,,,0,11,2007-01-01,WD,NORMAL,139000
1276,90,RL,95.0,11345,PAVE,,REG,LVL,ALLPUB,CORNER,GTL,NAMES,FEEDR,NORM,DUPLEX,2STORY,5,5,1948-01-01,1950-01-01,GABLE,ROLL,ASBSHNG,ASBSHNG,STONE,567.0,TA,TA,CBLOCK,TA,TA,NO,REC,220,UNF,0,708,928,GASA,GD,Y,FUSEA,928,992,0,1920,0,0,2,0,4,2,TA,10,TYP,0,,DETCHD,1948.0,UNF,2,400,TA,FA,Y,0,0,0,0,0,0,,,,0,7,2007-01-01,WD,NORMAL,137000
1277,60,RL,,12936,PAVE,,IR1,LVL,ALLPUB,CULDSAC,GTL,NWAMES,NORM,NORM,1FAM,2STORY,6,6,1972-01-01,1972-01-01,GABLE,COMPSHG,HDBOARD,PLYWOOD,,0.0,TA,TA,CBLOCK,TA,GD,NO,BLQ,593,UNF,0,130,723,GASA,TA,Y,SBRKR,735,660,0,1395,0,1,1,1,3,1,TA,6,TYP,1,TA,ATTCHD,1972.0,UNF,2,497,TA,TA,Y,294,116,0,0,0,0,,,,0,12,2009-01-01,WD,NORMAL,162000
1278,80,RL,,17871,PAVE,,IR1,LVL,ALLPUB,CULDSAC,GTL,NWAMES,NORM,NORM,1FAM,SLVL,6,5,1967-01-01,1976-01-01,GABLE,COMPSHG,HDBOARD,HDBOARD,BRKFACE,359.0,TA,TA,CBLOCK,GD,TA,AV,ALQ,528,UNF,0,1152,1680,GASA,FA,Y,SBRKR,1724,0,0,1724,1,0,1,1,3,1,TA,7,TYP,1,GD,ATTCHD,1967.0,RFN,2,480,TA,TA,Y,0,0,0,0,0,0,,,,0,6,2009-01-01,WD,NORMAL,197900
1279,60,RL,75.0,9473,PAVE,,REG,LVL,ALLPUB,INSIDE,GTL,COLLGCR,NORM,NORM,1FAM,2STORY,8,5,2002-01-01,2002-01-01,GABLE,COMPSHG,VINYLSD,VINYLSD,,,GD,TA,PCONC,GD,TA,NO,GLQ,804,UNF,0,324,1128,GASA,EX,Y,SBRKR,1128,903,0,2031,1,0,2,1,3,1,GD,7,TYP,1,GD,ATTCHD,2002.0,RFN,2,577,TA,TA,Y,0,211,0,0,0,0,,,,0,3,2008-01-01,WD,NORMAL,237000
1280,50,C (ALL),60.0,7500,PAVE,,REG,LVL,ALLPUB,INSIDE,GTL,IDOTRR,NORM,NORM,1FAM,1.5FIN,4,4,1920-01-01,1950-01-01,GABLE,COMPSHG,METALSD,METALSD,,0.0,TA,GD,CBLOCK,TA,TA,NO,UNF,0,UNF,0,698,698,GASA,TA,Y,FUSEA,698,430,0,1128,0,0,1,0,2,1,TA,6,TYP,0,,DETCHD,1980.0,RFN,2,528,TA,TA,Y,30,0,164,0,0,0,,,,0,4,2010-01-01,COD,ABNORML,68400
1281,20,RL,67.0,9808,PAVE,,IR1,LVL,ALLPUB,INSIDE,GTL,COLLGCR,NORM,NORM,1FAM,1STORY,7,5,2002-01-01,2002-01-01,GABLE,COMPSHG,VINYLSD,VINYLSD,BRKFACE,110.0,GD,TA,PCONC,GD,TA,NO,GLQ,788,UNF,0,785,1573,GASA,EX,Y,SBRKR,1573,0,0,1573,1,0,2,0,3,1,GD,6,TYP,0,,ATTCHD,2002.0,RFN,2,544,TA,TA,Y,0,72,0,0,0,0,,,,0,3,2009-01-01,WD,NORMAL,227000
1282,20,RL,50.0,8049,PAVE,,IR1,LVL,ALLPUB,CULDSAC,GTL,TIMBER,NORM,NORM,1FAM,1STORY,7,5,1990-01-01,1990-01-01,HIP,COMPSHG,HDBOARD,HDBOARD,BRKFACE,54.0,TA,TA,CBLOCK,GD,TA,NO,ALQ,1053,UNF,0,256,1309,GASA,TA,Y,SBRKR,1339,0,0,1339,1,0,2,0,2,1,TA,6,TYP,1,TA,ATTCHD,1990.0,FIN,2,484,GD,GD,Y,0,58,0,0,90,0,,,,0,7,2006-01-01,WD,NORMAL,180000
1283,20,RL,61.0,8800,PAVE,,IR1,LVL,ALLPUB,INSIDE,GTL,COLLGCR,NORM,NORM,1FAM,1STORY,5,7,1977-01-01,2008-01-01,GABLE,COMPSHG,HDBOARD,HDBOARD,,0.0,TA,TA,CBLOCK,GD,TA,MN,LWQ,532,REC,144,364,1040,GASA,TA,Y,SBRKR,1040,0,0,1040,0,0,2,0,3,1,GD,5,TYP,0,,DETCHD,1977.0,UNF,2,484,TA,TA,Y,0,0,0,0,288,0,,,,0,9,2009-01-01,WD,NORMAL,150500
1284,90,RL,94.0,9400,PAVE,,REG,LOW,ALLPUB,CORNER,GTL,MITCHEL,NORM,NORM,DUPLEX,2STORY,6,5,1971-01-01,1971-01-01,MANSARD,COMPSHG,METALSD,WD SHNG,,0.0,TA,TA,CBLOCK,TA,TA,AV,UNF,0,UNF,0,912,912,GASA,TA,Y,SBRKR,912,912,0,1824,0,0,2,2,4,2,TA,8,TYP,0,,,,,0,0,,,Y,128,0,0,0,0,0,,,,0,4,2010-01-01,WD,NORMAL,139000
1285,50,RL,50.0,9638,PAVE,,REG,LVL,ALLPUB,INSIDE,GTL,SWISU,FEEDR,NORM,1FAM,1.5FIN,6,7,1919-01-01,1990-01-01,GABLE,COMPSHG,WD SDNG,WD SHNG,,0.0,TA,TA,PCONC,TA,TA,NO,UNF,0,UNF,0,804,804,GASA,EX,Y,SBRKR,1699,748,0,2447,0,0,2,0,4,1,GD,10,MIN2,1,GD,DETCHD,1969.0,UNF,1,336,TA,TA,Y,272,0,42,0,116,0,,,,0,3,2010-01-01,WD,NORMAL,169000
1286,50,RM,50.0,6000,PAVE,,REG,LVL,ALLPUB,INSIDE,GTL,BRKSIDE,NORM,NORM,1FAM,1.5FIN,6,6,1939-01-01,1950-01-01,GABLE,COMPSHG,METALSD,METALSD,,0.0,TA,FA,CBLOCK,TA,TA,NO,UNF,0,UNF,0,780,780,GASA,EX,Y,FUSEF,825,587,0,1412,0,0,1,0,4,1,TA,6,TYP,1,GD,DETCHD,1939.0,UNF,1,280,TA,TA,Y,45,0,0,0,0,0,,,,0,5,2009-01-01,WD,NORMAL,132500
1287,20,RL,,9790,PAVE,,REG,LVL,ALLPUB,INSIDE,GTL,NWAMES,FEEDR,NORM,1FAM,1STORY,6,5,1963-01-01,1963-01-01,HIP,COMPSHG,HDBOARD,HDBOARD,BRKFACE,451.0,TA,TA,CBLOCK,TA,TA,NO,ALQ,569,REC,81,678,1328,GASA,TA,Y,SBRKR,1328,0,0,1328,1,0,1,1,3,1,TA,6,TYP,2,GD,ATTCHD,1963.0,UNF,2,528,TA,TA,Y,0,26,0,0,0,0,,,,0,6,2010-01-01,WD,NORMAL,143000
1288,20,RL,,36500,PAVE,,IR1,LOW,ALLPUB,INSIDE,MOD,CLEARCR,NORM,NORM,1FAM,1STORY,5,5,1964-01-01,1964-01-01,GABLE,COMPSHG,WD SDNG,WD SDNG,BRKCMN,621.0,TA,GD,CBLOCK,TA,TA,AV,REC,812,UNF,0,812,1624,GASA,FA,Y,SBRKR,1582,0,0,1582,0,1,2,0,4,1,TA,7,TYP,0,,ATTCHD,1964.0,UNF,2,390,TA,TA,N,168,198,0,0,0,0,,,,0,6,2006-01-01,WD,NORMAL,190000
1289,120,RL,40.0,5664,PAVE,,IR1,LVL,ALLPUB,INSIDE,GTL,STONEBR,NORM,NORM,TWNHSE,1STORY,8,5,2000-01-01,2000-01-01,GABLE,COMPSHG,CEMNTBD,CMENTBD,,0.0,GD,TA,PCONC,GD,TA,NO,GLQ,1158,UNF,0,343,1501,GASA,EX,Y,SBRKR,1659,0,0,1659,1,0,2,0,2,1,EX,5,TYP,1,EX,ATTCHD,2000.0,FIN,2,499,TA,TA,Y,212,59,0,0,0,0,,,,0,10,2009-01-01,WD,NORMAL,278000
1290,60,RL,86.0,11065,PAVE,,IR1,LVL,ALLPUB,INSIDE,GTL,NRIDGHT,NORM,NORM,1FAM,2STORY,8,5,2006-01-01,2006-01-01,GABLE,COMPSHG,VINYLSD,VINYLSD,STONE,788.0,GD,TA,PCONC,GD,TA,MN,UNF,0,UNF,0,1085,1085,GASA,EX,Y,SBRKR,1120,850,0,1970,0,0,2,1,3,1,EX,8,TYP,1,GD,BUILTIN,2006.0,FIN,3,753,TA,TA,Y,177,74,0,0,0,0,,,,0,10,2006-01-01,NEW,PARTIAL,281000
1291,80,RL,,14112,PAVE,,IR1,LVL,ALLPUB,CORNER,GTL,NAMES,NORM,NORM,1FAM,SLVL,5,7,1964-01-01,1964-01-01,HIP,COMPSHG,WD SDNG,HDBOARD,BRKFACE,86.0,TA,TA,PCONC,TA,TA,AV,GLQ,1014,UNF,0,138,1152,GASA,TA,Y,SBRKR,1152,0,0,1152,1,0,1,0,3,1,TA,6,TYP,1,GD,ATTCHD,1964.0,RFN,2,484,TA,TA,Y,227,0,0,0,0,0,,,,0,4,2010-01-01,WD,NORMAL,180500
1292,160,RM,21.0,1680,PAVE,,REG,LVL,ALLPUB,INSIDE,GTL,BRDALE,NORM,NORM,TWNHS,2STORY,5,7,1972-01-01,1972-01-01,GABLE,COMPSHG,CEMNTBD,CMENTBD,BRKFACE,268.0,TA,TA,CBLOCK,TA,TA,NO,ALQ,231,UNF,0,399,630,GASA,TA,Y,SBRKR,630,672,0,1302,0,0,2,1,3,1,TA,6,TYP,0,,DETCHD,1972.0,UNF,1,264,TA,TA,Y,185,0,0,0,0,0,,,,0,2,2009-01-01,WD,NORMAL,119500
1293,70,RM,60.0,6600,PAVE,,REG,LVL,ALLPUB,CORNER,GTL,OLDTOWN,NORM,NORM,1FAM,2STORY,5,4,1892-01-01,1965-01-01,GABLE,COMPSHG,WD SDNG,WD SDNG,,0.0,TA,TA,STONE,TA,TA,NO,UNF,0,UNF,0,994,994,GASA,TA,N,SBRKR,1378,994,0,2372,0,0,2,0,4,2,TA,11,MIN2,0,,ATTCHD,1985.0,RFN,1,432,TA,TA,Y,0,287,0,0,0,0,,,,0,12,2009-01-01,WD,NORMAL,107500
1294,60,RL,78.0,10140,PAVE,,REG,LVL,ALLPUB,INSIDE,GTL,NWAMES,NORM,NORM,1FAM,2STORY,7,5,1976-01-01,1976-01-01,GABLE,COMPSHG,HDBOARD,HDBOARD,,0.0,TA,TA,PCONC,GD,TA,NO,GLQ,194,UNF,0,638,832,GASA,TA,Y,SBRKR,832,832,0,1664,0,0,2,1,4,1,TA,8,TYP,1,TA,ATTCHD,1976.0,RFN,2,528,TA,TA,Y,0,28,0,0,259,0,,GDWO,,0,3,2006-01-01,WD,NORMAL,162900
1295,20,RL,60.0,8172,PAVE,,REG,LVL,ALLPUB,INSIDE,GTL,EDWARDS,NORM,NORM,1FAM,1STORY,5,7,1955-01-01,1990-01-01,HIP,COMPSHG,WDSHING,PLYWOOD,,0.0,TA,TA,CBLOCK,TA,TA,NO,REC,167,UNF,0,697,864,GASA,TA,Y,SBRKR,864,0,0,864,1,0,1,0,2,1,TA,5,TYP,0,,DETCHD,1957.0,UNF,2,572,TA,TA,N,0,0,0,0,0,0,,,,0,4,2006-01-01,WD,NORMAL,115000
1296,20,RL,70.0,8400,PAVE,,REG,LVL,ALLPUB,INSIDE,GTL,NAMES,FEEDR,NORM,1FAM,1STORY,5,5,1968-01-01,1968-01-01,HIP,COMPSHG,HDBOARD,HDBOARD,BRKFACE,168.0,TA,TA,CBLOCK,TA,TA,AV,BLQ,1016,UNF,0,36,1052,GASA,GD,Y,SBRKR,1052,0,0,1052,1,0,1,1,3,1,TA,5,TYP,0,,ATTCHD,1968.0,RFN,1,288,TA,TA,Y,356,0,0,0,0,0,,GDWO,,0,11,2006-01-01,WD,NORMAL,138500
1297,20,RL,80.0,8700,PAVE,,REG,LVL,ALLPUB,INSIDE,GTL,NAMES,NORM,NORM,1FAM,1STORY,5,6,1963-01-01,1963-01-01,HIP,COMPSHG,METALSD,METALSD,BRKFACE,148.0,TA,GD,CBLOCK,TA,TA,MN,ALQ,776,UNF,0,344,1120,GASA,GD,Y,SBRKR,1128,0,0,1128,1,0,2,0,3,1,TA,6,TYP,0,,ATTCHD,1963.0,RFN,2,525,TA,TA,Y,192,20,123,0,0,0,,MNPRV,,0,12,2008-01-01,WD,NORMAL,155000
1298,180,RM,35.0,3675,PAVE,,REG,LVL,ALLPUB,INSIDE,GTL,EDWARDS,NORM,NORM,TWNHSE,SFOYER,6,5,2005-01-01,2006-01-01,GABLE,COMPSHG,VINYLSD,VINYLSD,BRKFACE,82.0,TA,TA,PCONC,GD,TA,GD,GLQ,547,UNF,0,0,547,GASA,GD,Y,SBRKR,1072,0,0,1072,1,0,2,0,2,1,TA,5,TYP,0,,BASMENT,2005.0,FIN,2,525,TA,TA,Y,0,44,0,0,0,0,,,,0,6,2006-01-01,NEW,PARTIAL,140000
1299,60,RL,313.0,63887,PAVE,,IR3,BNK,ALLPUB,CORNER,GTL,EDWARDS,FEEDR,NORM,1FAM,2STORY,10,5,2008-01-01,2008-01-01,HIP,CLYTILE,STUCCO,STUCCO,STONE,796.0,EX,TA,PCONC,EX,TA,GD,GLQ,5644,UNF,0,466,6110,GASA,EX,Y,SBRKR,4692,950,0,5642,2,0,2,1,3,1,EX,12,TYP,3,GD,ATTCHD,2008.0,FIN,2,1418,TA,TA,Y,214,292,0,0,0,480,GD,,,0,1,2008-01-01,NEW,PARTIAL,160000
1300,20,RL,75.0,7500,PAVE,,REG,LVL,ALLPUB,INSIDE,GTL,NAMES,NORM,NORM,1FAM,1STORY,5,7,1959-01-01,1994-01-01,HIP,COMPSHG,BRKFACE,BRKFACE,,0.0,TA,TA,CBLOCK,TA,TA,NO,LWQ,340,REC,906,0,1246,GASA,EX,Y,SBRKR,1246,0,0,1246,1,0,1,1,3,1,GD,6,TYP,0,,ATTCHD,1959.0,RFN,1,305,TA,TA,Y,218,0,0,0,0,0,,GDPRV,,0,5,2010-01-01,WD,NORMAL,154000
1301,60,RL,,10762,PAVE,,IR1,LVL,ALLPUB,CULDSAC,GTL,GILBERT,NORM,NORM,1FAM,2STORY,7,5,1999-01-01,1999-01-01,GABLE,COMPSHG,VINYLSD,VINYLSD,,344.0,GD,TA,PCONC,GD,TA,NO,GLQ,694,UNF,0,284,978,GASA,EX,Y,SBRKR,1005,978,0,1983,0,0,2,1,3,1,GD,9,TYP,1,TA,ATTCHD,1999.0,FIN,2,490,TA,TA,Y,0,0,0,0,0,0,,,,0,5,2009-01-01,WD,NORMAL,225000
1302,70,RL,,7500,PAVE,,IR1,BNK,ALLPUB,INSIDE,GTL,CRAWFOR,NORM,NORM,1FAM,2STORY,6,7,1942-01-01,1950-01-01,GABLE,COMPSHG,WD SDNG,WD SDNG,,0.0,TA,TA,CBLOCK,TA,TA,NO,BLQ,547,UNF,0,224,771,GASA,FA,Y,SBRKR,753,741,0,1494,0,0,1,0,3,1,GD,7,TYP,2,GD,ATTCHD,1942.0,UNF,1,213,TA,TA,P,0,0,0,0,224,0,,,,0,11,2009-01-01,WD,NORMAL,177500
1303,60,RL,92.0,10120,PAVE,,REG,LVL,ALLPUB,INSIDE,GTL,NORIDGE,NORM,NORM,1FAM,2STORY,8,5,1994-01-01,1994-01-01,HIP,COMPSHG,VINYLSD,VINYLSD,BRKFACE,391.0,GD,TA,PCONC,GD,TA,NO,GLQ,740,UNF,0,425,1165,GASA,EX,Y,SBRKR,1203,1323,0,2526,1,0,2,1,4,1,GD,8,TYP,1,TA,ATTCHD,1994.0,RFN,3,844,TA,TA,Y,309,78,0,0,0,0,,,,0,12,2006-01-01,WD,NORMAL,290000
1304,20,RL,73.0,8688,PAVE,,REG,LVL,ALLPUB,INSIDE,GTL,SOMERST,NORM,NORM,1FAM,1STORY,7,5,2005-01-01,2005-01-01,GABLE,COMPSHG,VINYLSD,VINYLSD,BRKFACE,228.0,GD,TA,PCONC,GD,TA,AV,UNF,0,UNF,0,1616,1616,GASA,EX,Y,SBRKR,1616,0,0,1616,0,0,2,0,3,1,GD,7,TYP,0,,ATTCHD,2005.0,RFN,3,834,TA,TA,Y,208,59,0,0,0,0,,,,0,4,2006-01-01,WD,NORMAL,232000
1305,160,RM,32.0,3363,PAVE,,REG,LVL,ALLPUB,INSIDE,GTL,EDWARDS,NORM,NORM,TWNHSE,2STORY,7,5,2004-01-01,2004-01-01,GABLE,COMPSHG,VINYLSD,VINYLSD,STONE,117.0,GD,TA,PCONC,GD,TA,NO,UNF,0,UNF,0,976,976,GASA,EX,Y,SBRKR,976,732,0,1708,0,0,2,0,3,1,GD,7,MAJ1,0,,DETCHD,2004.0,UNF,2,380,TA,TA,Y,0,40,0,0,0,0,,,,0,4,2006-01-01,WD,NORMAL,130000
1306,20,RL,108.0,13173,PAVE,,IR1,LVL,ALLPUB,CORNER,GTL,NRIDGHT,NORM,NORM,1FAM,1STORY,9,5,2006-01-01,2007-01-01,HIP,COMPSHG,VINYLSD,VINYLSD,STONE,300.0,GD,TA,PCONC,EX,TA,NO,GLQ,1572,UNF,0,80,1652,GASA,EX,Y,SBRKR,1652,0,0,1652,1,0,2,0,2,1,EX,6,TYP,2,EX,ATTCHD,2006.0,FIN,2,840,TA,TA,Y,404,102,0,0,0,0,,,,0,11,2009-01-01,WD,NORMAL,325000
1307,120,RL,48.0,6955,PAVE,,IR1,LVL,ALLPUB,INSIDE,GTL,NRIDGHT,NORM,NORM,TWNHSE,1STORY,7,5,2005-01-01,2006-01-01,GABLE,COMPSHG,VINYLSD,VINYLSD,STONE,94.0,GD,TA,PCONC,GD,TA,NO,UNF,0,UNF,0,1368,1368,GASA,EX,Y,SBRKR,1368,0,0,1368,0,0,2,0,2,1,GD,6,TYP,1,GD,ATTCHD,2005.0,RFN,2,474,TA,TA,Y,132,35,0,0,0,0,,,,0,9,2006-01-01,NEW,PARTIAL,202500
1308,20,RL,60.0,8072,PAVE,,REG,LVL,ALLPUB,INSIDE,GTL,COLLGCR,NORM,NORM,1FAM,1STORY,5,5,1994-01-01,1995-01-01,GABLE,COMPSHG,VINYLSD,VINYLSD,,0.0,TA,GD,PCONC,GD,GD,NO,ALQ,746,UNF,0,244,990,GASA,EX,Y,SBRKR,990,0,0,990,1,0,1,0,3,1,TA,5,TYP,0,,DETCHD,2000.0,UNF,2,480,TA,TA,Y,0,64,0,0,0,0,,,,0,5,2009-01-01,WD,NORMAL,138000
1309,20,RM,100.0,12000,PAVE,,REG,LVL,ALLPUB,INSIDE,GTL,OLDTOWN,NORM,NORM,1FAM,1STORY,5,7,1948-01-01,2005-01-01,GABLE,COMPSHG,METALSD,METALSD,,0.0,TA,TA,CBLOCK,TA,TA,NO,GLQ,144,ALQ,608,172,924,GASA,EX,Y,SBRKR,1122,0,0,1122,1,0,1,0,2,1,GD,6,TYP,0,,ATTCHD,1948.0,UNF,2,528,TA,TA,Y,0,36,0,0,0,0,,GDWO,,0,5,2008-01-01,WD,NORMAL,147000
1310,20,RL,,7153,PAVE,,REG,LVL,ALLPUB,INSIDE,GTL,SAWYERW,NORM,NORM,1FAM,1STORY,6,5,1991-01-01,1991-01-01,GABLE,COMPSHG,HDBOARD,HDBOARD,BRKFACE,88.0,TA,TA,CBLOCK,GD,TA,NO,GLQ,1200,UNF,0,78,1278,GASA,GD,Y,SBRKR,1294,0,0,1294,1,0,2,0,3,1,GD,6,TYP,0,,ATTCHD,1991.0,RFN,2,496,TA,TA,Y,112,51,0,0,0,0,,GDWO,,0,6,2008-01-01,WD,NORMAL,179200
1311,20,RL,100.0,17500,PAVE,,REG,LVL,ALLPUB,INSIDE,GTL,CRAWFOR,POSA,NORM,1FAM,1STORY,7,8,1959-01-01,2002-01-01,GABLE,COMPSHG,BRKFACE,HDBOARD,,0.0,GD,GD,PCONC,GD,TA,AV,GLQ,1406,UNF,0,496,1902,GASA,TA,Y,SBRKR,1902,0,0,1902,1,0,2,0,3,1,EX,7,TYP,2,TA,ATTCHD,1959.0,FIN,2,567,TA,TA,Y,0,207,162,0,0,0,,,,0,5,2010-01-01,WD,NORMAL,335000
1312,20,RL,68.0,8814,PAVE,,REG,LVL,ALLPUB,INSIDE,GTL,COLLGCR,NORM,NORM,1FAM,1STORY,7,5,2005-01-01,2007-01-01,GABLE,COMPSHG,VINYLSD,VINYLSD,BRKFACE,80.0,GD,TA,PCONC,GD,TA,NO,GLQ,925,UNF,0,349,1274,GASA,EX,Y,SBRKR,1274,0,0,1274,1,0,2,0,3,1,GD,6,TYP,0,,ATTCHD,2005.0,RFN,2,508,TA,TA,Y,264,98,0,0,0,0,,,,0,1,2007-01-01,NEW,PARTIAL,203000
1313,60,RL,,9572,PAVE,,IR1,LVL,ALLPUB,INSIDE,GTL,NORIDGE,NORM,NORM,1FAM,2STORY,8,5,1990-01-01,1990-01-01,GABLE,COMPSHG,WD SDNG,WD SDNG,BRKFACE,336.0,GD,TA,PCONC,EX,TA,NO,GLQ,482,UNF,0,971,1453,GASA,EX,Y,SBRKR,1453,1357,0,2810,0,0,2,1,4,1,GD,9,TYP,1,EX,ATTCHD,1990.0,RFN,2,750,GD,GD,Y,500,0,0,0,0,0,,,,0,6,2007-01-01,WD,NORMAL,302000
1314,60,RL,108.0,14774,PAVE,,IR1,LVL,ALLPUB,CORNER,GTL,NORIDGE,NORM,NORM,1FAM,2STORY,9,5,1999-01-01,1999-01-01,GABLE,COMPSHG,VINYLSD,VINYLSD,BRKFACE,165.0,GD,TA,PCONC,GD,TA,NO,UNF,0,UNF,0,1393,1393,GASA,EX,Y,SBRKR,1422,1177,0,2599,0,0,2,1,4,1,GD,10,TYP,1,TA,BUILTIN,1999.0,FIN,3,779,TA,TA,Y,668,30,0,0,0,0,,,,0,5,2010-01-01,WD,NORMAL,333168
1315,20,RL,60.0,8190,PAVE,,REG,LVL,ALLPUB,INSIDE,GTL,EDWARDS,NORM,NORM,1FAM,1STORY,4,6,1954-01-01,1954-01-01,HIP,COMPSHG,WD SDNG,WD SDNG,,0.0,TA,TA,CBLOCK,TA,TA,NO,REC,732,UNF,0,216,948,GASA,EX,Y,SBRKR,948,0,0,948,1,0,1,0,3,1,TA,5,TYP,1,TA,DETCHD,1956.0,UNF,1,280,TA,TA,Y,0,36,0,0,0,0,,,,0,10,2007-01-01,WD,NORMAL,119000
1316,60,RL,85.0,11075,PAVE,,REG,LVL,ALLPUB,INSIDE,GTL,NAMES,NORM,NORM,1FAM,2STORY,6,5,1969-01-01,1969-01-01,GABLE,COMPSHG,HDBOARD,HDBOARD,,0.0,TA,TA,CBLOCK,FA,TA,MN,ALQ,500,LWQ,276,176,952,GASA,TA,Y,SBRKR,1092,1020,0,2112,0,0,2,1,4,1,TA,9,TYP,2,GD,ATTCHD,1969.0,UNF,2,576,TA,TA,Y,280,0,0,0,0,0,,,,0,6,2008-01-01,WD,NORMAL,206900
1317,20,RL,61.0,10226,PAVE,,IR1,LVL,ALLPUB,INSIDE,GTL,COLLGCR,NORM,NORM,1FAM,1STORY,8,5,2008-01-01,2008-01-01,GABLE,COMPSHG,VINYLSD,VINYLSD,STONE,270.0,GD,TA,PCONC,EX,TA,GD,UNF,0,UNF,0,1622,1622,GASA,EX,Y,SBRKR,1630,0,0,1630,1,0,2,0,3,1,EX,8,TYP,1,GD,ATTCHD,2008.0,RFN,3,860,TA,TA,Y,172,42,0,0,0,0,,,,0,1,2009-01-01,WD,NORMAL,295493
1318,120,FV,47.0,4230,PAVE,PAVE,REG,LVL,ALLPUB,CORNER,GTL,SOMERST,NORM,NORM,TWNHSE,1STORY,7,5,2006-01-01,2007-01-01,GABLE,COMPSHG,VINYLSD,VINYLSD,,0.0,GD,TA,PCONC,EX,GD,NO,UNF,0,UNF,0,1352,1352,GASA,EX,Y,SBRKR,1352,0,0,1352,0,0,2,0,2,1,GD,5,TYP,1,GD,ATTCHD,2006.0,RFN,2,466,TA,TA,Y,0,241,0,0,0,0,,,,0,4,2007-01-01,NEW,PARTIAL,208900
1319,20,RL,,14781,PAVE,,IR2,LVL,ALLPUB,CULDSAC,GTL,COLLGCR,NORM,NORM,1FAM,1STORY,8,5,2001-01-01,2002-01-01,HIP,COMPSHG,VINYLSD,VINYLSD,BRKFACE,178.0,GD,TA,PCONC,GD,TA,GD,UNF,0,UNF,0,1753,1753,GASA,EX,Y,SBRKR,1787,0,0,1787,0,0,2,0,3,1,GD,7,TYP,1,TA,ATTCHD,2001.0,RFN,3,748,TA,TA,Y,198,150,0,0,0,0,,,,0,8,2006-01-01,WD,NORMAL,275000
1320,20,RL,75.0,10215,PAVE,,REG,BNK,ALLPUB,INSIDE,GTL,EDWARDS,NORM,NORM,1FAM,1STORY,4,5,1954-01-01,1954-01-01,HIP,COMPSHG,WD SDNG,WD SDNG,BRKFACE,132.0,TA,TA,PCONC,TA,TA,NO,ALQ,492,UNF,0,372,864,GASA,EX,Y,SBRKR,948,0,0,948,0,0,1,0,3,1,TA,5,TYP,0,,ATTCHD,1954.0,UNF,1,248,TA,TA,Y,0,0,0,0,0,0,,,,0,2,2007-01-01,WD,NORMAL,111000
1321,20,RL,70.0,8400,PAVE,,REG,LVL,ALLPUB,INSIDE,GTL,NAMES,NORM,NORM,1FAM,1STORY,6,3,1957-01-01,1957-01-01,HIP,COMPSHG,BRKFACE,BRKFACE,,0.0,TA,TA,CBLOCK,TA,TA,NO,ALQ,189,REC,661,628,1478,GASA,GD,Y,SBRKR,1478,0,0,1478,1,0,1,1,3,1,TA,6,TYP,2,GD,ATTCHD,1957.0,RFN,2,442,TA,TA,Y,114,0,0,0,216,0,,,,0,6,2009-01-01,WD,NORMAL,156500
1322,20,RL,,6627,PAVE,,IR1,LVL,ALLPUB,CORNER,GTL,BRKSIDE,FEEDR,NORM,1FAM,1STORY,3,6,1949-01-01,1950-01-01,HIP,COMPSHG,VINYLSD,VINYLSD,,0.0,TA,TA,CBLOCK,,,,,0,,0,0,0,FLOOR,TA,N,SBRKR,720,0,0,720,0,0,1,0,2,1,TA,4,TYP,0,,DETCHD,1955.0,UNF,1,287,TA,FA,Y,0,0,0,0,0,0,,,,0,7,2008-01-01,WD,NORMAL,72500
1323,60,RL,107.0,10186,PAVE,,IR1,LVL,ALLPUB,INSIDE,GTL,NORIDGE,NORM,NORM,1FAM,2STORY,7,5,1992-01-01,1992-01-01,GABLE,COMPSHG,HDBOARD,HDBOARD,,0.0,GD,TA,PCONC,GD,TA,NO,GLQ,674,UNF,0,76,750,GASA,EX,Y,SBRKR,1061,862,0,1923,1,0,2,1,3,1,GD,8,TYP,1,TA,ATTCHD,1992.0,RFN,2,564,TA,TA,Y,240,39,0,0,0,0,,,,0,6,2010-01-01,WD,NORMAL,190000
1324,30,RL,50.0,5330,PAVE,,REG,HLS,ALLPUB,INSIDE,GTL,BRKSIDE,NORM,NORM,1FAM,1STORY,4,7,1940-01-01,1950-01-01,HIP,COMPSHG,VINYLSD,VINYLSD,,0.0,FA,TA,CBLOCK,TA,TA,NO,LWQ,280,UNF,0,140,420,GASA,GD,Y,SBRKR,708,0,0,708,0,0,1,0,2,1,FA,5,TYP,0,,,,,0,0,,,Y,164,0,0,0,0,0,,,,0,12,2009-01-01,WD,NORMAL,82500
1325,20,RL,75.0,9986,PAVE,,REG,LVL,ALLPUB,INSIDE,GTL,SOMERST,NORM,NORM,1FAM,1STORY,8,5,2006-01-01,2007-01-01,GABLE,COMPSHG,VINYLSD,VINYLSD,BRKFACE,428.0,GD,TA,PCONC,EX,TA,AV,UNF,0,UNF,0,1795,1795,GASA,EX,Y,SBRKR,1795,0,0,1795,0,0,2,0,2,1,GD,7,TYP,1,GD,ATTCHD,2007.0,RFN,3,895,TA,TA,Y,0,49,0,0,0,0,,,,0,2,2007-01-01,NEW,PARTIAL,147000
1326,30,RM,40.0,3636,PAVE,,REG,LVL,ALLPUB,INSIDE,GTL,IDOTRR,NORM,NORM,1FAM,1STORY,4,4,1922-01-01,1950-01-01,GABLE,COMPSHG,ASBSHNG,ASBSHNG,,0.0,TA,TA,BRKTIL,TA,FA,NO,UNF,0,UNF,0,796,796,GASA,FA,N,SBRKR,796,0,0,796,0,0,1,0,2,1,TA,5,TYP,0,,,,,0,0,,,N,0,0,100,0,0,0,,MNPRV,,0,1,2008-01-01,WD,NORMAL,55000
1327,30,RH,70.0,4270,PAVE,,REG,BNK,ALLPUB,INSIDE,MOD,EDWARDS,NORM,NORM,1FAM,1STORY,3,6,1931-01-01,2006-01-01,GABLE,COMPSHG,METALSD,METALSD,,0.0,TA,TA,BRKTIL,TA,TA,NO,REC,544,UNF,0,0,544,GASA,EX,Y,SBRKR,774,0,0,774,0,0,1,0,3,1,GD,6,TYP,0,,,,,0,0,,,Y,0,0,286,0,0,0,,,,0,5,2007-01-01,WD,NORMAL,79000
1328,20,RL,60.0,6600,PAVE,,REG,LVL,ALLPUB,INSIDE,GTL,MITCHEL,NORM,NORM,1FAM,1STORY,5,9,1982-01-01,2008-01-01,GABLE,COMPSHG,VINYLSD,VINYLSD,,0.0,GD,GD,CBLOCK,TA,TA,NO,ALQ,641,UNF,0,175,816,GASA,EX,Y,SBRKR,816,0,0,816,0,1,1,0,3,1,GD,5,TYP,1,EX,ATTCHD,1982.0,UNF,1,264,TA,TA,Y,0,0,0,0,0,0,,MNPRV,,0,10,2008-01-01,WD,NORMAL,130500
1329,50,RM,60.0,10440,PAVE,GRVL,REG,LVL,ALLPUB,CORNER,GTL,OLDTOWN,NORM,NORM,1FAM,1.5FIN,6,7,1920-01-01,1950-01-01,GABLE,COMPSHG,BRKFACE,WD SDNG,,0.0,GD,GD,BRKTIL,GD,TA,NO,LWQ,493,UNF,0,1017,1510,GASW,EX,Y,SBRKR,1584,1208,0,2792,0,0,2,0,5,1,TA,8,MOD,2,TA,DETCHD,1920.0,UNF,2,520,FA,TA,Y,0,547,0,0,480,0,,MNPRV,SHED,1150,6,2008-01-01,WD,NORMAL,256000
1330,60,RL,63.0,9084,PAVE,,IR1,LVL,ALLPUB,INSIDE,GTL,GILBERT,NORM,NORM,1FAM,2STORY,7,5,1998-01-01,1998-01-01,HIP,COMPSHG,VINYLSD,VINYLSD,,0.0,TA,TA,PCONC,GD,TA,NO,UNF,0,UNF,0,935,935,GASA,GD,Y,SBRKR,955,677,0,1632,0,0,2,1,3,1,TA,8,TYP,1,TA,ATTCHD,1998.0,FIN,2,462,TA,TA,Y,0,28,0,0,0,0,,,,0,6,2006-01-01,WD,NORMAL,176500
1331,20,RL,85.0,10000,PAVE,,REG,LVL,ALLPUB,INSIDE,GTL,SOMERST,NORM,NORM,1FAM,1STORY,8,5,2006-01-01,2006-01-01,HIP,COMPSHG,VINYLSD,VINYLSD,STONE,410.0,GD,TA,PCONC,GD,GD,AV,UNF,0,UNF,0,1588,1588,GASA,EX,Y,SBRKR,1588,0,0,1588,0,0,2,0,3,1,GD,7,TYP,1,GD,ATTCHD,2006.0,RFN,3,825,TA,TA,Y,144,45,0,0,0,0,,,,0,12,2007-01-01,WD,NORMAL,227000
1332,80,RL,55.0,10780,PAVE,,IR1,LVL,ALLPUB,INSIDE,GTL,COLLGCR,NORM,NORM,1FAM,SLVL,5,5,1976-01-01,1976-01-01,GABLE,COMPSHG,METALSD,METALSD,,0.0,TA,TA,CBLOCK,TA,TA,AV,ALQ,483,UNF,0,428,911,GASA,GD,Y,SBRKR,954,0,0,954,0,0,1,0,3,1,TA,6,TYP,0,,DETCHD,1976.0,UNF,2,576,TA,TA,Y,0,0,0,0,0,0,,,,0,7,2006-01-01,WD,NORMAL,132500
1333,20,RL,67.0,8877,PAVE,,REG,LVL,ALLPUB,INSIDE,MOD,EDWARDS,NORM,NORM,1FAM,1STORY,4,6,1938-01-01,1958-01-01,GABLE,COMPSHG,METALSD,METALSD,,0.0,TA,TA,CBLOCK,TA,TA,MN,ALQ,690,UNF,0,126,816,GASA,EX,Y,SBRKR,816,0,0,816,1,0,1,0,2,1,TA,3,TYP,1,GD,DETCHD,1958.0,UNF,1,288,FA,FA,Y,0,0,0,0,0,0,,,,0,5,2009-01-01,WD,NORMAL,100000
1334,50,RM,60.0,7200,PAVE,,REG,LVL,ALLPUB,CORNER,GTL,IDOTRR,NORM,NORM,1FAM,1.5FIN,5,6,1938-01-01,1995-01-01,GABLE,COMPSHG,WD SDNG,WD SDNG,,0.0,TA,TA,CBLOCK,TA,TA,NO,UNF,0,UNF,0,803,803,GASA,EX,Y,SBRKR,803,557,0,1360,0,0,1,1,2,1,GD,6,TYP,0,,DETCHD,1951.0,UNF,1,297,TA,TA,Y,0,65,190,0,0,0,,MNPRV,,0,7,2006-01-01,WD,NORMAL,125500
1335,160,RM,24.0,2368,PAVE,,REG,LVL,ALLPUB,INSIDE,GTL,BRDALE,NORM,NORM,TWNHSE,2STORY,5,6,1970-01-01,1970-01-01,GABLE,COMPSHG,HDBOARD,HDBOARD,,312.0,TA,TA,CBLOCK,TA,TA,NO,LWQ,765,UNF,0,0,765,GASA,TA,Y,SBRKR,765,600,0,1365,0,0,1,1,3,1,TA,7,MIN1,0,,ATTCHD,1970.0,UNF,2,440,TA,TA,Y,0,36,0,0,0,0,,,,0,5,2009-01-01,WD,NORMAL,125000
1336,20,RL,80.0,9650,PAVE,,REG,LVL,ALLPUB,INSIDE,GTL,NWAMES,NORM,NORM,1FAM,1STORY,6,5,1977-01-01,1977-01-01,GABLE,COMPSHG,PLYWOOD,PLYWOOD,BRKFACE,360.0,TA,TA,CBLOCK,GD,TA,NO,ALQ,686,UNF,0,664,1350,GASA,TA,Y,SBRKR,1334,0,0,1334,0,1,2,0,2,1,TA,6,TYP,1,TA,ATTCHD,1977.0,RFN,2,630,TA,TA,Y,0,16,0,0,0,0,,,,0,4,2009-01-01,WD,NORMAL,167900
1337,90,RL,87.0,9246,PAVE,,IR1,LVL,ALLPUB,INSIDE,GTL,NWAMES,FEEDR,NORM,DUPLEX,1STORY,5,5,1973-01-01,1973-01-01,GABLE,COMPSHG,PLYWOOD,PLYWOOD,BRKFACE,564.0,TA,TA,CBLOCK,TA,TA,NO,UNF,0,UNF,0,1656,1656,GASA,TA,Y,SBRKR,1656,0,0,1656,0,0,2,0,4,2,TA,8,TYP,0,,DETCHD,1973.0,UNF,2,506,TA,TA,Y,0,211,0,0,0,0,,,,0,11,2008-01-01,WD,NORMAL,135000
1338,30,RM,153.0,4118,PAVE,GRVL,IR1,BNK,ALLPUB,CORNER,MOD,OLDTOWN,FEEDR,NORM,1FAM,1STORY,4,4,1941-01-01,1950-01-01,GABLE,COMPSHG,WD SDNG,WD SDNG,,0.0,TA,TA,CBLOCK,TA,TA,NO,UNF,0,UNF,0,693,693,GRAV,FA,N,FUSEA,693,0,0,693,0,0,1,0,2,1,FA,4,TYP,0,,,,,0,0,,,N,0,20,0,0,0,0,,,,0,3,2006-01-01,WD,NORMAL,52500
1339,60,RL,95.0,13450,PAVE,,IR1,LVL,ALLPUB,CORNER,GTL,COLLGCR,NORM,NORM,1FAM,2STORY,7,5,2002-01-01,2002-01-01,GABLE,COMPSHG,VINYLSD,VINYLSD,,0.0,GD,TA,PCONC,GD,TA,NO,GLQ,700,UNF,0,216,916,GASA,EX,Y,SBRKR,920,941,0,1861,1,0,2,1,3,1,GD,8,TYP,0,,BUILTIN,2002.0,RFN,2,492,TA,TA,Y,146,91,0,0,0,0,,,,0,6,2006-01-01,WD,NORMAL,200000
1340,20,RL,120.0,9560,PAVE,,IR1,LVL,ALLPUB,CORNER,GTL,COLLGCR,NORM,NORM,1FAM,1STORY,5,7,1972-01-01,1972-01-01,HIP,COMPSHG,METALSD,METALSD,,0.0,TA,GD,CBLOCK,TA,TA,MN,REC,360,UNF,0,504,864,GASA,EX,Y,SBRKR,864,0,0,864,0,0,1,0,3,1,TA,5,TYP,0,,ATTCHD,1972.0,RFN,1,288,TA,TA,Y,0,0,0,0,0,0,,,,0,6,2006-01-01,WD,NORMAL,128500
1341,20,RL,70.0,8294,PAVE,,REG,LVL,ALLPUB,INSIDE,GTL,NAMES,NORM,NORM,1FAM,1STORY,4,5,1971-01-01,1971-01-01,GABLE,COMPSHG,METALSD,METALSD,,0.0,TA,TA,CBLOCK,TA,TA,NO,UNF,0,UNF,0,858,858,GASA,TA,Y,SBRKR,872,0,0,872,0,0,1,0,3,1,TA,5,TYP,0,,DETCHD,1974.0,UNF,4,480,TA,TA,Y,0,0,0,0,0,0,,GDWO,,0,6,2007-01-01,WD,NORMAL,123000
1342,20,RL,66.0,13695,PAVE,,REG,LVL,ALLPUB,INSIDE,GTL,SAWYERW,RRAE,NORM,1FAM,1STORY,6,5,2003-01-01,2004-01-01,GABLE,COMPSHG,VINYLSD,VINYLSD,,0.0,TA,TA,PCONC,GD,TA,NO,GLQ,814,UNF,0,300,1114,GASA,EX,Y,SBRKR,1114,0,0,1114,1,0,1,0,3,1,GD,6,TYP,0,,DETCHD,2004.0,UNF,2,576,TA,TA,Y,0,78,0,0,0,0,,,,0,7,2008-01-01,WD,NORMAL,155000
1343,60,RL,,9375,PAVE,,REG,LVL,ALLPUB,INSIDE,GTL,COLLGCR,NORM,NORM,1FAM,2STORY,8,5,2002-01-01,2002-01-01,GABLE,COMPSHG,VINYLSD,VINYLSD,BRKFACE,149.0,GD,TA,PCONC,GD,TA,NO,UNF,0,UNF,0,1284,1284,GASA,EX,Y,SBRKR,1284,885,0,2169,0,0,2,1,3,1,GD,7,TYP,1,GD,ATTCHD,2002.0,RFN,2,647,TA,TA,Y,192,87,0,0,0,0,,,,0,8,2007-01-01,WD,NORMAL,228500
1344,50,RL,57.0,7558,PAVE,,REG,BNK,ALLPUB,INSIDE,GTL,CRAWFOR,NORM,NORM,1FAM,1.5FIN,6,6,1928-01-01,1950-01-01,GABLE,COMPSHG,BRKFACE,STONE,,0.0,TA,TA,BRKTIL,TA,TA,NO,UNF,0,UNF,0,896,896,GASA,GD,Y,SBRKR,1172,741,0,1913,0,0,1,1,3,1,TA,9,TYP,1,TA,DETCHD,1929.0,UNF,2,342,FA,FA,Y,0,0,0,0,0,0,,,,0,3,2009-01-01,WD,NORMAL,177000
1345,60,RL,85.0,11103,PAVE,,IR1,LVL,ALLPUB,CORNER,GTL,COLLGCR,NORM,NORM,1FAM,2STORY,7,5,2006-01-01,2006-01-01,GABLE,COMPSHG,VINYLSD,VINYLSD,,0.0,GD,TA,PCONC,GD,TA,NO,UNF,0,UNF,0,728,728,GASA,EX,Y,SBRKR,728,728,0,1456,0,0,2,1,3,1,GD,8,TYP,1,TA,ATTCHD,2006.0,FIN,2,440,TA,TA,Y,0,0,0,0,0,0,,,,0,7,2007-01-01,NEW,PARTIAL,155835
1346,30,RM,50.0,6000,PAVE,,REG,LVL,ALLPUB,INSIDE,GTL,OLDTOWN,NORM,NORM,1FAM,1STORY,4,4,1920-01-01,1950-01-01,HIP,COMPSHG,METALSD,METALSD,,0.0,TA,TA,PCONC,TA,TA,NO,ALQ,250,UNF,0,710,960,GASA,GD,Y,FUSEA,960,0,0,960,0,0,1,0,2,1,FA,5,TYP,0,,DETCHD,1997.0,UNF,1,308,TA,TA,Y,0,0,168,0,0,0,,,,0,7,2007-01-01,WD,NORMAL,108500
1347,20,RL,,20781,PAVE,,IR2,LVL,ALLPUB,CULDSAC,GTL,NWAMES,POSN,NORM,1FAM,1STORY,7,7,1968-01-01,2003-01-01,HIP,COMPSHG,BRKFACE,HDBOARD,,0.0,TA,TA,CBLOCK,TA,TA,NO,BLQ,297,REC,68,1203,1568,GASA,TA,Y,SBRKR,2156,0,0,2156,0,0,2,0,3,1,TA,9,TYP,1,GD,ATTCHD,1968.0,RFN,2,508,GD,TA,Y,0,80,0,290,0,0,,,,0,6,2006-01-01,WD,NORMAL,262500
1348,20,RL,93.0,15306,PAVE,,IR1,HLS,ALLPUB,CORNER,GTL,TIMBER,NORM,NORM,1FAM,1STORY,8,5,2006-01-01,2007-01-01,GABLE,COMPSHG,VINYLSD,VINYLSD,STONE,100.0,GD,TA,PCONC,EX,TA,GD,GLQ,80,UNF,0,1652,1732,GASA,EX,Y,SBRKR,1776,0,0,1776,1,0,2,0,3,1,GD,7,TYP,1,GD,ATTCHD,2006.0,FIN,3,712,TA,TA,Y,0,0,0,0,0,0,,,,0,5,2007-01-01,NEW,PARTIAL,283463
1349,20,RL,,16196,PAVE,,IR3,LOW,ALLPUB,INSIDE,GTL,SAWYERW,NORM,NORM,1FAM,1STORY,7,5,1998-01-01,1998-01-01,GABLE,COMPSHG,VINYLSD,VINYLSD,,0.0,GD,TA,PCONC,GD,TA,GD,GLQ,1443,UNF,0,39,1482,GASA,EX,Y,SBRKR,1494,0,0,1494,1,0,2,0,3,1,GD,5,TYP,1,FA,ATTCHD,1998.0,RFN,2,514,TA,TA,Y,402,25,0,0,0,0,,,,0,8,2007-01-01,WD,NORMAL,215000
1350,70,RM,50.0,5250,PAVE,PAVE,REG,LVL,ALLPUB,INSIDE,GTL,OLDTOWN,NORM,NORM,1FAM,2STORY,8,5,1872-01-01,1987-01-01,GABLE,COMPSHG,METALSD,METALSD,,0.0,TA,GD,BRKTIL,TA,FA,NO,LWQ,259,UNF,0,425,684,OTHW,FA,N,SBRKR,938,1215,205,2358,0,0,2,0,4,1,TA,8,TYP,0,,,,,0,0,,,Y,0,54,20,0,0,0,,,,0,12,2008-01-01,WD,NORMAL,122000
1351,90,RL,91.0,11643,PAVE,,REG,LVL,ALLPUB,INSIDE,GTL,NAMES,ARTERY,NORM,DUPLEX,2STORY,5,5,1969-01-01,1969-01-01,GABLE,COMPSHG,METALSD,METALSD,BRKFACE,368.0,TA,TA,CBLOCK,TA,TA,NO,LWQ,500,UNF,0,748,1248,GASA,TA,Y,SBRKR,1338,1296,0,2634,1,1,2,2,6,2,TA,12,TYP,0,,DETCHD,1969.0,UNF,4,968,TA,TA,Y,0,0,0,0,0,0,,,,0,8,2009-01-01,WD,NORMAL,200000
1352,60,RL,70.0,9247,PAVE,,IR1,LVL,ALLPUB,INSIDE,GTL,NAMES,NORM,NORM,1FAM,2STORY,6,6,1962-01-01,1962-01-01,GABLE,COMPSHG,HDBOARD,HDBOARD,BRKFACE,318.0,TA,TA,CBLOCK,TA,TA,NO,REC,319,UNF,0,539,858,GASA,EX,Y,SBRKR,858,858,0,1716,0,0,1,1,4,1,TA,8,TYP,1,GD,ATTCHD,1962.0,FIN,2,490,TA,TA,Y,0,84,0,0,120,0,,,,0,3,2008-01-01,WD,NORMAL,171000
1353,50,RM,50.0,6000,PAVE,,REG,LVL,ALLPUB,INSIDE,GTL,BRKSIDE,NORM,NORM,1FAM,1.5FIN,6,9,1937-01-01,2000-01-01,GABLE,COMPSHG,METALSD,METALSD,,0.0,GD,TA,BRKTIL,TA,TA,NO,UNF,0,UNF,0,698,698,GASA,TA,Y,SBRKR,786,390,0,1176,0,0,1,0,2,1,TA,4,TYP,0,,DETCHD,1999.0,UNF,2,624,TA,TA,N,210,0,0,0,0,0,,,,0,7,2009-01-01,WD,NORMAL,134900
1354,50,RL,56.0,14720,PAVE,,IR1,LVL,ALLPUB,CULDSAC,GTL,NORIDGE,NORM,NORM,1FAM,1.5FIN,8,5,1995-01-01,1996-01-01,HIP,COMPSHG,VINYLSD,VINYLSD,BRKFACE,579.0,GD,TA,PCONC,GD,TA,AV,GLQ,816,UNF,0,1217,2033,GASA,EX,Y,SBRKR,2053,1185,0,3238,1,0,2,1,4,1,GD,9,TYP,1,EX,ATTCHD,1996.0,FIN,3,666,TA,TA,Y,283,86,0,0,0,0,,,,0,3,2010-01-01,WD,NORMAL,410000
1355,60,RL,,10316,PAVE,,IR1,LVL,ALLPUB,INSIDE,GTL,COLLGCR,NORM,NORM,1FAM,2STORY,7,5,2000-01-01,2000-01-01,GABLE,COMPSHG,VINYLSD,VINYLSD,,0.0,GD,TA,PCONC,GD,TA,NO,GLQ,735,UNF,0,257,992,GASA,EX,Y,SBRKR,992,873,0,1865,1,0,2,1,3,1,GD,7,TYP,1,TA,ATTCHD,2000.0,RFN,3,839,TA,TA,Y,0,184,0,0,0,0,,,,0,6,2008-01-01,WD,NORMAL,235000
1356,80,RL,102.0,10192,PAVE,,IR1,LVL,ALLPUB,INSIDE,GTL,NWAMES,NORM,NORM,1FAM,SLVL,7,6,1968-01-01,1992-01-01,GABLE,COMPSHG,METALSD,METALSD,BRKFACE,143.0,TA,TA,CBLOCK,TA,TA,NO,UNF,0,UNF,0,570,570,GASA,GD,Y,SBRKR,1222,698,0,1920,0,0,3,0,4,1,GD,8,TYP,1,TA,ATTCHD,1968.0,RFN,2,487,TA,TA,Y,0,98,0,0,0,0,,GDPRV,,0,9,2006-01-01,WD,NORMAL,170000
1357,20,RL,,9477,PAVE,,REG,LVL,ALLPUB,CORNER,GTL,NAMES,NORM,NORM,1FAM,1STORY,5,5,1966-01-01,1966-01-01,GABLE,COMPSHG,HDBOARD,HDBOARD,BRKFACE,65.0,TA,TA,CBLOCK,TA,TA,NO,REC,340,UNF,0,524,864,GASA,TA,Y,SBRKR,892,0,0,892,0,0,1,0,3,1,TA,5,TYP,0,,ATTCHD,1966.0,RFN,1,264,TA,TA,Y,0,0,0,0,0,0,,GDWO,,0,10,2008-01-01,WD,NORMAL,110000
1358,20,RL,,12537,PAVE,,IR1,LVL,ALLPUB,CULDSAC,GTL,NAMES,NORM,NORM,1FAM,1STORY,5,6,1971-01-01,2008-01-01,GABLE,COMPSHG,VINYLSD,VINYLSD,,0.0,TA,TA,CBLOCK,TA,TA,NO,GLQ,734,UNF,0,344,1078,GASA,EX,Y,SBRKR,1078,0,0,1078,1,0,1,1,3,1,TA,6,TYP,1,FA,ATTCHD,1971.0,FIN,2,500,TA,TA,Y,0,0,0,0,0,0,,,,0,4,2010-01-01,WD,NORMAL,149900
1359,160,FV,,2117,PAVE,,REG,LVL,ALLPUB,INSIDE,GTL,SOMERST,NORM,NORM,TWNHS,2STORY,6,5,2000-01-01,2000-01-01,GABLE,COMPSHG,METALSD,METALSD,BRKFACE,216.0,GD,TA,PCONC,GD,TA,NO,GLQ,378,UNF,0,378,756,GASA,EX,Y,SBRKR,769,804,0,1573,0,0,2,1,3,1,GD,5,TYP,0,,DETCHD,2000.0,UNF,2,440,TA,TA,Y,0,32,0,0,0,0,,,,0,6,2010-01-01,WD,NORMAL,177500
1360,20,RL,129.0,16737,PAVE,,REG,LVL,ALLPUB,FR3,GTL,NRIDGHT,NORM,NORM,1FAM,1STORY,9,5,2004-01-01,2005-01-01,HIP,COMPSHG,VINYLSD,VINYLSD,BRKFACE,66.0,GD,TA,PCONC,EX,TA,AV,GLQ,1447,UNF,0,533,1980,GASA,EX,Y,SBRKR,1980,0,0,1980,1,0,2,0,3,1,EX,8,TYP,1,GD,ATTCHD,2004.0,FIN,3,770,TA,TA,Y,194,45,0,0,0,0,,,,0,9,2006-01-01,WD,NORMAL,315000
1361,70,RL,51.0,9842,PAVE,,REG,LVL,ALLPUB,INSIDE,GTL,SWISU,FEEDR,NORM,1FAM,2STORY,5,6,1921-01-01,1998-01-01,GABLE,COMPSHG,METALSD,WD SDNG,,0.0,TA,TA,BRKTIL,TA,FA,NO,UNF,0,UNF,0,612,612,GASA,EX,Y,SBRKR,990,1611,0,2601,0,0,3,1,4,1,TA,8,TYP,0,,BUILTIN,1998.0,RFN,2,621,TA,TA,Y,183,0,301,0,0,0,,,,0,5,2008-01-01,WD,NORMAL,189000
1362,20,RL,124.0,16158,PAVE,,IR1,LOW,ALLPUB,INSIDE,MOD,STONEBR,NORM,NORM,1FAM,1STORY,7,5,2005-01-01,2005-01-01,HIP,COMPSHG,VINYLSD,VINYLSD,STONE,16.0,GD,TA,PCONC,EX,TA,AV,ALQ,1274,UNF,0,256,1530,GASA,EX,Y,SBRKR,1530,0,0,1530,1,0,2,0,3,1,GD,7,TYP,1,GD,ATTCHD,2005.0,FIN,2,430,TA,TA,Y,168,36,0,0,0,0,,,,0,6,2009-01-01,WD,NORMAL,260000
1363,50,RL,,12513,PAVE,,IR1,LVL,ALLPUB,FR2,GTL,NAMES,FEEDR,NORM,1FAM,1.5FIN,4,4,1920-01-01,2007-01-01,GABLE,COMPSHG,VINYLSD,VINYLSD,,0.0,TA,GD,BRKTIL,TA,FA,NO,UNF,0,UNF,0,715,715,GASA,GD,Y,SBRKR,1281,457,0,1738,0,0,2,0,4,1,TA,7,TYP,1,GD,ATTCHD,1920.0,UNF,1,368,TA,TA,Y,55,0,0,0,0,0,,,,0,6,2009-01-01,WD,NORMAL,104900
1364,60,RL,73.0,8499,PAVE,,IR1,LVL,ALLPUB,INSIDE,GTL,GILBERT,NORM,NORM,1FAM,2STORY,6,5,2006-01-01,2007-01-01,GABLE,COMPSHG,VINYLSD,VINYLSD,,0.0,TA,TA,PCONC,GD,TA,NO,UNF,0,UNF,0,616,616,GASA,EX,Y,SBRKR,616,796,0,1412,0,0,2,1,3,1,GD,6,TYP,1,GD,BUILTIN,2007.0,FIN,2,432,TA,TA,Y,0,36,0,0,0,0,,,,0,3,2007-01-01,NEW,PARTIAL,156932
1365,160,FV,30.0,3180,PAVE,PAVE,REG,LVL,ALLPUB,INSIDE,GTL,SOMERST,NORM,NORM,TWNHSE,2STORY,7,5,2005-01-01,2005-01-01,GABLE,COMPSHG,METALSD,METALSD,,0.0,GD,TA,PCONC,GD,TA,NO,UNF,0,UNF,0,600,600,GASA,EX,Y,SBRKR,520,600,80,1200,0,0,2,1,2,1,GD,4,TYP,0,,DETCHD,2005.0,RFN,2,480,TA,TA,Y,0,166,0,0,0,0,,,,0,4,2006-01-01,WD,ABNORML,144152
1366,60,FV,,7500,PAVE,,REG,LVL,ALLPUB,INSIDE,GTL,SOMERST,NORM,NORM,1FAM,2STORY,7,5,2000-01-01,2000-01-01,GABLE,COMPSHG,VINYLSD,VINYLSD,,0.0,GD,TA,PCONC,GD,TA,NO,GLQ,533,UNF,0,281,814,GASA,EX,Y,SBRKR,814,860,0,1674,1,0,2,1,3,1,GD,7,TYP,0,,ATTCHD,2000.0,RFN,2,663,TA,TA,Y,0,96,0,0,0,0,,,,0,1,2010-01-01,WD,NORMAL,216000
1367,60,RL,68.0,9179,PAVE,,IR1,LVL,ALLPUB,INSIDE,GTL,COLLGCR,NORM,NORM,1FAM,2STORY,7,5,1999-01-01,1999-01-01,GABLE,COMPSHG,VINYLSD,VINYLSD,BRKFACE,158.0,GD,TA,PCONC,GD,TA,NO,GLQ,633,UNF,0,240,873,GASA,EX,Y,SBRKR,882,908,0,1790,1,0,2,1,3,1,GD,7,TYP,0,,ATTCHD,1999.0,RFN,2,588,TA,TA,Y,0,88,0,0,0,0,,,,0,6,2008-01-01,WD,ABNORML,193000
1368,160,RM,41.0,2665,PAVE,,REG,LVL,ALLPUB,INSIDE,GTL,MEADOWV,NORM,NORM,TWNHSE,2STORY,5,6,1977-01-01,1977-01-01,GABLE,COMPSHG,CEMNTBD,CMENTBD,,0.0,TA,TA,PCONC,TA,TA,NO,ALQ,548,REC,173,36,757,GASA,EX,Y,SBRKR,925,550,0,1475,0,0,2,0,4,1,TA,6,TYP,1,TA,ATTCHD,1977.0,RFN,1,336,TA,TA,Y,104,26,0,0,0,0,,,,0,7,2006-01-01,WD,NORMAL,127000
1369,120,RM,,4435,PAVE,,REG,LVL,ALLPUB,INSIDE,GTL,COLLGCR,NORM,NORM,TWNHSE,1STORY,6,5,2003-01-01,2004-01-01,GABLE,COMPSHG,VINYLSD,VINYLSD,BRKFACE,170.0,GD,TA,PCONC,GD,TA,AV,GLQ,685,UNF,0,163,848,GASA,EX,Y,SBRKR,848,0,0,848,1,0,1,0,1,1,GD,4,TYP,0,,ATTCHD,2003.0,FIN,2,420,TA,TA,Y,140,0,0,0,0,0,,,,0,6,2009-01-01,WD,NORMAL,144000
1370,20,RL,48.0,10635,PAVE,,IR2,LVL,ALLPUB,FR2,GTL,COLLGCR,NORM,NORM,1FAM,1STORY,8,5,2003-01-01,2003-01-01,HIP,COMPSHG,VINYLSD,VINYLSD,BRKFACE,171.0,GD,TA,PCONC,GD,TA,AV,BLQ,370,GLQ,972,315,1657,GASA,EX,Y,SBRKR,1668,0,0,1668,1,0,2,0,3,1,GD,8,TYP,1,TA,ATTCHD,2003.0,FIN,2,502,TA,TA,Y,0,262,0,0,0,0,,,,0,5,2010-01-01,WD,NORMAL,232000
1371,50,RL,90.0,5400,PAVE,,REG,LVL,ALLPUB,CORNER,GTL,OLDTOWN,ARTERY,NORM,1FAM,1.5FIN,4,6,1920-01-01,1950-01-01,GABLE,COMPSHG,CBLOCK,CBLOCK,,0.0,FA,TA,PCONC,TA,TA,NO,ALQ,315,REC,105,420,840,GASA,EX,Y,SBRKR,840,534,0,1374,0,0,1,0,2,1,TA,6,TYP,0,,DETCHD,1967.0,FIN,1,338,TA,TA,Y,0,0,198,0,0,0,,,,0,10,2009-01-01,WD,NORMAL,105000
1372,80,RL,80.0,9600,PAVE,,REG,LVL,ALLPUB,INSIDE,GTL,NAMES,NORM,NORM,1FAM,SLVL,6,6,1955-01-01,1996-01-01,HIP,COMPSHG,ASBSHNG,ASBSHNG,,0.0,TA,TA,CBLOCK,TA,TA,AV,BLQ,831,UNF,0,161,992,GASA,GD,Y,SBRKR,1661,0,0,1661,1,0,1,0,3,1,GD,8,TYP,1,TA,BUILTIN,1955.0,RFN,1,377,TA,TA,Y,0,28,0,0,178,0,,MNPRV,,0,10,2008-01-01,WD,NORMAL,165500
1373,60,RL,75.0,9750,PAVE,,REG,LVL,ALLPUB,CORNER,GTL,COLLGCR,NORM,NORM,1FAM,2STORY,7,6,1998-01-01,1998-01-01,GABLE,COMPSHG,VINYLSD,VINYLSD,,0.0,TA,TA,PCONC,GD,TA,AV,GLQ,975,UNF,0,133,1108,GASA,EX,Y,SBRKR,1108,989,0,2097,1,0,2,1,3,1,GD,8,TYP,1,TA,DETCHD,1998.0,RFN,2,583,TA,TA,Y,253,170,0,0,0,0,,,,0,6,2006-01-01,WD,NORMAL,274300
1374,20,RL,,11400,PAVE,,REG,LVL,ALLPUB,INSIDE,GTL,NORIDGE,NORM,NORM,1FAM,1STORY,10,5,2001-01-01,2002-01-01,HIP,COMPSHG,VINYLSD,VINYLSD,BRKFACE,705.0,EX,TA,PCONC,EX,TA,GD,GLQ,1282,UNF,0,1351,2633,GASA,EX,Y,SBRKR,2633,0,0,2633,1,0,2,1,2,1,EX,8,TYP,2,GD,ATTCHD,2001.0,RFN,3,804,TA,TA,Y,314,140,0,0,0,0,,,,0,3,2007-01-01,WD,NORMAL,466500
1375,60,FV,85.0,10625,PAVE,,REG,LVL,ALLPUB,INSIDE,GTL,SOMERST,NORM,NORM,1FAM,2STORY,7,5,2005-01-01,2005-01-01,GABLE,COMPSHG,CEMNTBD,CMENTBD,,0.0,GD,TA,PCONC,GD,TA,NO,UNF,0,UNF,0,1026,1026,GASA,EX,Y,SBRKR,1026,932,0,1958,0,0,2,1,3,1,GD,9,TYP,1,GD,ATTCHD,2005.0,FIN,3,936,TA,TA,Y,154,210,0,0,0,0,,,,0,7,2008-01-01,WD,NORMAL,250000
1376,20,RL,89.0,10991,PAVE,,IR1,HLS,ALLPUB,INSIDE,GTL,TIMBER,NORM,NORM,1FAM,1STORY,8,5,2007-01-01,2007-01-01,GABLE,COMPSHG,VINYLSD,VINYLSD,BRKFACE,80.0,GD,TA,PCONC,GD,TA,GD,UNF,0,UNF,0,1571,1571,GASA,EX,Y,SBRKR,1571,0,0,1571,0,0,2,0,3,1,GD,7,TYP,1,GD,ATTCHD,2007.0,FIN,3,722,TA,TA,Y,100,36,0,0,0,0,,,,0,12,2007-01-01,NEW,PARTIAL,239000
1377,30,RL,52.0,6292,PAVE,,REG,BNK,ALLPUB,INSIDE,GTL,SWISU,NORM,NORM,1FAM,1STORY,6,5,1930-01-01,1950-01-01,GABLE,COMPSHG,WD SDNG,WD SDNG,,0.0,TA,TA,BRKTIL,GD,TA,MN,REC,384,UNF,0,384,768,GASA,TA,N,SBRKR,790,0,0,790,0,0,1,0,2,1,TA,4,TYP,0,,DETCHD,1925.0,UNF,1,160,FA,TA,Y,0,141,0,0,0,0,,,,0,4,2008-01-01,WD,NORMAL,91000
1378,50,RL,60.0,10998,PAVE,GRVL,REG,LVL,ALLPUB,INSIDE,GTL,EDWARDS,NORM,NORM,1FAM,1.5FIN,5,5,1941-01-01,1960-01-01,GABLE,COMPSHG,WD SDNG,WD SDNG,,0.0,TA,TA,CBLOCK,TA,TA,NO,LWQ,408,BLQ,420,156,984,GASA,EX,Y,SBRKR,984,620,0,1604,0,0,2,0,3,1,TA,6,MIN2,0,,DETCHD,1977.0,UNF,2,660,TA,TA,Y,0,68,0,0,0,0,,,,0,7,2009-01-01,WD,NORMAL,117000
1379,160,RM,21.0,1953,PAVE,,REG,LVL,ALLPUB,INSIDE,GTL,BRDALE,NORM,NORM,TWNHS,2STORY,6,5,1973-01-01,1973-01-01,GABLE,COMPSHG,HDBOARD,HDBOARD,BRKFACE,408.0,TA,TA,CBLOCK,TA,FA,NO,BLQ,309,UNF,0,174,483,GASA,TA,Y,SBRKR,483,504,0,987,0,0,1,1,2,1,TA,5,TYP,0,,DETCHD,1973.0,UNF,1,264,TA,TA,Y,72,0,0,0,0,0,,,,0,6,2006-01-01,WD,NORMAL,83000
1380,80,RL,73.0,9735,PAVE,,REG,LVL,ALLPUB,INSIDE,GTL,TIMBER,NORM,NORM,1FAM,SLVL,5,5,2006-01-01,2007-01-01,GABLE,COMPSHG,VINYLSD,VINYLSD,,0.0,TA,TA,PCONC,GD,TA,NO,UNF,0,UNF,0,384,384,GASA,GD,Y,,754,640,0,1394,0,0,2,1,3,1,GD,7,TYP,0,,BUILTIN,2007.0,FIN,2,400,TA,TA,Y,100,0,0,0,0,0,,,,0,5,2008-01-01,WD,NORMAL,167500
1381,30,RL,45.0,8212,PAVE,GRVL,REG,LVL,ALLPUB,INSIDE,GTL,EDWARDS,NORM,NORM,1FAM,1STORY,3,3,1914-01-01,1950-01-01,GABLE,COMPSHG,STUCCO,STUCCO,,0.0,TA,FA,BRKTIL,TA,FA,NO,REC,203,UNF,0,661,864,GASA,TA,N,FUSEF,864,0,0,864,1,0,1,0,2,1,TA,5,TYP,0,,DETCHD,1938.0,UNF,1,200,TA,FA,Y,0,0,96,0,0,0,,,,0,6,2010-01-01,WD,NORMAL,58500
1382,20,RL,,12925,PAVE,,IR1,LVL,ALLPUB,CORNER,GTL,NAMES,NORM,NORM,1FAM,1STORY,6,7,1970-01-01,1970-01-01,GABLE,COMPSHG,BRKFACE,PLYWOOD,,0.0,TA,TA,CBLOCK,TA,TA,MN,BLQ,865,UNF,0,340,1205,GASA,EX,Y,SBRKR,2117,0,0,2117,0,0,2,1,4,1,TA,7,TYP,2,GD,ATTCHD,1970.0,FIN,2,550,TA,TA,Y,0,42,0,0,0,0,,,,0,5,2008-01-01,WD,NORMAL,237500
1383,70,RM,60.0,7200,PAVE,,REG,LVL,ALLPUB,CORNER,GTL,OLDTOWN,NORM,NORM,1FAM,2STORY,7,7,1920-01-01,1950-01-01,HIP,COMPSHG,WD SDNG,WD SDNG,,0.0,TA,TA,BRKTIL,FA,TA,NO,UNF,0,UNF,0,596,596,GASA,EX,Y,SBRKR,998,764,0,1762,1,0,1,1,4,1,GD,8,TYP,0,,DETCHD,1989.0,UNF,2,576,TA,TA,N,36,0,221,0,0,0,,,,0,10,2006-01-01,WD,NORMAL,157000
1384,30,RL,,25339,PAVE,,REG,LVL,ALLPUB,INSIDE,GTL,SAWYER,NORM,NORM,1FAM,1STORY,5,7,1918-01-01,2007-01-01,GABLE,COMPSHG,WD SDNG,WD SDNG,,0.0,TA,GD,BRKTIL,TA,TA,NO,UNF,0,UNF,0,816,816,GASA,EX,Y,SBRKR,1416,0,0,1416,0,0,2,0,3,1,GD,7,TYP,0,,ATTCHD,2007.0,UNF,2,576,TA,TA,N,0,0,112,0,0,0,,,,0,8,2007-01-01,WD,NORMAL,112000
1385,50,RL,60.0,9060,PAVE,,REG,LVL,ALLPUB,INSIDE,GTL,EDWARDS,NORM,NORM,1FAM,1.5FIN,6,5,1939-01-01,1950-01-01,GABLE,COMPSHG,WDSHING,WD SHNG,,0.0,TA,TA,BRKTIL,TA,TA,MN,REC,204,UNF,0,356,560,GASA,TA,Y,SBRKR,698,560,0,1258,0,0,1,0,2,1,TA,6,TYP,0,,DETCHD,1939.0,UNF,1,280,TA,TA,P,0,0,0,0,0,0,,MNPRV,,0,10,2009-01-01,WD,NORMAL,105000
1386,50,RM,40.0,5436,PAVE,,REG,LVL,ALLPUB,INSIDE,GTL,IDOTRR,NORM,NORM,1FAM,1.5FIN,4,8,1922-01-01,2007-01-01,GABLE,COMPSHG,VINYLSD,VINYLSD,,0.0,TA,GD,BRKTIL,TA,TA,NO,BLQ,735,UNF,0,61,796,GASA,GD,Y,SBRKR,796,358,0,1154,1,0,1,0,3,1,GD,7,TYP,0,,DETCHD,1922.0,UNF,1,240,TA,TA,N,0,96,0,0,0,0,,MNPRV,,0,5,2010-01-01,WD,NORMAL,125500
1387,60,RL,80.0,16692,PAVE,,IR1,LVL,ALLPUB,INSIDE,GTL,NWAMES,RRAN,NORM,1FAM,2STORY,7,5,1978-01-01,1978-01-01,GABLE,COMPSHG,PLYWOOD,PLYWOOD,BRKFACE,184.0,TA,TA,CBLOCK,GD,TA,NO,BLQ,790,LWQ,469,133,1392,GASA,TA,Y,SBRKR,1392,1392,0,2784,1,0,3,1,5,1,GD,12,TYP,2,TA,ATTCHD,1978.0,RFN,2,564,TA,TA,Y,0,112,0,0,440,519,FA,MNPRV,TENC,2000,7,2006-01-01,WD,NORMAL,250000
1388,50,RM,60.0,8520,PAVE,GRVL,REG,LVL,ALLPUB,INSIDE,GTL,OLDTOWN,ARTERY,NORM,1FAM,1.5FIN,6,7,1916-01-01,1950-01-01,GABLE,COMPSHG,STUCCO,STUCCO,,0.0,TA,GD,BRKTIL,TA,TA,NO,REC,168,LWQ,546,0,714,GASW,TA,N,SBRKR,1664,862,0,2526,0,0,2,0,5,1,GD,10,TYP,1,GD,DETCHD,1916.0,UNF,1,216,TA,TA,Y,88,15,0,0,0,0,,GDWO,,0,8,2007-01-01,CWD,FAMILY,136000
1389,20,RL,42.0,14892,PAVE,,IR1,HLS,ALLPUB,CULDSAC,GTL,GILBERT,NORM,NORM,1FAM,1STORY,9,5,2006-01-01,2007-01-01,GABLE,COMPSHG,VINYLSD,VINYLSD,STONE,160.0,EX,TA,PCONC,EX,TA,GD,GLQ,1320,UNF,0,426,1746,GASA,EX,Y,SBRKR,1746,0,0,1746,1,0,2,0,3,1,EX,7,TYP,2,GD,ATTCHD,2006.0,FIN,3,758,TA,TA,Y,201,39,0,0,0,0,,,,0,10,2009-01-01,WD,NORMAL,377500
1390,50,RM,60.0,6000,PAVE,,REG,LVL,ALLPUB,INSIDE,GTL,BRKSIDE,NORM,NORM,1FAM,1.5FIN,6,6,1941-01-01,1950-01-01,GABLE,COMPSHG,WD SDNG,WD SDNG,,0.0,TA,GD,BRKTIL,TA,GD,NO,ALQ,375,UNF,0,360,735,GASA,EX,Y,SBRKR,869,349,0,1218,0,1,1,0,3,1,TA,6,TYP,1,GD,DETCHD,2003.0,UNF,2,440,TA,TA,Y,0,0,0,0,0,0,,,,0,3,2007-01-01,WD,NORMAL,131000
1391,20,RL,70.0,9100,PAVE,,REG,LVL,ALLPUB,INSIDE,GTL,COLLGCR,NORM,NORM,1FAM,1STORY,7,5,2000-01-01,2000-01-01,GABLE,COMPSHG,VINYLSD,VINYLSD,BRKFACE,244.0,GD,TA,PCONC,GD,TA,AV,GLQ,1400,UNF,0,125,1525,GASA,EX,Y,SBRKR,1525,0,0,1525,1,0,2,0,3,1,GD,6,TYP,0,,ATTCHD,2000.0,RFN,2,541,TA,TA,Y,219,36,0,0,0,0,,,,0,9,2006-01-01,WD,NORMAL,235000
1392,90,RL,65.0,8944,PAVE,,REG,LVL,ALLPUB,INSIDE,GTL,NAMES,NORM,NORM,DUPLEX,1STORY,5,5,1967-01-01,1967-01-01,GABLE,COMPSHG,PLYWOOD,PLYWOOD,,0.0,TA,TA,CBLOCK,TA,TA,NO,UNF,0,UNF,0,1584,1584,GASA,TA,Y,SBRKR,1584,0,0,1584,0,0,2,0,4,2,TA,8,MOD,0,,DETCHD,1967.0,UNF,3,792,TA,TA,Y,0,152,0,0,0,0,,,,0,4,2009-01-01,WD,NORMAL,124000
1393,85,RL,68.0,7838,PAVE,,REG,LVL,ALLPUB,INSIDE,GTL,NAMES,NORM,NORM,1FAM,SFOYER,5,5,1967-01-01,1967-01-01,GABLE,COMPSHG,HDBOARD,HDBOARD,,0.0,TA,TA,CBLOCK,TA,TA,AV,ALQ,769,UNF,0,95,864,GASA,TA,Y,SBRKR,900,0,0,900,1,0,1,0,3,1,TA,6,TYP,1,PO,ATTCHD,1967.0,RFN,1,288,TA,TA,Y,175,144,0,0,0,0,,MNWW,,0,12,2006-01-01,WD,NORMAL,123000
1394,190,RM,60.0,10800,PAVE,PAVE,REG,LVL,ALLPUB,INSIDE,GTL,OLDTOWN,NORM,NORM,2FMCON,1.5FIN,6,7,1905-01-01,2000-01-01,GABLE,COMPSHG,WD SDNG,WD SDNG,,0.0,TA,TA,BRKTIL,FA,TA,NO,UNF,0,UNF,0,482,482,GASA,EX,N,SBRKR,1221,691,0,1912,0,0,2,0,3,2,TA,7,TYP,1,TA,DETCHD,2003.0,UNF,2,672,GD,TA,Y,0,25,212,0,0,0,,,,0,4,2008-01-01,WD,NORMAL,163000
1395,120,RL,53.0,4045,PAVE,,REG,LVL,ALLPUB,INSIDE,GTL,BLMNGTN,NORM,NORM,TWNHSE,1STORY,7,5,2006-01-01,2006-01-01,HIP,COMPSHG,VINYLSD,VINYLSD,BRKFACE,45.0,GD,TA,PCONC,GD,TA,AV,GLQ,1070,UNF,0,286,1356,GASA,EX,Y,SBRKR,1500,0,0,1500,1,0,2,0,2,1,GD,6,TYP,1,GD,ATTCHD,2006.0,FIN,3,648,TA,TA,Y,161,20,0,0,0,0,,,,0,10,2006-01-01,NEW,PARTIAL,246578
1396,60,RL,88.0,12665,PAVE,,IR1,LVL,ALLPUB,INSIDE,GTL,TIMBER,NORM,NORM,1FAM,2STORY,8,5,2005-01-01,2006-01-01,HIP,COMPSHG,VINYLSD,VINYLSD,BRKFACE,245.0,GD,TA,PCONC,GD,GD,GD,UNF,0,UNF,0,1094,1094,GASA,EX,Y,SBRKR,1133,1349,0,2482,0,0,2,1,4,1,GD,9,TYP,1,GD,BUILTIN,2005.0,FIN,3,642,TA,TA,Y,144,39,0,0,0,0,,,,0,2,2007-01-01,WD,NORMAL,281213
1397,20,RL,,57200,PAVE,,IR1,BNK,ALLPUB,INSIDE,SEV,TIMBER,NORM,NORM,1FAM,1STORY,5,5,1948-01-01,1950-01-01,GABLE,COMPSHG,WD SDNG,WD SDNG,,0.0,TA,TA,CBLOCK,TA,TA,AV,BLQ,353,REC,334,60,747,GASA,TA,Y,SBRKR,1687,0,0,1687,1,0,1,0,3,1,TA,7,MIN1,2,TA,DETCHD,1966.0,UNF,2,572,TA,TA,N,0,0,50,0,0,0,,,,0,6,2010-01-01,WD,NORMAL,160000
1398,70,RM,51.0,6120,PAVE,,REG,LVL,ALLPUB,INSIDE,GTL,BRKSIDE,NORM,NORM,1FAM,2STORY,5,8,1920-01-01,2004-01-01,GABLE,COMPSHG,METALSD,METALSD,,0.0,TA,TA,BRKTIL,TA,TA,MN,UNF,0,UNF,0,939,939,GASA,EX,Y,SBRKR,939,574,0,1513,0,0,1,1,4,1,TA,8,TYP,0,,DETCHD,1933.0,UNF,1,180,FA,FA,N,24,0,150,0,0,0,,,,0,5,2007-01-01,WD,NORMAL,137500
1399,50,RL,60.0,7200,PAVE,,REG,LVL,ALLPUB,INSIDE,GTL,NAMES,NORM,NORM,1FAM,1.5FIN,5,4,1950-01-01,1982-01-01,GABLE,COMPSHG,VINYLSD,WD SDNG,,0.0,TA,TA,CBLOCK,TA,TA,NO,REC,180,BLQ,352,676,1208,GASA,GD,Y,FUSEA,1136,768,0,1904,1,0,1,1,3,1,TA,7,MIN1,0,,ATTCHD,1950.0,UNF,1,240,TA,TA,Y,0,0,168,0,0,0,,GDPRV,,0,5,2009-01-01,WD,NORMAL,138000
1400,50,RL,51.0,6171,PAVE,,REG,LVL,ALLPUB,INSIDE,GTL,SWISU,NORM,NORM,1FAM,1.5FIN,6,6,1925-01-01,1990-01-01,GABLE,COMPSHG,WDSHING,WD SHNG,,0.0,TA,TA,BRKTIL,TA,TA,NO,BLQ,264,UNF,0,712,976,GASA,EX,Y,SBRKR,1160,448,0,1608,0,0,2,1,3,1,GD,7,TYP,1,GD,DETCHD,1925.0,UNF,1,216,FA,TA,Y,147,16,0,0,0,0,,MNPRV,,0,10,2009-01-01,WD,NORMAL,137450
1401,50,RM,50.0,6000,PAVE,,REG,LVL,ALLPUB,CORNER,GTL,BRKSIDE,NORM,NORM,1FAM,1.5FIN,6,7,1929-01-01,1950-01-01,GABLE,COMPSHG,WDSHING,WD SHNG,,0.0,TA,TA,BRKTIL,TA,TA,NO,UNF,0,UNF,0,862,862,GASA,TA,Y,SBRKR,950,208,0,1158,0,0,1,0,3,1,TA,5,TYP,1,GD,BUILTIN,1929.0,RFN,1,208,TA,TA,Y,0,0,112,0,0,0,,,,0,7,2008-01-01,WD,NORMAL,120000
1402,60,RL,62.0,7415,PAVE,,IR1,LVL,ALLPUB,INSIDE,GTL,GILBERT,NORM,NORM,1FAM,2STORY,6,5,2004-01-01,2004-01-01,GABLE,COMPSHG,VINYLSD,VINYLSD,,0.0,TA,TA,PCONC,TA,TA,NO,GLQ,759,UNF,0,80,839,GASA,EX,Y,SBRKR,864,729,0,1593,1,0,2,1,3,1,TA,8,TYP,1,TA,ATTCHD,2004.0,FIN,2,398,TA,TA,Y,100,75,0,0,0,0,,,,0,4,2008-01-01,WD,NORMAL,193000
1403,20,RL,64.0,6762,PAVE,,REG,LVL,ALLPUB,INSIDE,GTL,COLLGCR,NORM,NORM,1FAM,1STORY,7,5,2006-01-01,2006-01-01,GABLE,COMPSHG,VINYLSD,VINYLSD,,0.0,GD,TA,PCONC,GD,GD,AV,UNF,0,UNF,0,1286,1286,GASA,EX,Y,SBRKR,1294,0,0,1294,0,0,2,0,2,1,GD,6,TYP,1,GD,ATTCHD,2006.0,RFN,2,662,TA,TA,Y,168,55,0,0,0,0,,,,0,7,2006-01-01,NEW,PARTIAL,193879
1404,20,RL,49.0,15256,PAVE,,IR1,LVL,ALLPUB,CULDSAC,GTL,SOMERST,RRAN,NORM,1FAM,1STORY,8,5,2007-01-01,2007-01-01,GABLE,COMPSHG,VINYLSD,VINYLSD,STONE,84.0,GD,TA,PCONC,GD,TA,GD,GLQ,929,UNF,0,556,1485,GASA,EX,Y,SBRKR,1464,0,0,1464,1,0,2,0,3,1,GD,6,TYP,0,,ATTCHD,2007.0,UNF,3,754,TA,TA,Y,168,160,0,0,0,0,,,,0,8,2007-01-01,WD,NORMAL,282922
1405,50,RL,60.0,10410,PAVE,GRVL,REG,LVL,ALLPUB,CORNER,GTL,OLDTOWN,ARTERY,NORM,1FAM,1.5FIN,3,4,1915-01-01,1950-01-01,GABLE,COMPSHG,WD SDNG,WD SDNG,,0.0,TA,TA,PCONC,TA,TA,NO,UNF,0,UNF,0,672,672,GASA,TA,Y,SBRKR,694,520,0,1214,0,0,1,0,3,1,TA,6,TYP,0,,DETCHD,1998.0,UNF,3,936,TA,TA,Y,216,0,160,0,0,0,,MNPRV,,0,1,2006-01-01,WD,FAMILY,105000
1406,120,RM,44.0,3842,PAVE,,IR1,HLS,ALLPUB,INSIDE,MOD,CRAWFOR,NORM,NORM,TWNHSE,1STORY,8,5,2004-01-01,2005-01-01,HIP,COMPSHG,CEMNTBD,CMENTBD,STONE,174.0,GD,TA,PCONC,EX,TA,GD,GLQ,1373,UNF,0,221,1594,GASA,EX,Y,SBRKR,1646,0,0,1646,1,1,2,0,2,1,GD,5,TYP,1,GD,ATTCHD,2004.0,FIN,2,482,TA,TA,Y,128,53,0,0,155,0,,,,0,1,2008-01-01,WD,NORMAL,275000
1407,85,RL,70.0,8445,PAVE,,REG,LVL,ALLPUB,CORNER,GTL,COLLGCR,NORM,NORM,1FAM,SFOYER,5,7,1972-01-01,2007-01-01,GABLE,COMPSHG,HDBOARD,WD SHNG,,0.0,TA,TA,CBLOCK,GD,TA,AV,GLQ,656,UNF,0,112,768,GASA,TA,Y,SBRKR,768,0,0,768,1,0,1,0,2,1,TA,5,TYP,0,,DETCHD,1988.0,UNF,2,396,TA,TA,Y,58,0,0,0,0,0,,MNPRV,,0,3,2009-01-01,WD,NORMAL,133000
1408,20,RL,,8780,PAVE,,IR1,LVL,ALLPUB,CORNER,GTL,MITCHEL,NORM,NORM,1FAM,1STORY,5,5,1985-01-01,1985-01-01,GABLE,COMPSHG,HDBOARD,PLYWOOD,,0.0,TA,TA,CBLOCK,TA,TA,NO,ALQ,625,UNF,0,208,833,GASA,EX,Y,SBRKR,833,0,0,833,1,0,1,0,3,1,TA,5,TYP,0,,,,,0,0,,,Y,0,0,0,0,0,0,,MNPRV,,0,3,2009-01-01,WD,NORMAL,112000
1409,70,RM,60.0,7740,PAVE,,REG,LVL,ALLPUB,INSIDE,GTL,OLDTOWN,NORM,NORM,1FAM,2STORY,4,7,1910-01-01,1950-01-01,GABLE,COMPSHG,VINYLSD,VINYLSD,,0.0,TA,TA,CBLOCK,FA,TA,NO,UNF,0,UNF,0,622,622,GASA,GD,Y,SBRKR,741,622,0,1363,0,0,1,0,3,1,TA,6,TYP,0,,DETCHD,1966.0,UNF,2,528,TA,TA,Y,0,0,0,0,168,0,,,,0,6,2010-01-01,WD,NORMAL,125500
1410,60,RL,46.0,20544,PAVE,,IR1,LVL,ALLPUB,CULDSAC,GTL,NWAMES,NORM,NORM,1FAM,2STORY,7,6,1986-01-01,1991-01-01,GABLE,COMPSHG,PLYWOOD,PLYWOOD,BRKFACE,123.0,TA,GD,CBLOCK,GD,TA,NO,UNF,0,UNF,0,791,791,GASA,GD,Y,SBRKR,1236,857,0,2093,0,0,2,1,3,1,TA,7,TYP,1,TA,ATTCHD,1986.0,FIN,2,542,TA,TA,Y,364,63,0,0,0,0,,MNPRV,,0,11,2008-01-01,WD,NORMAL,215000
1411,60,RL,79.0,12420,PAVE,,REG,LVL,ALLPUB,INSIDE,GTL,COLLGCR,NORM,NORM,1FAM,2STORY,7,5,2001-01-01,2001-01-01,GABLE,COMPSHG,VINYLSD,VINYLSD,,0.0,GD,TA,PCONC,GD,TA,NO,GLQ,666,UNF,0,278,944,GASA,EX,Y,SBRKR,944,896,0,1840,1,0,2,1,3,1,GD,6,TYP,0,,ATTCHD,2001.0,RFN,2,622,TA,TA,Y,0,45,0,0,0,0,,,,0,6,2009-01-01,WD,NORMAL,230000
1412,50,RL,80.0,9600,PAVE,,REG,LVL,ALLPUB,INSIDE,GTL,NAMES,NORM,NORM,1FAM,1.5FIN,6,8,1950-01-01,2005-01-01,GABLE,COMPSHG,VINYLSD,VINYLSD,,0.0,TA,GD,CBLOCK,TA,TA,NO,BLQ,120,UNF,0,736,856,GASA,EX,Y,SBRKR,1112,556,0,1668,0,0,1,1,3,1,TA,6,MIN2,0,,ATTCHD,1950.0,UNF,1,271,TA,TA,Y,0,0,0,0,0,0,,MNPRV,,0,9,2009-01-01,WD,NORMAL,140000
1413,90,RL,60.0,7200,PAVE,,REG,LVL,ALLPUB,INSIDE,GTL,NAMES,NORM,NORM,DUPLEX,1STORY,4,5,1949-01-01,1950-01-01,GABLE,COMPSHG,BRKFACE,STONE,,0.0,TA,TA,SLAB,,,,,0,,0,0,0,WALL,FA,N,FUSEF,1040,0,0,1040,0,0,2,0,2,2,TA,6,TYP,0,,DETCHD,1956.0,UNF,2,420,TA,TA,Y,0,0,0,0,0,0,,,,0,6,2009-01-01,WD,NORMAL,90000
1414,20,RL,88.0,10994,PAVE,,IR1,LVL,ALLPUB,CORNER,GTL,SAWYERW,NORM,NORM,1FAM,1STORY,8,5,2005-01-01,2006-01-01,GABLE,COMPSHG,VINYLSD,VINYLSD,STONE,366.0,GD,TA,PCONC,GD,GD,NO,GLQ,976,UNF,0,868,1844,GASA,EX,Y,SBRKR,1844,0,0,1844,1,0,2,0,2,1,GD,7,TYP,1,GD,ATTCHD,2005.0,FIN,2,620,TA,TA,Y,165,44,0,0,0,0,,,,0,9,2009-01-01,COD,ABNORML,257000
1415,50,RL,64.0,13053,PAVE,PAVE,REG,BNK,ALLPUB,INSIDE,GTL,BRKSIDE,NORM,NORM,1FAM,1.5FIN,6,7,1923-01-01,2000-01-01,GAMBREL,COMPSHG,WD SDNG,WD SDNG,,0.0,TA,TA,BRKTIL,TA,TA,NO,UNF,0,UNF,0,833,833,GASA,GD,Y,SBRKR,1053,795,0,1848,0,0,1,1,4,1,GD,8,TYP,1,GD,DETCHD,1922.0,UNF,2,370,TA,TA,N,0,0,0,0,220,0,,,,0,6,2008-01-01,WD,NORMAL,207000
1416,120,RL,51.0,3635,PAVE,,REG,LVL,ALLPUB,INSIDE,GTL,BLMNGTN,NORM,NORM,TWNHSE,1STORY,7,5,2007-01-01,2007-01-01,HIP,COMPSHG,VINYLSD,VINYLSD,BRKFACE,130.0,GD,TA,PCONC,GD,TA,NO,ALQ,988,UNF,0,398,1386,GASA,EX,Y,SBRKR,1569,0,0,1569,0,1,2,0,1,1,GD,7,TYP,1,TA,ATTCHD,2007.0,RFN,3,660,TA,TA,Y,143,20,0,0,0,0,,,,0,5,2009-01-01,WD,NORMAL,175900
1417,190,RM,60.0,11340,PAVE,,REG,LVL,ALLPUB,INSIDE,GTL,OLDTOWN,NORM,NORM,2FMCON,2STORY,4,6,1885-01-01,1950-01-01,GABLE,COMPSHG,VINYLSD,ASBSHNG,,0.0,TA,TA,PCONC,TA,TA,NO,UNF,0,UNF,0,777,777,GASA,GD,Y,SBRKR,1246,1044,0,2290,0,0,2,0,4,2,TA,11,TYP,0,,DETCHD,1971.0,UNF,2,560,TA,TA,N,0,0,114,0,0,0,,,,0,4,2010-01-01,WD,NORMAL,122500
1418,60,RL,,16545,PAVE,,IR1,LVL,ALLPUB,INSIDE,GTL,NORIDGE,NORM,NORM,1FAM,2STORY,8,5,1998-01-01,1998-01-01,GABLE,COMPSHG,VINYLSD,VINYLSD,BRKFACE,731.0,GD,TA,PCONC,GD,TA,MN,GLQ,781,UNF,0,503,1284,GASA,EX,Y,SBRKR,1310,1140,0,2450,1,0,2,1,3,1,GD,7,TYP,1,TA,ATTCHD,1998.0,FIN,3,1069,TA,TA,Y,0,126,0,0,0,0,,,,0,5,2009-01-01,WD,NORMAL,340000
1419,20,RL,71.0,9204,PAVE,,REG,LVL,ALLPUB,INSIDE,GTL,NAMES,NORM,NORM,1FAM,1STORY,5,5,1963-01-01,1963-01-01,GABLE,COMPSHG,HDBOARD,HDBOARD,,0.0,TA,TA,CBLOCK,TA,TA,NO,BLQ,25,REC,872,247,1144,GASA,TA,Y,SBRKR,1144,0,0,1144,1,0,1,1,3,1,TA,6,TYP,0,,DETCHD,1962.0,UNF,1,336,TA,TA,Y,0,88,0,0,0,0,,,,0,8,2008-01-01,COD,NORMAL,124000
1420,20,RL,,16381,PAVE,,IR1,LVL,ALLPUB,INSIDE,GTL,CRAWFOR,NORM,NORM,1FAM,1STORY,6,5,1969-01-01,1969-01-01,GABLE,COMPSHG,PLYWOOD,PLYWOOD,BRKFACE,312.0,GD,GD,CBLOCK,TA,TA,AV,REC,1110,UNF,0,734,1844,GASA,GD,Y,SBRKR,1844,0,0,1844,1,0,2,0,3,1,GD,7,TYP,1,TA,ATTCHD,1969.0,RFN,2,540,TA,TA,Y,0,73,216,0,0,0,,,,0,12,2006-01-01,WD,NORMAL,223000
1421,60,RL,90.0,11700,PAVE,,REG,LVL,ALLPUB,CORNER,GTL,NWAMES,NORM,NORM,1FAM,2STORY,6,6,1968-01-01,1968-01-01,GABLE,COMPSHG,HDBOARD,HDBOARD,BRKFACE,420.0,TA,TA,CBLOCK,TA,TA,NO,ALQ,404,UNF,0,304,708,GASA,GD,Y,SBRKR,708,708,0,1416,0,0,2,1,3,1,TA,7,TYP,1,TA,ATTCHD,1968.0,RFN,2,776,TA,TA,Y,0,169,0,0,119,0,,,,0,5,2006-01-01,WD,NORMAL,179900
1422,120,RL,53.0,4043,PAVE,,REG,LVL,ALLPUB,INSIDE,GTL,NPKVILL,NORM,NORM,TWNHSE,1STORY,6,5,1977-01-01,1977-01-01,GABLE,COMPSHG,PLYWOOD,PLYWOOD,,0.0,TA,TA,CBLOCK,GD,TA,NO,ALQ,360,UNF,0,709,1069,GASA,TA,Y,SBRKR,1069,0,0,1069,0,0,2,0,2,1,TA,4,TYP,1,FA,ATTCHD,1977.0,RFN,2,440,TA,TA,Y,0,55,0,0,165,0,,,,0,7,2010-01-01,WD,NORMAL,127500
1423,120,RM,37.0,4435,PAVE,,REG,LVL,ALLPUB,INSIDE,GTL,COLLGCR,NORM,NORM,TWNHSE,1STORY,6,5,2003-01-01,2003-01-01,GABLE,COMPSHG,VINYLSD,VINYLSD,BRKFACE,170.0,GD,TA,PCONC,GD,TA,AV,GLQ,686,UNF,0,162,848,GASA,EX,Y,SBRKR,848,0,0,848,1,0,1,0,1,1,GD,3,TYP,0,,ATTCHD,2003.0,FIN,2,420,TA,TA,Y,140,0,0,0,0,0,,,,0,3,2008-01-01,WD,NORMAL,136500
1424,80,RL,,19690,PAVE,,IR1,LVL,ALLPUB,CULDSAC,GTL,EDWARDS,NORM,NORM,1FAM,SLVL,6,7,1966-01-01,1966-01-01,FLAT,TAR&GRV,PLYWOOD,PLYWOOD,,0.0,GD,GD,CBLOCK,GD,TA,AV,UNF,0,UNF,0,697,697,GASA,TA,Y,SBRKR,1575,626,0,2201,0,0,2,0,4,1,GD,8,TYP,1,GD,ATTCHD,1966.0,UNF,2,432,GD,GD,Y,586,236,0,0,0,738,GD,GDPRV,,0,8,2006-01-01,WD,ALLOCA,274970
1425,20,RL,,9503,PAVE,,REG,LVL,ALLPUB,INSIDE,GTL,NAMES,NORM,NORM,1FAM,1STORY,5,5,1958-01-01,1983-01-01,HIP,COMPSHG,HDBOARD,HDBOARD,,0.0,TA,TA,CBLOCK,TA,TA,NO,ALQ,457,REC,374,193,1024,GASA,TA,Y,SBRKR,1344,0,0,1344,1,0,1,0,2,1,TA,6,MIN1,1,TA,DETCHD,1970.0,UNF,1,484,TA,TA,Y,316,28,0,0,0,0,,GDWO,,0,6,2007-01-01,WD,NORMAL,144000
1426,20,RL,80.0,10721,PAVE,,IR1,LVL,ALLPUB,INSIDE,GTL,NAMES,NORM,NORM,1FAM,1STORY,6,6,1959-01-01,1959-01-01,HIP,COMPSHG,HDBOARD,HDBOARD,STONE,243.0,GD,TA,CBLOCK,TA,TA,NO,UNF,0,UNF,0,1252,1252,GASA,EX,Y,SBRKR,1252,0,0,1252,0,0,1,0,3,1,GD,7,TYP,0,,DETCHD,1960.0,UNF,2,528,TA,TA,Y,0,39,0,0,0,0,,,,0,10,2008-01-01,WD,NORMAL,142000
1427,60,RL,81.0,10944,PAVE,,IR1,LVL,ALLPUB,INSIDE,GTL,NORIDGE,NORM,NORM,1FAM,2STORY,7,5,1994-01-01,1994-01-01,GABLE,COMPSHG,VINYLSD,VINYLSD,BRKFACE,448.0,GD,TA,PCONC,GD,TA,NO,GLQ,1000,UNF,0,223,1223,GASA,EX,Y,SBRKR,1223,904,0,2127,1,0,2,1,3,1,GD,5,TYP,2,TA,ATTCHD,1994.0,RFN,2,525,TA,TA,Y,171,132,0,0,0,0,,,,0,8,2008-01-01,WD,NORMAL,271000
1428,50,RL,60.0,10930,PAVE,GRVL,REG,BNK,ALLPUB,INSIDE,GTL,NAMES,ARTERY,NORM,1FAM,1.5FIN,5,6,1945-01-01,1950-01-01,GABLE,COMPSHG,METALSD,METALSD,,0.0,TA,TA,CBLOCK,TA,TA,NO,BLQ,580,UNF,0,333,913,GASA,TA,Y,FUSEA,1048,510,0,1558,1,0,1,1,3,1,TA,6,TYP,1,TA,ATTCHD,1962.0,UNF,1,288,TA,TA,Y,0,0,0,0,0,0,,,,0,4,2008-01-01,WD,NORMAL,140000
1429,30,RM,60.0,7200,PAVE,,REG,LVL,ALLPUB,CORNER,GTL,OLDTOWN,NORM,NORM,1FAM,1STORY,5,7,1940-01-01,1992-01-01,GABLE,COMPSHG,METALSD,METALSD,STONE,294.0,TA,GD,CBLOCK,TA,TA,NO,BLQ,510,UNF,0,278,788,GASA,TA,Y,SBRKR,804,0,0,804,1,0,1,0,2,1,GD,4,TYP,2,GD,ATTCHD,1940.0,UNF,1,240,TA,TA,Y,0,0,154,0,0,0,,MNPRV,,0,2,2010-01-01,WD,ABNORML,119000
1430,20,RL,,12546,PAVE,,IR1,LVL,ALLPUB,CORNER,GTL,NWAMES,NORM,NORM,1FAM,1STORY,6,7,1981-01-01,1981-01-01,GABLE,COMPSHG,METALSD,METALSD,BRKFACE,310.0,GD,GD,CBLOCK,GD,TA,NO,BLQ,678,UNF,0,762,1440,GASA,EX,Y,SBRKR,1440,0,0,1440,0,0,2,0,3,1,GD,7,TYP,1,TA,ATTCHD,1981.0,FIN,2,467,TA,TA,Y,0,0,99,0,0,0,,,,0,4,2007-01-01,WD,NORMAL,182900
1431,60,RL,60.0,21930,PAVE,,IR3,LVL,ALLPUB,INSIDE,GTL,GILBERT,RRAN,NORM,1FAM,2STORY,5,5,2005-01-01,2005-01-01,GABLE,COMPSHG,VINYLSD,VINYLSD,,0.0,GD,TA,PCONC,GD,GD,AV,UNF,0,UNF,0,732,732,GASA,EX,Y,SBRKR,734,1104,0,1838,0,0,2,1,4,1,TA,7,TYP,1,GD,BUILTIN,2005.0,FIN,2,372,TA,TA,Y,100,40,0,0,0,0,,,,0,7,2006-01-01,WD,NORMAL,192140
1432,120,RL,,4928,PAVE,,IR1,LVL,ALLPUB,INSIDE,GTL,NPKVILL,NORM,NORM,TWNHSE,1STORY,6,6,1976-01-01,1976-01-01,GABLE,COMPSHG,PLYWOOD,PLYWOOD,,0.0,TA,TA,CBLOCK,GD,TA,NO,LWQ,958,UNF,0,0,958,GASA,TA,Y,SBRKR,958,0,0,958,0,0,2,0,2,1,TA,5,TYP,0,,ATTCHD,1976.0,RFN,2,440,TA,TA,Y,0,60,0,0,0,0,,,,0,10,2009-01-01,WD,NORMAL,143750
1433,30,RL,60.0,10800,PAVE,GRVL,REG,LVL,ALLPUB,INSIDE,GTL,OLDTOWN,NORM,NORM,1FAM,1STORY,4,6,1927-01-01,2007-01-01,GABLE,COMPSHG,WD SDNG,WD SDNG,,0.0,TA,TA,BRKTIL,TA,TA,NO,UNF,0,UNF,0,656,656,GASA,TA,Y,SBRKR,968,0,0,968,0,0,2,0,4,1,TA,5,TYP,0,,DETCHD,1928.0,UNF,1,216,FA,FA,Y,0,0,0,0,0,0,,,,0,8,2007-01-01,WD,NORMAL,64500
1434,60,RL,93.0,10261,PAVE,,IR1,LVL,ALLPUB,INSIDE,GTL,GILBERT,NORM,NORM,1FAM,2STORY,6,5,2000-01-01,2000-01-01,GABLE,COMPSHG,VINYLSD,VINYLSD,BRKFACE,318.0,TA,TA,PCONC,GD,TA,NO,UNF,0,UNF,0,936,936,GASA,EX,Y,SBRKR,962,830,0,1792,1,0,2,1,3,1,TA,8,TYP,1,TA,ATTCHD,2000.0,FIN,2,451,TA,TA,Y,0,0,0,0,0,0,,,,0,5,2008-01-01,WD,NORMAL,186500
1435,20,RL,80.0,17400,PAVE,,REG,LOW,ALLPUB,INSIDE,MOD,MITCHEL,NORM,NORM,1FAM,1STORY,5,5,1977-01-01,1977-01-01,GABLE,COMPSHG,BRKFACE,BRKFACE,,0.0,TA,TA,CBLOCK,TA,TA,NO,ALQ,936,UNF,0,190,1126,GASA,FA,Y,SBRKR,1126,0,0,1126,1,0,2,0,3,1,TA,5,TYP,1,GD,ATTCHD,1977.0,RFN,2,484,TA,TA,P,295,41,0,0,0,0,,,,0,5,2006-01-01,WD,NORMAL,160000
1436,20,RL,80.0,8400,PAVE,,REG,LVL,ALLPUB,INSIDE,GTL,NAMES,NORM,NORM,1FAM,1STORY,6,9,1962-01-01,2005-01-01,GABLE,COMPSHG,WD SDNG,WD SDNG,BRKFACE,237.0,GD,GD,CBLOCK,TA,TA,NO,UNF,0,UNF,0,1319,1319,GASA,TA,Y,SBRKR,1537,0,0,1537,1,0,1,1,3,1,GD,7,TYP,1,GD,ATTCHD,1962.0,RFN,2,462,TA,TA,Y,0,36,0,0,0,0,,GDPRV,,0,7,2008-01-01,COD,ABNORML,174000
1437,20,RL,60.0,9000,PAVE,,REG,LVL,ALLPUB,FR2,GTL,NAMES,NORM,NORM,1FAM,1STORY,4,6,1971-01-01,1971-01-01,GABLE,COMPSHG,HDBOARD,HDBOARD,,0.0,TA,TA,PCONC,TA,TA,NO,ALQ,616,UNF,0,248,864,GASA,TA,Y,SBRKR,864,0,0,864,0,0,1,0,3,1,TA,5,TYP,0,,DETCHD,1974.0,UNF,2,528,TA,TA,Y,0,0,0,0,0,0,,GDWO,,0,5,2007-01-01,WD,NORMAL,120500
1438,20,RL,96.0,12444,PAVE,,REG,LVL,ALLPUB,FR2,GTL,NRIDGHT,NORM,NORM,1FAM,1STORY,8,5,2008-01-01,2008-01-01,HIP,COMPSHG,VINYLSD,VINYLSD,STONE,426.0,EX,TA,PCONC,EX,TA,AV,GLQ,1336,UNF,0,596,1932,GASA,EX,Y,SBRKR,1932,0,0,1932,1,0,2,0,2,1,EX,7,TYP,1,GD,ATTCHD,2008.0,FIN,3,774,TA,TA,Y,0,66,0,304,0,0,,,,0,11,2008-01-01,NEW,PARTIAL,394617
1439,20,RM,90.0,7407,PAVE,,REG,LVL,ALLPUB,INSIDE,GTL,OLDTOWN,ARTERY,NORM,1FAM,1STORY,6,7,1957-01-01,1996-01-01,GABLE,COMPSHG,METALSD,METALSD,,0.0,TA,TA,CBLOCK,TA,TA,NO,GLQ,600,UNF,0,312,912,GASA,TA,Y,FUSEA,1236,0,0,1236,1,0,1,0,2,1,TA,6,TYP,0,,ATTCHD,1957.0,UNF,2,923,TA,TA,Y,0,158,158,0,0,0,,MNPRV,,0,4,2010-01-01,WD,NORMAL,149700
1440,60,RL,80.0,11584,PAVE,,REG,LVL,ALLPUB,INSIDE,GTL,NWAMES,NORM,NORM,1FAM,SLVL,7,6,1979-01-01,1979-01-01,HIP,COMPSHG,HDBOARD,HDBOARD,BRKFACE,96.0,TA,TA,CBLOCK,TA,TA,NO,GLQ,315,REC,110,114,539,GASA,TA,Y,SBRKR,1040,685,0,1725,0,0,2,1,3,1,TA,6,TYP,1,TA,ATTCHD,1979.0,RFN,2,550,TA,TA,Y,0,88,216,0,0,0,,,,0,11,2007-01-01,WD,NORMAL,197000
1441,70,RL,79.0,11526,PAVE,,IR1,BNK,ALLPUB,INSIDE,MOD,CRAWFOR,NORM,NORM,1FAM,2.5FIN,6,7,1922-01-01,1994-01-01,GABLE,COMPSHG,METALSD,METALSD,,0.0,TA,TA,BRKTIL,EX,TA,NO,UNF,0,UNF,0,588,588,GASA,FA,Y,SBRKR,1423,748,384,2555,0,0,2,0,3,1,TA,11,MIN1,1,GD,DETCHD,1993.0,FIN,2,672,TA,TA,Y,431,0,0,0,0,0,,,,0,9,2008-01-01,WD,NORMAL,191000
1442,120,RM,,4426,PAVE,,REG,LVL,ALLPUB,INSIDE,GTL,COLLGCR,NORM,NORM,TWNHSE,1STORY,6,5,2004-01-01,2004-01-01,GABLE,COMPSHG,VINYLSD,VINYLSD,BRKFACE,147.0,GD,TA,PCONC,GD,TA,AV,GLQ,697,UNF,0,151,848,GASA,EX,Y,SBRKR,848,0,0,848,1,0,1,0,1,1,GD,3,TYP,1,TA,ATTCHD,2004.0,RFN,2,420,TA,TA,Y,149,0,0,0,0,0,,,,0,5,2008-01-01,WD,NORMAL,149300
1443,60,FV,85.0,11003,PAVE,,REG,LVL,ALLPUB,INSIDE,GTL,SOMERST,NORM,NORM,1FAM,2STORY,10,5,2008-01-01,2008-01-01,GABLE,COMPSHG,VINYLSD,VINYLSD,STONE,160.0,EX,TA,PCONC,EX,TA,AV,GLQ,765,UNF,0,252,1017,GASA,EX,Y,SBRKR,1026,981,0,2007,1,0,2,1,3,1,EX,10,TYP,1,EX,ATTCHD,2008.0,FIN,3,812,TA,TA,Y,168,52,0,0,0,0,,,,0,4,2009-01-01,WD,NORMAL,310000
1444,30,RL,,8854,PAVE,,REG,LVL,ALLPUB,INSIDE,GTL,BRKSIDE,NORM,NORM,1FAM,1.5UNF,6,6,1916-01-01,1950-01-01,GABLE,COMPSHG,WD SDNG,WD SDNG,,0.0,TA,TA,BRKTIL,TA,TA,NO,UNF,0,UNF,0,952,952,GRAV,FA,N,FUSEF,952,0,0,952,0,0,1,0,2,1,FA,4,TYP,1,GD,DETCHD,1916.0,UNF,1,192,FA,PO,P,0,98,0,0,40,0,,,,0,5,2009-01-01,WD,NORMAL,121000
1445,20,RL,63.0,8500,PAVE,,REG,LVL,ALLPUB,FR2,GTL,COLLGCR,NORM,NORM,1FAM,1STORY,7,5,2004-01-01,2004-01-01,GABLE,COMPSHG,VINYLSD,VINYLSD,BRKFACE,106.0,GD,TA,PCONC,GD,TA,AV,UNF,0,UNF,0,1422,1422,GASA,EX,Y,SBRKR,1422,0,0,1422,0,0,2,0,3,1,GD,7,TYP,0,,ATTCHD,2004.0,RFN,2,626,TA,TA,Y,192,60,0,0,0,0,,,,0,11,2007-01-01,WD,NORMAL,179600
1446,85,RL,70.0,8400,PAVE,,REG,LVL,ALLPUB,INSIDE,GTL,SAWYER,NORM,NORM,1FAM,SFOYER,6,5,1966-01-01,1966-01-01,GABLE,COMPSHG,VINYLSD,VINYLSD,,0.0,TA,TA,CBLOCK,TA,TA,GD,LWQ,187,REC,627,0,814,GASA,GD,Y,SBRKR,913,0,0,913,1,0,1,0,3,1,TA,6,TYP,0,,DETCHD,1990.0,UNF,1,240,TA,TA,Y,0,0,252,0,0,0,,,,0,5,2007-01-01,WD,NORMAL,129000
1447,20,RL,,26142,PAVE,,IR1,LVL,ALLPUB,CULDSAC,GTL,MITCHEL,NORM,NORM,1FAM,1STORY,5,7,1962-01-01,1962-01-01,GABLE,COMPSHG,HDBOARD,HDBOARD,BRKFACE,189.0,TA,TA,CBLOCK,TA,TA,NO,REC,593,UNF,0,595,1188,GASA,TA,Y,SBRKR,1188,0,0,1188,0,0,1,0,3,1,TA,6,TYP,0,,ATTCHD,1962.0,UNF,1,312,TA,TA,P,261,39,0,0,0,0,,,,0,4,2010-01-01,WD,NORMAL,157900
1448,60,RL,80.0,10000,PAVE,,REG,LVL,ALLPUB,INSIDE,GTL,COLLGCR,NORM,NORM,1FAM,2STORY,8,5,1995-01-01,1996-01-01,GABLE,COMPSHG,VINYLSD,VINYLSD,BRKFACE,438.0,GD,TA,PCONC,GD,TA,NO,GLQ,1079,UNF,0,141,1220,GASA,EX,Y,SBRKR,1220,870,0,2090,1,0,2,1,3,1,GD,8,TYP,1,TA,ATTCHD,1995.0,RFN,2,556,TA,TA,Y,0,65,0,0,0,0,,,,0,12,2007-01-01,WD,NORMAL,240000
1449,50,RL,70.0,11767,PAVE,,REG,LVL,ALLPUB,INSIDE,GTL,EDWARDS,NORM,NORM,1FAM,2STORY,4,7,1910-01-01,2000-01-01,GABLE,COMPSHG,METALSD,HDBOARD,,0.0,TA,TA,CBLOCK,FA,TA,NO,UNF,0,UNF,0,560,560,GASA,GD,N,SBRKR,796,550,0,1346,0,0,1,1,2,1,TA,6,MIN2,0,,DETCHD,1950.0,UNF,1,384,FA,TA,Y,168,24,0,0,0,0,,GDWO,,0,5,2007-01-01,WD,NORMAL,112000
1450,180,RM,21.0,1533,PAVE,,REG,LVL,ALLPUB,INSIDE,GTL,MEADOWV,NORM,NORM,TWNHS,SFOYER,5,7,1970-01-01,1970-01-01,GABLE,COMPSHG,CEMNTBD,CMENTBD,,0.0,TA,TA,CBLOCK,GD,TA,AV,GLQ,553,UNF,0,77,630,GASA,EX,Y,SBRKR,630,0,0,630,1,0,1,0,1,1,EX,3,TYP,0,,,,,0,0,,,Y,0,0,0,0,0,0,,,,0,8,2006-01-01,WD,ABNORML,92000
1451,90,RL,60.0,9000,PAVE,,REG,LVL,ALLPUB,FR2,GTL,NAMES,NORM,NORM,DUPLEX,2STORY,5,5,1974-01-01,1974-01-01,GABLE,COMPSHG,VINYLSD,VINYLSD,,0.0,TA,TA,CBLOCK,GD,TA,NO,UNF,0,UNF,0,896,896,GASA,TA,Y,SBRKR,896,896,0,1792,0,0,2,2,4,2,TA,8,TYP,0,,,,,0,0,,,Y,32,45,0,0,0,0,,,,0,9,2009-01-01,WD,NORMAL,136000
1452,20,RL,78.0,9262,PAVE,,REG,LVL,ALLPUB,INSIDE,GTL,SOMERST,NORM,NORM,1FAM,1STORY,8,5,2008-01-01,2009-01-01,GABLE,COMPSHG,CEMNTBD,CMENTBD,STONE,194.0,GD,TA,PCONC,GD,TA,NO,UNF,0,UNF,0,1573,1573,GASA,EX,Y,SBRKR,1578,0,0,1578,0,0,2,0,3,1,EX,7,TYP,1,GD,ATTCHD,2008.0,FIN,3,840,TA,TA,Y,0,36,0,0,0,0,,,,0,5,2009-01-01,NEW,PARTIAL,287090
1453,180,RM,35.0,3675,PAVE,,REG,LVL,ALLPUB,INSIDE,GTL,EDWARDS,NORM,NORM,TWNHSE,SLVL,5,5,2005-01-01,2005-01-01,GABLE,COMPSHG,VINYLSD,VINYLSD,BRKFACE,80.0,TA,TA,PCONC,GD,TA,GD,GLQ,547,UNF,0,0,547,GASA,GD,Y,SBRKR,1072,0,0,1072,1,0,1,0,2,1,TA,5,TYP,0,,BASMENT,2005.0,FIN,2,525,TA,TA,Y,0,28,0,0,0,0,,,,0,5,2006-01-01,WD,NORMAL,145000
1454,20,RL,90.0,17217,PAVE,,REG,LVL,ALLPUB,INSIDE,GTL,MITCHEL,NORM,NORM,1FAM,1STORY,5,5,2006-01-01,2006-01-01,GABLE,COMPSHG,VINYLSD,VINYLSD,,0.0,TA,TA,PCONC,GD,TA,NO,UNF,0,UNF,0,1140,1140,GASA,EX,Y,SBRKR,1140,0,0,1140,0,0,1,0,3,1,TA,6,TYP,0,,,,,0,0,,,Y,36,56,0,0,0,0,,,,0,7,2006-01-01,WD,ABNORML,84500
1455,20,FV,62.0,7500,PAVE,PAVE,REG,LVL,ALLPUB,INSIDE,GTL,SOMERST,NORM,NORM,1FAM,1STORY,7,5,2004-01-01,2005-01-01,GABLE,COMPSHG,VINYLSD,VINYLSD,,0.0,GD,TA,PCONC,GD,TA,NO,GLQ,410,UNF,0,811,1221,GASA,EX,Y,SBRKR,1221,0,0,1221,1,0,2,0,2,1,GD,6,TYP,0,,ATTCHD,2004.0,RFN,2,400,TA,TA,Y,0,113,0,0,0,0,,,,0,10,2009-01-01,WD,NORMAL,185000
1456,60,RL,62.0,7917,PAVE,,REG,LVL,ALLPUB,INSIDE,GTL,GILBERT,NORM,NORM,1FAM,2STORY,6,5,1999-01-01,2000-01-01,GABLE,COMPSHG,VINYLSD,VINYLSD,,0.0,TA,TA,PCONC,GD,TA,NO,UNF,0,UNF,0,953,953,GASA,EX,Y,SBRKR,953,694,0,1647,0,0,2,1,3,1,TA,7,TYP,1,TA,ATTCHD,1999.0,RFN,2,460,TA,TA,Y,0,40,0,0,0,0,,,,0,8,2007-01-01,WD,NORMAL,175000
1457,20,RL,85.0,13175,PAVE,,REG,LVL,ALLPUB,INSIDE,GTL,NWAMES,NORM,NORM,1FAM,1STORY,6,6,1978-01-01,1988-01-01,GABLE,COMPSHG,PLYWOOD,PLYWOOD,STONE,119.0,TA,TA,CBLOCK,GD,TA,NO,ALQ,790,REC,163,589,1542,GASA,TA,Y,SBRKR,2073,0,0,2073,1,0,2,0,3,1,TA,7,MIN1,2,TA,ATTCHD,1978.0,UNF,2,500,TA,TA,Y,349,0,0,0,0,0,,MNPRV,,0,2,2010-01-01,WD,NORMAL,210000
1458,70,RL,66.0,9042,PAVE,,REG,LVL,ALLPUB,INSIDE,GTL,CRAWFOR,NORM,NORM,1FAM,2STORY,7,9,1941-01-01,2006-01-01,GABLE,COMPSHG,CEMNTBD,CMENTBD,,0.0,EX,GD,STONE,TA,GD,NO,GLQ,275,UNF,0,877,1152,GASA,EX,Y,SBRKR,1188,1152,0,2340,0,0,2,0,4,1,GD,9,TYP,2,GD,ATTCHD,1941.0,RFN,1,252,TA,TA,Y,0,60,0,0,0,0,,GDPRV,SHED,2500,5,2010-01-01,WD,NORMAL,266500
1459,20,RL,68.0,9717,PAVE,,REG,LVL,ALLPUB,INSIDE,GTL,NAMES,NORM,NORM,1FAM,1STORY,5,6,1950-01-01,1996-01-01,HIP,COMPSHG,METALSD,METALSD,,0.0,TA,TA,CBLOCK,TA,TA,MN,GLQ,49,REC,1029,0,1078,GASA,GD,Y,FUSEA,1078,0,0,1078,1,0,1,0,2,1,GD,5,TYP,0,,ATTCHD,1950.0,UNF,1,240,TA,TA,Y,366,0,112,0,0,0,,,,0,4,2010-01-01,WD,NORMAL,142125
1460,20,RL,75.0,9937,PAVE,,REG,LVL,ALLPUB,INSIDE,GTL,EDWARDS,NORM,NORM,1FAM,1STORY,5,6,1965-01-01,1965-01-01,GABLE,COMPSHG,HDBOARD,HDBOARD,,0.0,GD,TA,CBLOCK,TA,TA,NO,BLQ,830,LWQ,290,136,1256,GASA,GD,Y,SBRKR,1256,0,0,1256,1,0,1,1,3,1,TA,6,TYP,0,,ATTCHD,1965.0,FIN,1,276,TA,TA,Y,736,68,0,0,0,0,,,,0,6,2008-01-01,WD,NORMAL,147500
